ranking_source,ranking_season,ranking_date,ranking_type,scoring_format,overall_rank,position_rank,player_name,sleeper_player_id,position,projected_points,auction_value,bye_week,team,notes,source_row
FantasyPros ECR,2023,2023-09-08,draft,half_ppr,1,WR1,Justin Jefferson,6794,WR,,,13,MIN,FantasyPros updated timestamp: 1694132397; average rank: 1.67; best: 1; worst: 10; stddev: 1.43; experts: 237; Sleeper match: matched_name_position. Near-draft proxy only; historical endpoint was finalized after the Bishop auction.,2
FantasyPros ECR,2023,2023-09-08,draft,half_ppr,2,RB1,Christian McCaffrey,4034,RB,,,9,SF,FantasyPros updated timestamp: 1694132397; average rank: 2.80; best: 1; worst: 12; stddev: 1.85; experts: 237; Sleeper match: matched_name. Near-draft proxy only; historical endpoint was finalized after the Bishop auction.,3
FantasyPros ECR,2023,2023-09-08,draft,half_ppr,3,WR2,Ja'Marr Chase,7564,WR,,,7,CIN,FantasyPros updated timestamp: 1694132397; average rank: 3.51; best: 1; worst: 11; stddev: 2.06; experts: 237; Sleeper match: matched_name. Near-draft proxy only; historical endpoint was finalized after the Bishop auction.,4
FantasyPros ECR,2023,2023-09-08,draft,half_ppr,4,RB2,Austin Ekeler,4663,RB,,,,FA,FantasyPros updated timestamp: 1694132397; average rank: 5.65; best: 1; worst: 21; stddev: 3.51; experts: 237; Sleeper match: matched_name. Near-draft proxy only; historical endpoint was finalized after the Bishop auction.,5
FantasyPros ECR,2023,2023-09-08,draft,half_ppr,5,WR3,Tyreek Hill,3321,WR,,,,FA,FantasyPros updated timestamp: 1694132397; average rank: 6.29; best: 1; worst: 18; stddev: 2.73; experts: 237; Sleeper match: matched_name. Near-draft proxy only; historical endpoint was finalized after the Bishop auction.,6
FantasyPros ECR,2023,2023-09-08,draft,half_ppr,6,RB3,Bijan Robinson,9509,RB,,,11,ATL,FantasyPros updated timestamp: 1694132397; average rank: 7.93; best: 2; worst: 43; stddev: 4.35; experts: 237; Sleeper match: matched_name. Near-draft proxy only; historical endpoint was finalized after the Bishop auction.,7
FantasyPros ECR,2023,2023-09-08,draft,half_ppr,7,RB4,Nick Chubb,4988,RB,,,,FA,FantasyPros updated timestamp: 1694132397; average rank: 8.63; best: 1; worst: 35; stddev: 4.45; experts: 237; Sleeper match: matched_name. Near-draft proxy only; historical endpoint was finalized after the Bishop auction.,8
FantasyPros ECR,2023,2023-09-08,draft,half_ppr,8,RB5,Saquon Barkley,4866,RB,,,10,PHI,FantasyPros updated timestamp: 1694132397; average rank: 9.88; best: 2; worst: 20; stddev: 3.79; experts: 237; Sleeper match: matched_name. Near-draft proxy only; historical endpoint was finalized after the Bishop auction.,9
FantasyPros ECR,2023,2023-09-08,draft,half_ppr,9,WR4,Stefon Diggs,2449,WR,,,14,WAS,FantasyPros updated timestamp: 1694132397; average rank: 10.27; best: 4; worst: 21; stddev: 3.25; experts: 237; Sleeper match: matched_name. Near-draft proxy only; historical endpoint was finalized after the Bishop auction.,10
FantasyPros ECR,2023,2023-09-08,draft,half_ppr,10,RB6,Tony Pollard,5967,RB,,,7,TEN,FantasyPros updated timestamp: 1694132397; average rank: 12.57; best: 2; worst: 40; stddev: 4.97; experts: 237; Sleeper match: matched_name. Near-draft proxy only; historical endpoint was finalized after the Bishop auction.,11
FantasyPros ECR,2023,2023-09-08,draft,half_ppr,11,WR5,CeeDee Lamb,6786,WR,,,7,DAL,FantasyPros updated timestamp: 1694132397; average rank: 12.61; best: 4; worst: 30; stddev: 3.73; experts: 237; Sleeper match: matched_name. Near-draft proxy only; historical endpoint was finalized after the Bishop auction.,12
FantasyPros ECR,2023,2023-09-08,draft,half_ppr,12,TE1,Travis Kelce,1466,TE,,,10,KC,FantasyPros updated timestamp: 1694132397; average rank: 10.82; best: 2; worst: 67; stddev: 11.52; experts: 235; Sleeper match: matched_name. Near-draft proxy only; historical endpoint was finalized after the Bishop auction.,13
FantasyPros ECR,2023,2023-09-08,draft,half_ppr,13,WR6,A.J. Brown,5859,WR,,,11,NE,FantasyPros updated timestamp: 1694132397; average rank: 13.86; best: 5; worst: 37; stddev: 4.37; experts: 237; Sleeper match: matched_name. Near-draft proxy only; historical endpoint was finalized after the Bishop auction.,14
FantasyPros ECR,2023,2023-09-08,draft,half_ppr,14,WR7,Amon-Ra St. Brown,7547,WR,,,9,DET,FantasyPros updated timestamp: 1694132397; average rank: 14.36; best: 5; worst: 34; stddev: 4.32; experts: 237; Sleeper match: matched_name. Near-draft proxy only; historical endpoint was finalized after the Bishop auction.,15
FantasyPros ECR,2023,2023-09-08,draft,half_ppr,15,RB7,Derrick Henry,3198,RB,,,13,BAL,FantasyPros updated timestamp: 1694132397; average rank: 15.51; best: 4; worst: 35; stddev: 5.05; experts: 237; Sleeper match: matched_name. Near-draft proxy only; historical endpoint was finalized after the Bishop auction.,16
FantasyPros ECR,2023,2023-09-08,draft,half_ppr,16,WR8,Davante Adams,2133,WR,,,10,LAR,FantasyPros updated timestamp: 1694132397; average rank: 15.83; best: 6; worst: 32; stddev: 4.30; experts: 237; Sleeper match: matched_name. Near-draft proxy only; historical endpoint was finalized after the Bishop auction.,17
FantasyPros ECR,2023,2023-09-08,draft,half_ppr,17,WR9,Garrett Wilson,8146,WR,,,7,NYJ,FantasyPros updated timestamp: 1694132397; average rank: 16.65; best: 3; worst: 47; stddev: 4.93; experts: 237; Sleeper match: matched_name. Near-draft proxy only; historical endpoint was finalized after the Bishop auction.,18
FantasyPros ECR,2023,2023-09-08,draft,half_ppr,18,RB8,Josh Jacobs,5850,RB,,,6,GB,FantasyPros updated timestamp: 1694132397; average rank: 17.55; best: 5; worst: 44; stddev: 6.24; experts: 237; Sleeper match: matched_name. Near-draft proxy only; historical endpoint was finalized after the Bishop auction.,19
FantasyPros ECR,2023,2023-09-08,draft,half_ppr,19,WR10,Jaylen Waddle,7526,WR,,,9,DEN,FantasyPros updated timestamp: 1694132397; average rank: 21.10; best: 9; worst: 40; stddev: 4.36; experts: 237; Sleeper match: matched_name. Near-draft proxy only; historical endpoint was finalized after the Bishop auction.,20
FantasyPros ECR,2023,2023-09-08,draft,half_ppr,20,WR11,Chris Olave,8144,WR,,,11,NO,FantasyPros updated timestamp: 1694132397; average rank: 24.02; best: 14; worst: 66; stddev: 6.59; experts: 237; Sleeper match: matched_name. Near-draft proxy only; historical endpoint was finalized after the Bishop auction.,21
FantasyPros ECR,2023,2023-09-08,draft,half_ppr,21,RB9,Rhamondre Stevenson,7611,RB,,,11,NE,FantasyPros updated timestamp: 1694132397; average rank: 26.56; best: 9; worst: 61; stddev: 8.58; experts: 237; Sleeper match: matched_name. Near-draft proxy only; historical endpoint was finalized after the Bishop auction.,22
FantasyPros ECR,2023,2023-09-08,draft,half_ppr,22,RB10,Joe Mixon,4018,RB,,,,FA,FantasyPros updated timestamp: 1694132397; average rank: 27.20; best: 12; worst: 73; stddev: 11.37; experts: 237; Sleeper match: matched_name. Near-draft proxy only; historical endpoint was finalized after the Bishop auction.,23
FantasyPros ECR,2023,2023-09-08,draft,half_ppr,23,WR12,DeVonta Smith,7525,WR,,,10,PHI,FantasyPros updated timestamp: 1694132397; average rank: 28.23; best: 17; worst: 78; stddev: 7.90; experts: 237; Sleeper match: matched_name_position. Near-draft proxy only; historical endpoint was finalized after the Bishop auction.,24
FantasyPros ECR,2023,2023-09-08,draft,half_ppr,24,QB1,Patrick Mahomes II,4046,QB,,,10,KC,FantasyPros updated timestamp: 1694132397; average rank: 28.73; best: 16; worst: 50; stddev: 6.59; experts: 236; Sleeper match: matched_name. Near-draft proxy only; historical endpoint was finalized after the Bishop auction.,25
FantasyPros ECR,2023,2023-09-08,draft,half_ppr,25,WR13,Tee Higgins,6801,WR,,,7,CIN,FantasyPros updated timestamp: 1694132397; average rank: 29.05; best: 18; worst: 59; stddev: 6.28; experts: 237; Sleeper match: matched_name. Near-draft proxy only; historical endpoint was finalized after the Bishop auction.,26
FantasyPros ECR,2023,2023-09-08,draft,half_ppr,26,QB2,Jalen Hurts,6904,QB,,,10,PHI,FantasyPros updated timestamp: 1694132397; average rank: 29.36; best: 12; worst: 75; stddev: 8.22; experts: 236; Sleeper match: matched_name. Near-draft proxy only; historical endpoint was finalized after the Bishop auction.,27
FantasyPros ECR,2023,2023-09-08,draft,half_ppr,27,QB3,Josh Allen,4984,QB,,,13,BUF,FantasyPros updated timestamp: 1694132397; average rank: 29.38; best: 11; worst: 53; stddev: 6.85; experts: 236; Sleeper match: matched_name_position. Near-draft proxy only; historical endpoint was finalized after the Bishop auction.,28
FantasyPros ECR,2023,2023-09-08,draft,half_ppr,28,WR14,Cooper Kupp,4039,WR,,,5,SEA,FantasyPros updated timestamp: 1694132397; average rank: 30.65; best: 3; worst: 97; stddev: 18.89; experts: 237; Sleeper match: matched_name. Near-draft proxy only; historical endpoint was finalized after the Bishop auction.,29
FantasyPros ECR,2023,2023-09-08,draft,half_ppr,29,TE2,Mark Andrews,5012,TE,,,13,BAL,FantasyPros updated timestamp: 1694132397; average rank: 30.66; best: 5; worst: 72; stddev: 11.45; experts: 237; Sleeper match: matched_name. Near-draft proxy only; historical endpoint was finalized after the Bishop auction.,30
FantasyPros ECR,2023,2023-09-08,draft,half_ppr,30,RB11,Najee Harris,7528,RB,,,13,NYG,FantasyPros updated timestamp: 1694132397; average rank: 31.37; best: 12; worst: 81; stddev: 11.31; experts: 237; Sleeper match: matched_name. Near-draft proxy only; historical endpoint was finalized after the Bishop auction.,31
FantasyPros ECR,2023,2023-09-08,draft,half_ppr,31,RB12,Jahmyr Gibbs,9221,RB,,,9,DET,FantasyPros updated timestamp: 1694132397; average rank: 32.39; best: 8; worst: 73; stddev: 11.03; experts: 237; Sleeper match: matched_name. Near-draft proxy only; historical endpoint was finalized after the Bishop auction.,32
FantasyPros ECR,2023,2023-09-08,draft,half_ppr,32,RB13,Travis Etienne Jr.,7543,RB,,,11,NO,FantasyPros updated timestamp: 1694132397; average rank: 33.00; best: 13; worst: 69; stddev: 10.38; experts: 237; Sleeper match: matched_name. Near-draft proxy only; historical endpoint was finalized after the Bishop auction.,33
FantasyPros ECR,2023,2023-09-08,draft,half_ppr,33,WR15,DK Metcalf,5846,WR,,,6,PIT,FantasyPros updated timestamp: 1694132397; average rank: 33.23; best: 17; worst: 63; stddev: 7.43; experts: 237; Sleeper match: matched_name. Near-draft proxy only; historical endpoint was finalized after the Bishop auction.,34
FantasyPros ECR,2023,2023-09-08,draft,half_ppr,34,WR16,Calvin Ridley,4981,WR,,,7,TEN,FantasyPros updated timestamp: 1694132397; average rank: 33.98; best: 13; worst: 71; stddev: 11.25; experts: 237; Sleeper match: matched_name. Near-draft proxy only; historical endpoint was finalized after the Bishop auction.,35
FantasyPros ECR,2023,2023-09-08,draft,half_ppr,35,WR17,Keenan Allen,1479,WR,,,11,IND,FantasyPros updated timestamp: 1694132397; average rank: 36.14; best: 16; worst: 81; stddev: 9.00; experts: 237; Sleeper match: matched_name. Near-draft proxy only; historical endpoint was finalized after the Bishop auction.,36
FantasyPros ECR,2023,2023-09-08,draft,half_ppr,36,RB14,Aaron Jones Sr.,4199,RB,,,13,MIN,FantasyPros updated timestamp: 1694132397; average rank: 36.86; best: 16; worst: 78; stddev: 12.22; experts: 237; Sleeper match: matched_name. Near-draft proxy only; historical endpoint was finalized after the Bishop auction.,37
FantasyPros ECR,2023,2023-09-08,draft,half_ppr,37,WR18,Amari Cooper,2309,WR,,,,FA,FantasyPros updated timestamp: 1694132397; average rank: 37.56; best: 17; worst: 71; stddev: 8.75; experts: 237; Sleeper match: matched_name. Near-draft proxy only; historical endpoint was finalized after the Bishop auction.,38
FantasyPros ECR,2023,2023-09-08,draft,half_ppr,38,QB4,Lamar Jackson,4881,QB,,,13,BAL,FantasyPros updated timestamp: 1694132397; average rank: 41.97; best: 22; worst: 119; stddev: 13.00; experts: 236; Sleeper match: matched_name_position. Near-draft proxy only; historical endpoint was finalized after the Bishop auction.,39
FantasyPros ECR,2023,2023-09-08,draft,half_ppr,39,WR19,Deebo Samuel Sr.,5872,WR,,,9,SF,FantasyPros updated timestamp: 1694132397; average rank: 42.62; best: 13; worst: 80; stddev: 12.37; experts: 237; Sleeper match: matched_name. Near-draft proxy only; historical endpoint was finalized after the Bishop auction.,40
FantasyPros ECR,2023,2023-09-08,draft,half_ppr,40,RB15,Kenneth Walker III,8151,RB,,,10,KC,FantasyPros updated timestamp: 1694132397; average rank: 44.92; best: 13; worst: 89; stddev: 12.37; experts: 237; Sleeper match: matched_name_position. Near-draft proxy only; historical endpoint was finalized after the Bishop auction.,41
FantasyPros ECR,2023,2023-09-08,draft,half_ppr,41,RB16,Breece Hall,8155,RB,,,7,NYJ,FantasyPros updated timestamp: 1694132397; average rank: 45.36; best: 7; worst: 97; stddev: 15.10; experts: 237; Sleeper match: matched_name. Near-draft proxy only; historical endpoint was finalized after the Bishop auction.,42
FantasyPros ECR,2023,2023-09-08,draft,half_ppr,42,WR20,DJ Moore,4983,WR,,,13,BUF,FantasyPros updated timestamp: 1694132397; average rank: 45.78; best: 22; worst: 72; stddev: 9.59; experts: 237; Sleeper match: matched_name_position. Near-draft proxy only; historical endpoint was finalized after the Bishop auction.,43
FantasyPros ECR,2023,2023-09-08,draft,half_ppr,43,RB17,Dameon Pierce,8129,RB,,,10,PHI,FantasyPros updated timestamp: 1694132397; average rank: 46.74; best: 18; worst: 90; stddev: 14.25; experts: 237; Sleeper match: matched_name. Near-draft proxy only; historical endpoint was finalized after the Bishop auction.,44
FantasyPros ECR,2023,2023-09-08,draft,half_ppr,44,QB5,Joe Burrow,6770,QB,,,7,CIN,FantasyPros updated timestamp: 1694132397; average rank: 48.74; best: 24; worst: 100; stddev: 11.67; experts: 236; Sleeper match: matched_name. Near-draft proxy only; historical endpoint was finalized after the Bishop auction.,45
FantasyPros ECR,2023,2023-09-08,draft,half_ppr,45,RB18,Miles Sanders,6151,RB,,,,FA,FantasyPros updated timestamp: 1694132397; average rank: 50.93; best: 23; worst: 97; stddev: 13.40; experts: 237; Sleeper match: matched_name. Near-draft proxy only; historical endpoint was finalized after the Bishop auction.,46
FantasyPros ECR,2023,2023-09-08,draft,half_ppr,46,WR21,DeAndre Hopkins,1426,WR,,,13,BAL,FantasyPros updated timestamp: 1694132397; average rank: 51.27; best: 17; worst: 96; stddev: 11.29; experts: 237; Sleeper match: matched_name. Near-draft proxy only; historical endpoint was finalized after the Bishop auction.,47
FantasyPros ECR,2023,2023-09-08,draft,half_ppr,47,RB19,Alexander Mattison,5987,RB,,,,FA,FantasyPros updated timestamp: 1694132397; average rank: 51.32; best: 14; worst: 134; stddev: 17.16; experts: 237; Sleeper match: matched_name. Near-draft proxy only; historical endpoint was finalized after the Bishop auction.,48
FantasyPros ECR,2023,2023-09-08,draft,half_ppr,48,WR22,Christian Watson,8167,WR,,,6,GB,FantasyPros updated timestamp: 1694132397; average rank: 52.10; best: 28; worst: 99; stddev: 12.14; experts: 237; Sleeper match: matched_name. Near-draft proxy only; historical endpoint was finalized after the Bishop auction.,49
FantasyPros ECR,2023,2023-09-08,draft,half_ppr,49,QB6,Justin Herbert,6797,QB,,,5,LAC,FantasyPros updated timestamp: 1694132397; average rank: 52.40; best: 27; worst: 88; stddev: 13.71; experts: 236; Sleeper match: matched_name. Near-draft proxy only; historical endpoint was finalized after the Bishop auction.,50
FantasyPros ECR,2023,2023-09-08,draft,half_ppr,50,WR23,Drake London,8112,WR,,,11,ATL,FantasyPros updated timestamp: 1694132397; average rank: 52.79; best: 30; worst: 98; stddev: 10.56; experts: 237; Sleeper match: matched_name. Near-draft proxy only; historical endpoint was finalized after the Bishop auction.,51
FantasyPros ECR,2023,2023-09-08,draft,half_ppr,51,QB7,Justin Fields,7591,QB,,,10,KC,FantasyPros updated timestamp: 1694132397; average rank: 53.03; best: 21; worst: 99; stddev: 14.68; experts: 236; Sleeper match: matched_name. Near-draft proxy only; historical endpoint was finalized after the Bishop auction.,52
FantasyPros ECR,2023,2023-09-08,draft,half_ppr,52,TE3,T.J. Hockenson,5844,TE,,,13,MIN,FantasyPros updated timestamp: 1694132397; average rank: 53.47; best: 5; worst: 102; stddev: 15.29; experts: 237; Sleeper match: matched_name. Near-draft proxy only; historical endpoint was finalized after the Bishop auction.,53
FantasyPros ECR,2023,2023-09-08,draft,half_ppr,53,WR24,Tyler Lockett,2374,WR,,,13,LV,FantasyPros updated timestamp: 1694132397; average rank: 56.55; best: 31; worst: 98; stddev: 11.15; experts: 237; Sleeper match: matched_name. Near-draft proxy only; historical endpoint was finalized after the Bishop auction.,54
FantasyPros ECR,2023,2023-09-08,draft,half_ppr,54,WR25,Brandon Aiyuk,6803,WR,,,9,SF,FantasyPros updated timestamp: 1694132397; average rank: 56.58; best: 30; worst: 104; stddev: 11.99; experts: 237; Sleeper match: matched_name. Near-draft proxy only; historical endpoint was finalized after the Bishop auction.,55
FantasyPros ECR,2023,2023-09-08,draft,half_ppr,55,WR26,Terry McLaurin,5927,WR,,,14,WAS,FantasyPros updated timestamp: 1694132397; average rank: 56.86; best: 31; worst: 98; stddev: 10.78; experts: 237; Sleeper match: matched_name. Near-draft proxy only; historical endpoint was finalized after the Bishop auction.,56
FantasyPros ECR,2023,2023-09-08,draft,half_ppr,56,WR27,Chris Godwin Jr.,4037,WR,,,5,TB,FantasyPros updated timestamp: 1694132397; average rank: 56.87; best: 31; worst: 96; stddev: 9.84; experts: 236; Sleeper match: matched_name. Near-draft proxy only; historical endpoint was finalized after the Bishop auction.,57
FantasyPros ECR,2023,2023-09-08,draft,half_ppr,57,RB20,Cam Akers,6938,RB,,,,FA,FantasyPros updated timestamp: 1694132397; average rank: 57.40; best: 21; worst: 127; stddev: 15.02; experts: 237; Sleeper match: matched_name. Near-draft proxy only; historical endpoint was finalized after the Bishop auction.,58
FantasyPros ECR,2023,2023-09-08,draft,half_ppr,58,WR28,Mike Williams,,WR,,,,FA,FantasyPros updated timestamp: 1694132397; average rank: 58.21; best: 31; worst: 100; stddev: 12.38; experts: 237; Sleeper match: ambiguous_name. Near-draft proxy only; historical endpoint was finalized after the Bishop auction.,59
FantasyPros ECR,2023,2023-09-08,draft,half_ppr,59,TE4,Darren Waller,2505,TE,,,7,CAR,FantasyPros updated timestamp: 1694132397; average rank: 58.29; best: 7; worst: 105; stddev: 16.11; experts: 237; Sleeper match: matched_name. Near-draft proxy only; historical endpoint was finalized after the Bishop auction.,60
FantasyPros ECR,2023,2023-09-08,draft,half_ppr,60,WR29,Diontae Johnson,5937,WR,,,,FA,FantasyPros updated timestamp: 1694132397; average rank: 59.21; best: 29; worst: 103; stddev: 12.41; experts: 237; Sleeper match: matched_name. Near-draft proxy only; historical endpoint was finalized after the Bishop auction.,61
FantasyPros ECR,2023,2023-09-08,draft,half_ppr,61,RB21,James Conner,4137,RB,,,14,ARI,FantasyPros updated timestamp: 1694132397; average rank: 61.45; best: 16; worst: 99; stddev: 14.53; experts: 237; Sleeper match: matched_name. Near-draft proxy only; historical endpoint was finalized after the Bishop auction.,62
FantasyPros ECR,2023,2023-09-08,draft,half_ppr,62,RB22,Rachaad White,8136,RB,,,14,WAS,FantasyPros updated timestamp: 1694132397; average rank: 63.72; best: 30; worst: 98; stddev: 13.37; experts: 237; Sleeper match: matched_name. Near-draft proxy only; historical endpoint was finalized after the Bishop auction.,63
FantasyPros ECR,2023,2023-09-08,draft,half_ppr,63,RB23,James Cook III,8138,RB,,,13,BUF,FantasyPros updated timestamp: 1694132397; average rank: 65.29; best: 30; worst: 118; stddev: 14.54; experts: 237; Sleeper match: matched_name. Near-draft proxy only; historical endpoint was finalized after the Bishop auction.,64
FantasyPros ECR,2023,2023-09-08,draft,half_ppr,64,QB8,Trevor Lawrence,7523,QB,,,9,JAC,FantasyPros updated timestamp: 1694132397; average rank: 65.49; best: 38; worst: 116; stddev: 12.72; experts: 236; Sleeper match: matched_name. Near-draft proxy only; historical endpoint was finalized after the Bishop auction.,65
FantasyPros ECR,2023,2023-09-08,draft,half_ppr,65,WR30,Christian Kirk,4950,WR,,,9,SF,FantasyPros updated timestamp: 1694132397; average rank: 65.58; best: 32; worst: 107; stddev: 13.93; experts: 237; Sleeper match: matched_name. Near-draft proxy only; historical endpoint was finalized after the Bishop auction.,66
FantasyPros ECR,2023,2023-09-08,draft,half_ppr,66,RB24,Javonte Williams,7588,RB,,,7,DAL,FantasyPros updated timestamp: 1694132397; average rank: 66.34; best: 23; worst: 131; stddev: 16.52; experts: 237; Sleeper match: matched_name. Near-draft proxy only; historical endpoint was finalized after the Bishop auction.,67
FantasyPros ECR,2023,2023-09-08,draft,half_ppr,67,RB25,David Montgomery,5892,RB,,,7,HOU,FantasyPros updated timestamp: 1694132397; average rank: 66.64; best: 23; worst: 107; stddev: 14.50; experts: 237; Sleeper match: matched_name. Near-draft proxy only; historical endpoint was finalized after the Bishop auction.,68
FantasyPros ECR,2023,2023-09-08,draft,half_ppr,68,WR31,Mike Evans,2216,WR,,,9,SF,FantasyPros updated timestamp: 1694132397; average rank: 68.35; best: 33; worst: 105; stddev: 11.09; experts: 237; Sleeper match: matched_name. Near-draft proxy only; historical endpoint was finalized after the Bishop auction.,69
FantasyPros ECR,2023,2023-09-08,draft,half_ppr,69,RB26,Jonathan Taylor,6813,RB,,,11,IND,FantasyPros updated timestamp: 1694132397; average rank: 68.70; best: 11; worst: 147; stddev: 23.88; experts: 237; Sleeper match: matched_name. Near-draft proxy only; historical endpoint was finalized after the Bishop auction.,70
FantasyPros ECR,2023,2023-09-08,draft,half_ppr,70,TE5,George Kittle,4217,TE,,,9,SF,FantasyPros updated timestamp: 1694132397; average rank: 69.33; best: 31; worst: 126; stddev: 14.57; experts: 237; Sleeper match: matched_name. Near-draft proxy only; historical endpoint was finalized after the Bishop auction.,71
FantasyPros ECR,2023,2023-09-08,draft,half_ppr,71,RB27,Alvin Kamara,4035,RB,,,11,NO,FantasyPros updated timestamp: 1694132397; average rank: 70.44; best: 33; worst: 110; stddev: 15.17; experts: 237; Sleeper match: matched_name. Near-draft proxy only; historical endpoint was finalized after the Bishop auction.,72
FantasyPros ECR,2023,2023-09-08,draft,half_ppr,72,WR32,Jahan Dotson,8119,WR,,,11,ATL,FantasyPros updated timestamp: 1694132397; average rank: 70.78; best: 39; worst: 111; stddev: 13.97; experts: 237; Sleeper match: matched_name. Near-draft proxy only; historical endpoint was finalized after the Bishop auction.,73
FantasyPros ECR,2023,2023-09-08,draft,half_ppr,73,TE6,Dallas Goedert,5022,TE,,,10,PHI,FantasyPros updated timestamp: 1694132397; average rank: 74.07; best: 42; worst: 126; stddev: 13.85; experts: 237; Sleeper match: matched_name. Near-draft proxy only; historical endpoint was finalized after the Bishop auction.,74
FantasyPros ECR,2023,2023-09-08,draft,half_ppr,74,WR33,Michael Pittman Jr.,6819,WR,,,6,PIT,FantasyPros updated timestamp: 1694132397; average rank: 75.17; best: 43; worst: 134; stddev: 14.24; experts: 237; Sleeper match: matched_name. Near-draft proxy only; historical endpoint was finalized after the Bishop auction.,75
FantasyPros ECR,2023,2023-09-08,draft,half_ppr,75,WR34,Jerry Jeudy,6783,WR,,,5,CLE,FantasyPros updated timestamp: 1694132397; average rank: 75.91; best: 39; worst: 185; stddev: 20.19; experts: 237; Sleeper match: matched_name. Near-draft proxy only; historical endpoint was finalized after the Bishop auction.,76
FantasyPros ECR,2023,2023-09-08,draft,half_ppr,76,RB28,Isiah Pacheco,8205,RB,,,9,DET,FantasyPros updated timestamp: 1694132397; average rank: 76.17; best: 25; worst: 128; stddev: 14.27; experts: 237; Sleeper match: matched_name. Near-draft proxy only; historical endpoint was finalized after the Bishop auction.,77
FantasyPros ECR,2023,2023-09-08,draft,half_ppr,77,WR35,George Pickens,8137,WR,,,7,DAL,FantasyPros updated timestamp: 1694132397; average rank: 76.51; best: 32; worst: 117; stddev: 15.14; experts: 237; Sleeper match: matched_name. Near-draft proxy only; historical endpoint was finalized after the Bishop auction.,78
FantasyPros ECR,2023,2023-09-08,draft,half_ppr,78,WR36,Hollywood Brown,,WR,,,10,PHI,FantasyPros updated timestamp: 1694132397; average rank: 77.51; best: 41; worst: 187; stddev: 15.83; experts: 236; Sleeper match: unmatched. Near-draft proxy only; historical endpoint was finalized after the Bishop auction.,79
FantasyPros ECR,2023,2023-09-08,draft,half_ppr,79,TE7,Kyle Pitts Sr.,7553,TE,,,11,ATL,FantasyPros updated timestamp: 1694132397; average rank: 78.11; best: 28; worst: 133; stddev: 17.01; experts: 237; Sleeper match: matched_name. Near-draft proxy only; historical endpoint was finalized after the Bishop auction.,80
FantasyPros ECR,2023,2023-09-08,draft,half_ppr,80,RB29,D'Andre Swift,6790,RB,,,13,CHI,FantasyPros updated timestamp: 1694132397; average rank: 79.84; best: 23; worst: 128; stddev: 17.09; experts: 237; Sleeper match: matched_name. Near-draft proxy only; historical endpoint was finalized after the Bishop auction.,81
FantasyPros ECR,2023,2023-09-08,draft,half_ppr,81,RB30,Dalvin Cook,4029,RB,,,,FA,FantasyPros updated timestamp: 1694132397; average rank: 81.61; best: 30; worst: 149; stddev: 17.53; experts: 236; Sleeper match: matched_name. Near-draft proxy only; historical endpoint was finalized after the Bishop auction.,82
FantasyPros ECR,2023,2023-09-08,draft,half_ppr,82,WR37,Jordan Addison,9756,WR,,,13,MIN,FantasyPros updated timestamp: 1694132397; average rank: 84.88; best: 47; worst: 174; stddev: 15.38; experts: 237; Sleeper match: matched_name. Near-draft proxy only; historical endpoint was finalized after the Bishop auction.,83
FantasyPros ECR,2023,2023-09-08,draft,half_ppr,83,RB31,Khalil Herbert,7608,RB,,,9,SF,FantasyPros updated timestamp: 1694132397; average rank: 86.11; best: 43; worst: 155; stddev: 15.80; experts: 237; Sleeper match: matched_name. Near-draft proxy only; historical endpoint was finalized after the Bishop auction.,84
FantasyPros ECR,2023,2023-09-08,draft,half_ppr,84,WR38,Gabe Davis,6943,WR,,,,FA,FantasyPros updated timestamp: 1694132397; average rank: 86.17; best: 46; worst: 136; stddev: 14.82; experts: 236; Sleeper match: matched_name. Near-draft proxy only; historical endpoint was finalized after the Bishop auction.,85
FantasyPros ECR,2023,2023-09-08,draft,half_ppr,85,WR39,Courtland Sutton,5045,WR,,,9,DEN,FantasyPros updated timestamp: 1694132397; average rank: 89.51; best: 41; worst: 153; stddev: 15.91; experts: 236; Sleeper match: matched_name. Near-draft proxy only; historical endpoint was finalized after the Bishop auction.,86
FantasyPros ECR,2023,2023-09-08,draft,half_ppr,86,WR40,Jaxon Smith-Njigba,9488,WR,,,5,SEA,FantasyPros updated timestamp: 1694132397; average rank: 91.00; best: 34; worst: 151; stddev: 18.01; experts: 237; Sleeper match: matched_name. Near-draft proxy only; historical endpoint was finalized after the Bishop auction.,87
FantasyPros ECR,2023,2023-09-08,draft,half_ppr,87,RB32,Antonio Gibson,6945,RB,,,,FA,FantasyPros updated timestamp: 1694132397; average rank: 91.60; best: 51; worst: 154; stddev: 12.52; experts: 236; Sleeper match: matched_name. Near-draft proxy only; historical endpoint was finalized after the Bishop auction.,88
FantasyPros ECR,2023,2023-09-08,draft,half_ppr,88,WR41,Brandin Cooks,2197,WR,,,,FA,FantasyPros updated timestamp: 1694132397; average rank: 91.79; best: 62; worst: 128; stddev: 13.24; experts: 237; Sleeper match: matched_name. Near-draft proxy only; historical endpoint was finalized after the Bishop auction.,89
FantasyPros ECR,2023,2023-09-08,draft,half_ppr,89,RB33,Brian Robinson Jr.,8154,RB,,,11,ATL,FantasyPros updated timestamp: 1694132397; average rank: 92.17; best: 50; worst: 160; stddev: 14.32; experts: 237; Sleeper match: matched_name. Near-draft proxy only; historical endpoint was finalized after the Bishop auction.,90
FantasyPros ECR,2023,2023-09-08,draft,half_ppr,90,RB34,AJ Dillon,6828,RB,,,7,CAR,FantasyPros updated timestamp: 1694132397; average rank: 93.05; best: 55; worst: 129; stddev: 11.52; experts: 237; Sleeper match: matched_name. Near-draft proxy only; historical endpoint was finalized after the Bishop auction.,91
FantasyPros ECR,2023,2023-09-08,draft,half_ppr,91,QB9,Deshaun Watson,4017,QB,,,5,CLE,FantasyPros updated timestamp: 1694132397; average rank: 92.70; best: 50; worst: 168; stddev: 19.36; experts: 234; Sleeper match: matched_name. Near-draft proxy only; historical endpoint was finalized after the Bishop auction.,92
FantasyPros ECR,2023,2023-09-08,draft,half_ppr,92,WR42,Zay Flowers,9997,WR,,,13,BAL,FantasyPros updated timestamp: 1694132397; average rank: 97.12; best: 50; worst: 215; stddev: 21.90; experts: 237; Sleeper match: matched_name. Near-draft proxy only; historical endpoint was finalized after the Bishop auction.,93
FantasyPros ECR,2023,2023-09-08,draft,half_ppr,93,QB10,Daniel Jones,5870,QB,,,11,IND,FantasyPros updated timestamp: 1694132397; average rank: 97.86; best: 49; worst: 181; stddev: 20.27; experts: 236; Sleeper match: matched_name. Near-draft proxy only; historical endpoint was finalized after the Bishop auction.,94
FantasyPros ECR,2023,2023-09-08,draft,half_ppr,94,WR43,Treylon Burks,8135,WR,,,14,WAS,FantasyPros updated timestamp: 1694132397; average rank: 98.40; best: 55; worst: 152; stddev: 15.72; experts: 236; Sleeper match: matched_name. Near-draft proxy only; historical endpoint was finalized after the Bishop auction.,95
FantasyPros ECR,2023,2023-09-08,draft,half_ppr,95,QB11,Dak Prescott,3294,QB,,,7,DAL,FantasyPros updated timestamp: 1694132397; average rank: 97.68; best: 58; worst: 160; stddev: 19.15; experts: 235; Sleeper match: matched_name. Near-draft proxy only; historical endpoint was finalized after the Bishop auction.,96
FantasyPros ECR,2023,2023-09-08,draft,half_ppr,96,TE8,Pat Freiermuth,7600,TE,,,6,PIT,FantasyPros updated timestamp: 1694132397; average rank: 100.50; best: 57; worst: 140; stddev: 14.59; experts: 237; Sleeper match: matched_name. Near-draft proxy only; historical endpoint was finalized after the Bishop auction.,97
FantasyPros ECR,2023,2023-09-08,draft,half_ppr,97,TE9,Evan Engram,4066,TE,,,9,DEN,FantasyPros updated timestamp: 1694132397; average rank: 101.06; best: 62; worst: 141; stddev: 14.97; experts: 237; Sleeper match: matched_name. Near-draft proxy only; historical endpoint was finalized after the Bishop auction.,98
FantasyPros ECR,2023,2023-09-08,draft,half_ppr,98,WR44,Elijah Moore,7596,WR,,,10,PHI,FantasyPros updated timestamp: 1694132397; average rank: 103.30; best: 54; worst: 216; stddev: 18.89; experts: 236; Sleeper match: matched_name. Near-draft proxy only; historical endpoint was finalized after the Bishop auction.,99
FantasyPros ECR,2023,2023-09-08,draft,half_ppr,99,RB35,Samaje Perine,4147,RB,,,7,CIN,FantasyPros updated timestamp: 1694132397; average rank: 105.18; best: 60; worst: 172; stddev: 16.08; experts: 237; Sleeper match: matched_name. Near-draft proxy only; historical endpoint was finalized after the Bishop auction.,100
FantasyPros ECR,2023,2023-09-08,draft,half_ppr,100,QB12,Tua Tagovailoa,6768,QB,,,11,ATL,FantasyPros updated timestamp: 1694132397; average rank: 104.69; best: 58; worst: 196; stddev: 21.29; experts: 235; Sleeper match: matched_name. Near-draft proxy only; historical endpoint was finalized after the Bishop auction.,101
FantasyPros ECR,2023,2023-09-08,draft,half_ppr,101,WR45,Michael Thomas,3199,WR,,,,FA,FantasyPros updated timestamp: 1694132397; average rank: 106.56; best: 55; worst: 162; stddev: 16.76; experts: 236; Sleeper match: matched_name. Near-draft proxy only; historical endpoint was finalized after the Bishop auction.,102
FantasyPros ECR,2023,2023-09-08,draft,half_ppr,102,RB36,Zach Charbonnet,9753,RB,,,5,SEA,FantasyPros updated timestamp: 1694132397; average rank: 107.29; best: 47; worst: 227; stddev: 18.92; experts: 236; Sleeper match: matched_name. Near-draft proxy only; historical endpoint was finalized after the Bishop auction.,103
FantasyPros ECR,2023,2023-09-08,draft,half_ppr,103,TE10,David Njoku,4033,TE,,,5,LAC,FantasyPros updated timestamp: 1694132397; average rank: 107.43; best: 68; worst: 147; stddev: 15.30; experts: 237; Sleeper match: matched_name. Near-draft proxy only; historical endpoint was finalized after the Bishop auction.,104
FantasyPros ECR,2023,2023-09-08,draft,half_ppr,104,QB13,Kirk Cousins,1166,QB,,,13,LV,FantasyPros updated timestamp: 1694132397; average rank: 107.75; best: 68; worst: 174; stddev: 17.10; experts: 236; Sleeper match: matched_name. Near-draft proxy only; historical endpoint was finalized after the Bishop auction.,105
FantasyPros ECR,2023,2023-09-08,draft,half_ppr,105,WR46,Skyy Moore,8168,WR,,,6,GB,FantasyPros updated timestamp: 1694132397; average rank: 108.28; best: 63; worst: 270; stddev: 25.52; experts: 236; Sleeper match: matched_name. Near-draft proxy only; historical endpoint was finalized after the Bishop auction.,106
FantasyPros ECR,2023,2023-09-08,draft,half_ppr,106,WR47,JuJu Smith-Schuster,4040,WR,,,,FA,FantasyPros updated timestamp: 1694132397; average rank: 108.66; best: 59; worst: 206; stddev: 17.34; experts: 236; Sleeper match: matched_name. Near-draft proxy only; historical endpoint was finalized after the Bishop auction.,107
FantasyPros ECR,2023,2023-09-08,draft,half_ppr,107,QB14,Geno Smith,1373,QB,,,7,NYJ,FantasyPros updated timestamp: 1694132397; average rank: 109.11; best: 75; worst: 178; stddev: 18.58; experts: 235; Sleeper match: matched_name. Near-draft proxy only; historical endpoint was finalized after the Bishop auction.,108
FantasyPros ECR,2023,2023-09-08,draft,half_ppr,108,RB37,Jamaal Williams,4149,RB,,,,FA,FantasyPros updated timestamp: 1694132397; average rank: 109.29; best: 51; worst: 176; stddev: 16.89; experts: 235; Sleeper match: matched_name. Near-draft proxy only; historical endpoint was finalized after the Bishop auction.,109
FantasyPros ECR,2023,2023-09-08,draft,half_ppr,109,WR48,Rashod Bateman,7571,WR,,,13,BAL,FantasyPros updated timestamp: 1694132397; average rank: 113.04; best: 66; worst: 243; stddev: 22.37; experts: 235; Sleeper match: matched_name. Near-draft proxy only; historical endpoint was finalized after the Bishop auction.,110
FantasyPros ECR,2023,2023-09-08,draft,half_ppr,110,RB38,Raheem Mostert,2749,RB,,,13,LV,FantasyPros updated timestamp: 1694132397; average rank: 113.81; best: 64; worst: 227; stddev: 23.61; experts: 235; Sleeper match: matched_name. Near-draft proxy only; historical endpoint was finalized after the Bishop auction.,111
FantasyPros ECR,2023,2023-09-08,draft,half_ppr,111,WR49,Quentin Johnston,9754,WR,,,5,LAC,FantasyPros updated timestamp: 1694132397; average rank: 116.86; best: 59; worst: 210; stddev: 24.31; experts: 236; Sleeper match: matched_name. Near-draft proxy only; historical endpoint was finalized after the Bishop auction.,112
FantasyPros ECR,2023,2023-09-08,draft,half_ppr,112,QB15,Anthony Richardson Sr.,9229,QB,,,11,IND,FantasyPros updated timestamp: 1694132397; average rank: 115.97; best: 58; worst: 238; stddev: 29.01; experts: 234; Sleeper match: matched_name. Near-draft proxy only; historical endpoint was finalized after the Bishop auction.,113
FantasyPros ECR,2023,2023-09-08,draft,half_ppr,113,WR50,Jakobi Meyers,5947,WR,,,9,JAC,FantasyPros updated timestamp: 1694132397; average rank: 117.71; best: 71; worst: 208; stddev: 17.74; experts: 235; Sleeper match: matched_name. Near-draft proxy only; historical endpoint was finalized after the Bishop auction.,114
FantasyPros ECR,2023,2023-09-08,draft,half_ppr,114,RB39,Jerick McKinnon,2161,RB,,,,FA,FantasyPros updated timestamp: 1694132397; average rank: 121.51; best: 64; worst: 257; stddev: 22.64; experts: 237; Sleeper match: matched_name. Near-draft proxy only; historical endpoint was finalized after the Bishop auction.,115
FantasyPros ECR,2023,2023-09-08,draft,half_ppr,115,WR51,Kadarius Toney,7606,WR,,,,FA,FantasyPros updated timestamp: 1694132397; average rank: 119.82; best: 60; worst: 295; stddev: 25.81; experts: 235; Sleeper match: matched_name. Near-draft proxy only; historical endpoint was finalized after the Bishop auction.,116
FantasyPros ECR,2023,2023-09-08,draft,half_ppr,116,RB40,Rashaad Penny,4985,RB,,,,FA,FantasyPros updated timestamp: 1694132397; average rank: 121.62; best: 78; worst: 277; stddev: 26.52; experts: 235; Sleeper match: matched_name. Near-draft proxy only; historical endpoint was finalized after the Bishop auction.,117
FantasyPros ECR,2023,2023-09-08,draft,half_ppr,117,WR52,Nico Collins,7569,WR,,,7,HOU,FantasyPros updated timestamp: 1694132397; average rank: 120.32; best: 81; worst: 227; stddev: 19.98; experts: 234; Sleeper match: matched_name. Near-draft proxy only; historical endpoint was finalized after the Bishop auction.,118
FantasyPros ECR,2023,2023-09-08,draft,half_ppr,118,RB41,Jaylen Warren,8228,RB,,,6,PIT,FantasyPros updated timestamp: 1694132397; average rank: 123.96; best: 83; worst: 230; stddev: 22.35; experts: 235; Sleeper match: matched_name. Near-draft proxy only; historical endpoint was finalized after the Bishop auction.,119
FantasyPros ECR,2023,2023-09-08,draft,half_ppr,119,TE11,Tyler Higbee,3271,TE,,,10,LAR,FantasyPros updated timestamp: 1694132397; average rank: 127.55; best: 72; worst: 242; stddev: 22.66; experts: 237; Sleeper match: matched_name. Near-draft proxy only; historical endpoint was finalized after the Bishop auction.,120
FantasyPros ECR,2023,2023-09-08,draft,half_ppr,120,RB42,Damien Harris,5890,RB,,,,FA,FantasyPros updated timestamp: 1694132397; average rank: 126.40; best: 83; worst: 235; stddev: 21.77; experts: 235; Sleeper match: matched_name. Near-draft proxy only; historical endpoint was finalized after the Bishop auction.,121
FantasyPros ECR,2023,2023-09-08,draft,half_ppr,121,WR53,Allen Lazard,5185,WR,,,,FA,FantasyPros updated timestamp: 1694132397; average rank: 125.41; best: 66; worst: 227; stddev: 22.48; experts: 234; Sleeper match: matched_name. Near-draft proxy only; historical endpoint was finalized after the Bishop auction.,122
FantasyPros ECR,2023,2023-09-08,draft,half_ppr,122,TE12,Dalton Schultz,5001,TE,,,7,HOU,FantasyPros updated timestamp: 1694132397; average rank: 129.79; best: 73; worst: 257; stddev: 21.73; experts: 236; Sleeper match: matched_name. Near-draft proxy only; historical endpoint was finalized after the Bishop auction.,123
FantasyPros ECR,2023,2023-09-08,draft,half_ppr,123,QB16,Aaron Rodgers,96,QB,,,6,PIT,FantasyPros updated timestamp: 1694132397; average rank: 125.57; best: 49; worst: 205; stddev: 22.51; experts: 233; Sleeper match: matched_name. Near-draft proxy only; historical endpoint was finalized after the Bishop auction.,124
FantasyPros ECR,2023,2023-09-08,draft,half_ppr,124,WR54,Odell Beckham Jr.,2078,WR,,,13,NYG,FantasyPros updated timestamp: 1694132397; average rank: 129.20; best: 51; worst: 284; stddev: 24.87; experts: 234; Sleeper match: matched_name. Near-draft proxy only; historical endpoint was finalized after the Bishop auction.,125
FantasyPros ECR,2023,2023-09-08,draft,half_ppr,125,RB43,De'Von Achane,9226,RB,,,10,MIA,FantasyPros updated timestamp: 1694132397; average rank: 130.91; best: 79; worst: 272; stddev: 31.15; experts: 235; Sleeper match: matched_name. Near-draft proxy only; historical endpoint was finalized after the Bishop auction.,126
FantasyPros ECR,2023,2023-09-08,draft,half_ppr,126,WR55,Romeo Doubs,8121,WR,,,11,NE,FantasyPros updated timestamp: 1694132397; average rank: 133.32; best: 67; worst: 266; stddev: 25.80; experts: 236; Sleeper match: matched_name. Near-draft proxy only; historical endpoint was finalized after the Bishop auction.,127
FantasyPros ECR,2023,2023-09-08,draft,half_ppr,127,RB44,Elijah Mitchell,7561,RB,,,,FA,FantasyPros updated timestamp: 1694132397; average rank: 130.30; best: 84; worst: 235; stddev: 20.23; experts: 234; Sleeper match: matched_name_position. Near-draft proxy only; historical endpoint was finalized after the Bishop auction.,128
FantasyPros ECR,2023,2023-09-08,draft,half_ppr,128,RB45,Tyler Allgeier,8132,RB,,,14,ARI,FantasyPros updated timestamp: 1694132397; average rank: 132.68; best: 84; worst: 259; stddev: 22.48; experts: 235; Sleeper match: matched_name. Near-draft proxy only; historical endpoint was finalized after the Bishop auction.,129
FantasyPros ECR,2023,2023-09-08,draft,half_ppr,129,RB46,Tank Bigsby,9225,RB,,,10,PHI,FantasyPros updated timestamp: 1694132397; average rank: 134.61; best: 89; worst: 283; stddev: 28.68; experts: 236; Sleeper match: matched_name. Near-draft proxy only; historical endpoint was finalized after the Bishop auction.,130
FantasyPros ECR,2023,2023-09-08,draft,half_ppr,130,TE13,Chig Okonkwo,8210,TE,,,14,WAS,FantasyPros updated timestamp: 1694132397; average rank: 134.82; best: 77; worst: 245; stddev: 20.31; experts: 235; Sleeper match: matched_name. Near-draft proxy only; historical endpoint was finalized after the Bishop auction.,131
FantasyPros ECR,2023,2023-09-08,draft,half_ppr,131,WR56,Tyler Boyd,3225,WR,,,,FA,FantasyPros updated timestamp: 1694132397; average rank: 134.94; best: 91; worst: 216; stddev: 19.25; experts: 235; Sleeper match: matched_name. Near-draft proxy only; historical endpoint was finalized after the Bishop auction.,132
FantasyPros ECR,2023,2023-09-08,draft,half_ppr,132,QB17,Jared Goff,3163,QB,,,9,DET,FantasyPros updated timestamp: 1694132397; average rank: 136.19; best: 87; worst: 206; stddev: 18.99; experts: 234; Sleeper match: matched_name. Near-draft proxy only; historical endpoint was finalized after the Bishop auction.,133
FantasyPros ECR,2023,2023-09-08,draft,half_ppr,133,RB47,Kenny Gainwell,7567,RB,,,5,TB,FantasyPros updated timestamp: 1694132397; average rank: 136.61; best: 85; worst: 257; stddev: 27.55; experts: 234; Sleeper match: matched_name. Near-draft proxy only; historical endpoint was finalized after the Bishop auction.,134
FantasyPros ECR,2023,2023-09-08,draft,half_ppr,134,WR57,Zay Jones,4080,WR,,,7,HOU,FantasyPros updated timestamp: 1694132397; average rank: 135.39; best: 74; worst: 260; stddev: 23.76; experts: 232; Sleeper match: matched_name. Near-draft proxy only; historical endpoint was finalized after the Bishop auction.,135
FantasyPros ECR,2023,2023-09-08,draft,half_ppr,135,RB48,Ezekiel Elliott,3164,RB,,,,FA,FantasyPros updated timestamp: 1694132397; average rank: 135.95; best: 74; worst: 256; stddev: 28.88; experts: 232; Sleeper match: matched_name. Near-draft proxy only; historical endpoint was finalized after the Bishop auction.,136
FantasyPros ECR,2023,2023-09-08,draft,half_ppr,136,TE14,Dalton Kincaid,10236,TE,,,13,BUF,FantasyPros updated timestamp: 1694132397; average rank: 137.77; best: 72; worst: 291; stddev: 29.91; experts: 233; Sleeper match: matched_name. Near-draft proxy only; historical endpoint was finalized after the Bishop auction.,137
FantasyPros ECR,2023,2023-09-08,draft,half_ppr,137,WR58,Adam Thielen,1689,WR,,,,FA,FantasyPros updated timestamp: 1694132397; average rank: 139.34; best: 85; worst: 283; stddev: 25.74; experts: 233; Sleeper match: matched_name. Near-draft proxy only; historical endpoint was finalized after the Bishop auction.,138
FantasyPros ECR,2023,2023-09-08,draft,half_ppr,138,WR59,Darnell Mooney,7090,WR,,,13,NYG,FantasyPros updated timestamp: 1694132397; average rank: 138.45; best: 103; worst: 236; stddev: 23.51; experts: 232; Sleeper match: matched_name. Near-draft proxy only; historical endpoint was finalized after the Bishop auction.,139
FantasyPros ECR,2023,2023-09-08,draft,half_ppr,139,TE15,Cole Kmet,6826,TE,,,13,CHI,FantasyPros updated timestamp: 1694132397; average rank: 148.65; best: 97; worst: 267; stddev: 25.78; experts: 234; Sleeper match: matched_name. Near-draft proxy only; historical endpoint was finalized after the Bishop auction.,140
FantasyPros ECR,2023,2023-09-08,draft,half_ppr,140,QB18,Russell Wilson,1234,QB,,,,FA,FantasyPros updated timestamp: 1694132397; average rank: 147.73; best: 94; worst: 265; stddev: 21.38; experts: 233; Sleeper match: matched_name. Near-draft proxy only; historical endpoint was finalized after the Bishop auction.,141
FantasyPros ECR,2023,2023-09-08,draft,half_ppr,141,TE16,Greg Dulcich,8172,TE,,,10,MIA,FantasyPros updated timestamp: 1694132397; average rank: 153.92; best: 95; worst: 291; stddev: 31.74; experts: 234; Sleeper match: matched_name. Near-draft proxy only; historical endpoint was finalized after the Bishop auction.,142
FantasyPros ECR,2023,2023-09-08,draft,half_ppr,142,RB49,Devin Singletary,6130,RB,,,13,NYG,FantasyPros updated timestamp: 1694132397; average rank: 147.66; best: 91; worst: 270; stddev: 25.13; experts: 230; Sleeper match: matched_name. Near-draft proxy only; historical endpoint was finalized after the Bishop auction.,143
FantasyPros ECR,2023,2023-09-08,draft,half_ppr,143,TE17,Gerald Everett,4089,TE,,,,FA,FantasyPros updated timestamp: 1694132397; average rank: 154.38; best: 95; worst: 283; stddev: 25.02; experts: 234; Sleeper match: matched_name. Near-draft proxy only; historical endpoint was finalized after the Bishop auction.,144
FantasyPros ECR,2023,2023-09-08,draft,half_ppr,144,WR60,Jameson Williams,8148,WR,,,9,DET,FantasyPros updated timestamp: 1694132397; average rank: 147.99; best: 88; worst: 271; stddev: 31.95; experts: 229; Sleeper match: matched_name. Near-draft proxy only; historical endpoint was finalized after the Bishop auction.,145
FantasyPros ECR,2023,2023-09-08,draft,half_ppr,145,TE18,Juwan Johnson,7002,TE,,,11,NO,FantasyPros updated timestamp: 1694132397; average rank: 156.29; best: 93; worst: 330; stddev: 29.45; experts: 234; Sleeper match: matched_name. Near-draft proxy only; historical endpoint was finalized after the Bishop auction.,146
FantasyPros ECR,2023,2023-09-08,draft,half_ppr,146,1,,,,,,,,FantasyPros updated timestamp: 1694132397; average rank: 150.04; best: 102; worst: 239; stddev: 27.47; experts: 230; Sleeper match: unmatched. Near-draft proxy only; historical endpoint was finalized after the Bishop auction.,147
FantasyPros ECR,2023,2023-09-08,draft,half_ppr,147,WR61,Michael Gallup,5038,WR,,,,FA,FantasyPros updated timestamp: 1694132397; average rank: 149.36; best: 91; worst: 241; stddev: 25.02; experts: 228; Sleeper match: matched_name. Near-draft proxy only; historical endpoint was finalized after the Bishop auction.,148
FantasyPros ECR,2023,2023-09-08,draft,half_ppr,148,TE19,Sam LaPorta,10859,TE,,,9,DET,FantasyPros updated timestamp: 1694132397; average rank: 157.64; best: 96; worst: 352; stddev: 37.87; experts: 229; Sleeper match: matched_name. Near-draft proxy only; historical endpoint was finalized after the Bishop auction.,149
FantasyPros ECR,2023,2023-09-08,draft,half_ppr,149,WR62,DJ Chark Jr.,4951,WR,,,,FA,FantasyPros updated timestamp: 1694132397; average rank: 156.89; best: 89; worst: 294; stddev: 28.45; experts: 228; Sleeper match: matched_name. Near-draft proxy only; historical endpoint was finalized after the Bishop auction.,150
FantasyPros ECR,2023,2023-09-08,draft,half_ppr,150,WR63,Van Jefferson,6853,WR,,,14,WAS,FantasyPros updated timestamp: 1694132397; average rank: 158.61; best: 91; worst: 291; stddev: 37.04; experts: 229; Sleeper match: matched_name. Near-draft proxy only; historical endpoint was finalized after the Bishop auction.,151
FantasyPros ECR,2023,2023-09-08,draft,half_ppr,151,RB50,Roschon Johnson,10235,RB,,,13,CHI,FantasyPros updated timestamp: 1694132397; average rank: 156.22; best: 74; worst: 349; stddev: 39.65; experts: 227; Sleeper match: matched_name. Near-draft proxy only; historical endpoint was finalized after the Bishop auction.,152
FantasyPros ECR,2023,2023-09-08,draft,half_ppr,152,QB19,Derek Carr,2028,QB,,,,FA,FantasyPros updated timestamp: 1694132397; average rank: 164.53; best: 98; worst: 273; stddev: 22.75; experts: 230; Sleeper match: matched_name. Near-draft proxy only; historical endpoint was finalized after the Bishop auction.,153
FantasyPros ECR,2023,2023-09-08,draft,half_ppr,153,QB20,Kenny Pickett,8160,QB,,,7,CAR,FantasyPros updated timestamp: 1694132397; average rank: 168.55; best: 105; worst: 310; stddev: 26.15; experts: 231; Sleeper match: matched_name. Near-draft proxy only; historical endpoint was finalized after the Bishop auction.,154
FantasyPros ECR,2023,2023-09-08,draft,half_ppr,154,WR64,Donovan Peoples-Jones,6824,WR,,,,FA,FantasyPros updated timestamp: 1694132397; average rank: 160.82; best: 106; worst: 289; stddev: 27.56; experts: 226; Sleeper match: matched_name. Near-draft proxy only; historical endpoint was finalized after the Bishop auction.,155
FantasyPros ECR,2023,2023-09-08,draft,half_ppr,155,WR65,Marvin Mims Jr.,9494,WR,,,9,DEN,FantasyPros updated timestamp: 1694132397; average rank: 155.25; best: 80; worst: 295; stddev: 48.31; experts: 221; Sleeper match: matched_name. Near-draft proxy only; historical endpoint was finalized after the Bishop auction.,156
FantasyPros ECR,2023,2023-09-08,draft,half_ppr,156,RB51,Chuba Hubbard,7594,RB,,,7,CAR,FantasyPros updated timestamp: 1694132397; average rank: 169.10; best: 88; worst: 266; stddev: 28.28; experts: 229; Sleeper match: matched_name. Near-draft proxy only; historical endpoint was finalized after the Bishop auction.,157
FantasyPros ECR,2023,2023-09-08,draft,half_ppr,157,WR66,K.J. Osborn,7066,WR,,,7,TEN,FantasyPros updated timestamp: 1694132397; average rank: 166.65; best: 90; worst: 262; stddev: 29.40; experts: 225; Sleeper match: matched_name. Near-draft proxy only; historical endpoint was finalized after the Bishop auction.,158
FantasyPros ECR,2023,2023-09-08,draft,half_ppr,158,WR67,Jonathan Mingo,10225,WR,,,7,DAL,FantasyPros updated timestamp: 1694132397; average rank: 166.65; best: 81; worst: 297; stddev: 39.54; experts: 225; Sleeper match: matched_name. Near-draft proxy only; historical endpoint was finalized after the Bishop auction.,159
FantasyPros ECR,2023,2023-09-08,draft,half_ppr,159,RB52,Kendre Miller,9757,RB,,,11,NO,FantasyPros updated timestamp: 1694132397; average rank: 170.86; best: 98; worst: 386; stddev: 40.29; experts: 226; Sleeper match: matched_name. Near-draft proxy only; historical endpoint was finalized after the Bishop auction.,160
FantasyPros ECR,2023,2023-09-08,draft,half_ppr,160,QB21,Jordan Love,6804,QB,,,6,GB,FantasyPros updated timestamp: 1694132397; average rank: 178.34; best: 92; worst: 310; stddev: 29.28; experts: 230; Sleeper match: matched_name. Near-draft proxy only; historical endpoint was finalized after the Bishop auction.,161
FantasyPros ECR,2023,2023-09-08,draft,half_ppr,161,WR68,Curtis Samuel,4082,WR,,,,FA,FantasyPros updated timestamp: 1694132397; average rank: 172.88; best: 103; worst: 289; stddev: 29.14; experts: 226; Sleeper match: matched_name. Near-draft proxy only; historical endpoint was finalized after the Bishop auction.,162
FantasyPros ECR,2023,2023-09-08,draft,half_ppr,162,WR69,Jayden Reed,10222,WR,,,6,GB,FantasyPros updated timestamp: 1694132397; average rank: 175.09; best: 107; worst: 341; stddev: 41.06; experts: 227; Sleeper match: matched_name. Near-draft proxy only; historical endpoint was finalized after the Bishop auction.,163
FantasyPros ECR,2023,2023-09-08,draft,half_ppr,163,QB22,Matthew Stafford,421,QB,,,10,LAR,FantasyPros updated timestamp: 1694132397; average rank: 179.79; best: 109; worst: 281; stddev: 28.08; experts: 229; Sleeper match: matched_name. Near-draft proxy only; historical endpoint was finalized after the Bishop auction.,164
FantasyPros ECR,2023,2023-09-08,draft,half_ppr,164,QB23,Brock Purdy,8183,QB,,,9,SF,FantasyPros updated timestamp: 1694132397; average rank: 183.05; best: 106; worst: 330; stddev: 41.10; experts: 231; Sleeper match: matched_name. Near-draft proxy only; historical endpoint was finalized after the Bishop auction.,165
FantasyPros ECR,2023,2023-09-08,draft,half_ppr,165,WR70,Alec Pierce,8142,WR,,,11,IND,FantasyPros updated timestamp: 1694132397; average rank: 171.89; best: 81; worst: 267; stddev: 28.44; experts: 223; Sleeper match: matched_name. Near-draft proxy only; historical endpoint was finalized after the Bishop auction.,166
FantasyPros ECR,2023,2023-09-08,draft,half_ppr,166,RB53,Gus Edwards,5248,RB,,,,FA,FantasyPros updated timestamp: 1694132397; average rank: 180.62; best: 112; worst: 311; stddev: 32.41; experts: 227; Sleeper match: matched_name. Near-draft proxy only; historical endpoint was finalized after the Bishop auction.,167
FantasyPros ECR,2023,2023-09-08,draft,half_ppr,167,RB54,D'Onta Foreman,4111,RB,,,,FA,FantasyPros updated timestamp: 1694132397; average rank: 174.69; best: 94; worst: 322; stddev: 36.27; experts: 223; Sleeper match: matched_name. Near-draft proxy only; historical endpoint was finalized after the Bishop auction.,168
FantasyPros ECR,2023,2023-09-08,draft,half_ppr,168,RB55,Jeff Wilson Jr.,5284,RB,,,,FA,FantasyPros updated timestamp: 1694132397; average rank: 175.74; best: 91; worst: 312; stddev: 45.58; experts: 223; Sleeper match: matched_name. Near-draft proxy only; historical endpoint was finalized after the Bishop auction.,169
FantasyPros ECR,2023,2023-09-08,draft,half_ppr,169,WR71,Isaiah Hodgins,6920,WR,,,,FA,FantasyPros updated timestamp: 1694132397; average rank: 175.90; best: 106; worst: 285; stddev: 30.76; experts: 223; Sleeper match: matched_name. Near-draft proxy only; historical endpoint was finalized after the Bishop auction.,170
FantasyPros ECR,2023,2023-09-08,draft,half_ppr,170,TE20,Irv Smith Jr.,6126,TE,,,,FA,FantasyPros updated timestamp: 1694132397; average rank: 189.00; best: 127; worst: 360; stddev: 37.37; experts: 227; Sleeper match: matched_name. Near-draft proxy only; historical endpoint was finalized after the Bishop auction.,171
FantasyPros ECR,2023,2023-09-08,draft,half_ppr,171,WR72,Rashid Shaheed,8676,WR,,,5,SEA,FantasyPros updated timestamp: 1694132397; average rank: 177.91; best: 120; worst: 291; stddev: 26.72; experts: 219; Sleeper match: matched_name. Near-draft proxy only; historical endpoint was finalized after the Bishop auction.,172
FantasyPros ECR,2023,2023-09-08,draft,half_ppr,172,RB56,Tyjae Spears,9508,RB,,,7,TEN,FantasyPros updated timestamp: 1694132397; average rank: 179.81; best: 108; worst: 331; stddev: 48.27; experts: 219; Sleeper match: matched_name. Near-draft proxy only; historical endpoint was finalized after the Bishop auction.,173
FantasyPros ECR,2023,2023-09-08,draft,half_ppr,173,WR73,Marquez Valdes-Scantling,5086,WR,,,7,DAL,FantasyPros updated timestamp: 1694132397; average rank: 182.62; best: 108; worst: 296; stddev: 32.14; experts: 218; Sleeper match: matched_name. Near-draft proxy only; historical endpoint was finalized after the Bishop auction.,174
FantasyPros ECR,2023,2023-09-08,draft,half_ppr,174,QB24,Sam Howell,8162,QB,,,7,DAL,FantasyPros updated timestamp: 1694132397; average rank: 195.43; best: 124; worst: 343; stddev: 44.58; experts: 225; Sleeper match: matched_name. Near-draft proxy only; historical endpoint was finalized after the Bishop auction.,175
FantasyPros ECR,2023,2023-09-08,draft,half_ppr,175,RB57,Clyde Edwards-Helaire,6820,RB,,,,FA,FantasyPros updated timestamp: 1694132397; average rank: 192.72; best: 84; worst: 315; stddev: 37.24; experts: 222; Sleeper match: matched_name. Near-draft proxy only; historical endpoint was finalized after the Bishop auction.,176
FantasyPros ECR,2023,2023-09-08,draft,half_ppr,176,TE21,Hunter Henry,3214,TE,,,11,NE,FantasyPros updated timestamp: 1694132397; average rank: 200.08; best: 104; worst: 302; stddev: 41.19; experts: 226; Sleeper match: matched_name. Near-draft proxy only; historical endpoint was finalized after the Bishop auction.,177
FantasyPros ECR,2023,2023-09-08,draft,half_ppr,177,DST1,San Francisco 49ers,SF,DEF,,,9,SF,FantasyPros updated timestamp: 1694132397; average rank: 163.43; best: 120; worst: 283; stddev: 19.93; experts: 203; Sleeper match: team_abbreviation. Near-draft proxy only; historical endpoint was finalized after the Bishop auction.,178
FantasyPros ECR,2023,2023-09-08,draft,half_ppr,178,WR74,DeVante Parker,2319,WR,,,,FA,FantasyPros updated timestamp: 1694132397; average rank: 188.43; best: 108; worst: 284; stddev: 31.08; experts: 218; Sleeper match: matched_name. Near-draft proxy only; historical endpoint was finalized after the Bishop auction.,179
FantasyPros ECR,2023,2023-09-08,draft,half_ppr,179,TE22,Hayden Hurst,4973,TE,,,,FA,FantasyPros updated timestamp: 1694132397; average rank: 200.22; best: 112; worst: 355; stddev: 39.92; experts: 224; Sleeper match: matched_name. Near-draft proxy only; historical endpoint was finalized after the Bishop auction.,180
FantasyPros ECR,2023,2023-09-08,draft,half_ppr,180,RB58,Jerome Ford,8143,RB,,,14,WAS,FantasyPros updated timestamp: 1694132397; average rank: 195.37; best: 112; worst: 321; stddev: 40.14; experts: 220; Sleeper match: matched_name. Near-draft proxy only; historical endpoint was finalized after the Bishop auction.,181
FantasyPros ECR,2023,2023-09-08,draft,half_ppr,181,DST2,Dallas Cowboys,DAL,DEF,,,7,DAL,FantasyPros updated timestamp: 1694132397; average rank: 169.57; best: 137; worst: 284; stddev: 20.24; experts: 203; Sleeper match: team_abbreviation. Near-draft proxy only; historical endpoint was finalized after the Bishop auction.,182
FantasyPros ECR,2023,2023-09-08,draft,half_ppr,182,WR75,Rashee Rice,10229,WR,,,10,KC,FantasyPros updated timestamp: 1694132397; average rank: 193.86; best: 117; worst: 328; stddev: 38.87; experts: 217; Sleeper match: matched_name. Near-draft proxy only; historical endpoint was finalized after the Bishop auction.,183
FantasyPros ECR,2023,2023-09-08,draft,half_ppr,183,QB25,Bryce Young,9228,QB,,,7,CAR,FantasyPros updated timestamp: 1694132397; average rank: 209.45; best: 117; worst: 345; stddev: 38.41; experts: 227; Sleeper match: matched_name. Near-draft proxy only; historical endpoint was finalized after the Bishop auction.,184
FantasyPros ECR,2023,2023-09-08,draft,half_ppr,184,WR76,Darius Slayton,6149,WR,,,13,NYG,FantasyPros updated timestamp: 1694132397; average rank: 192.57; best: 125; worst: 315; stddev: 30.41; experts: 215; Sleeper match: matched_name. Near-draft proxy only; historical endpoint was finalized after the Bishop auction.,185
FantasyPros ECR,2023,2023-09-08,draft,half_ppr,185,DST3,Philadelphia Eagles,PHI,DEF,,,10,PHI,FantasyPros updated timestamp: 1694132397; average rank: 173.49; best: 133; worst: 285; stddev: 20.45; experts: 202; Sleeper match: team_abbreviation. Near-draft proxy only; historical endpoint was finalized after the Bishop auction.,186
FantasyPros ECR,2023,2023-09-08,draft,half_ppr,186,WR77,Hunter Renfrow,5955,WR,,,,FA,FantasyPros updated timestamp: 1694132397; average rank: 187.89; best: 119; worst: 291; stddev: 29.26; experts: 210; Sleeper match: matched_name. Near-draft proxy only; historical endpoint was finalized after the Bishop auction.,187
FantasyPros ECR,2023,2023-09-08,draft,half_ppr,187,TE23,Dawson Knox,5906,TE,,,13,BUF,FantasyPros updated timestamp: 1694132397; average rank: 203.82; best: 124; worst: 412; stddev: 39.88; experts: 220; Sleeper match: matched_name. Near-draft proxy only; historical endpoint was finalized after the Bishop auction.,188
FantasyPros ECR,2023,2023-09-08,draft,half_ppr,188,WR78,Parris Campbell,5880,WR,,,,FA,FantasyPros updated timestamp: 1694132397; average rank: 199.98; best: 122; worst: 293; stddev: 29.24; experts: 217; Sleeper match: matched_name. Near-draft proxy only; historical endpoint was finalized after the Bishop auction.,189
FantasyPros ECR,2023,2023-09-08,draft,half_ppr,189,DST4,Buffalo Bills,BUF,DEF,,,13,BUF,FantasyPros updated timestamp: 1694132397; average rank: 178.13; best: 150; worst: 286; stddev: 20.25; experts: 202; Sleeper match: team_abbreviation. Near-draft proxy only; historical endpoint was finalized after the Bishop auction.,190
FantasyPros ECR,2023,2023-09-08,draft,half_ppr,190,K1,Justin Tucker,1264,K,,,,FA,FantasyPros updated timestamp: 1694132397; average rank: 178.29; best: 149; worst: 305; stddev: 17.94; experts: 201; Sleeper match: matched_name. Near-draft proxy only; historical endpoint was finalized after the Bishop auction.,191
FantasyPros ECR,2023,2023-09-08,draft,half_ppr,191,RB59,Zamir White,8139,RB,,,11,NO,FantasyPros updated timestamp: 1694132397; average rank: 207.33; best: 124; worst: 331; stddev: 37.45; experts: 219; Sleeper match: matched_name. Near-draft proxy only; historical endpoint was finalized after the Bishop auction.,192
FantasyPros ECR,2023,2023-09-08,draft,half_ppr,192,WR79,Robert Woods,1352,WR,,,,FA,FantasyPros updated timestamp: 1694132397; average rank: 204.63; best: 106; worst: 299; stddev: 32.63; experts: 216; Sleeper match: matched_name. Near-draft proxy only; historical endpoint was finalized after the Bishop auction.,193
FantasyPros ECR,2023,2023-09-08,draft,half_ppr,193,WR80,Jalin Hyatt,9497,WR,,,13,NYG,FantasyPros updated timestamp: 1694132397; average rank: 201.04; best: 103; worst: 466; stddev: 42.89; experts: 213; Sleeper match: matched_name. Near-draft proxy only; historical endpoint was finalized after the Bishop auction.,194
FantasyPros ECR,2023,2023-09-08,draft,half_ppr,194,DST5,New York Jets,NYJ,DEF,,,7,NYJ,FantasyPros updated timestamp: 1694132397; average rank: 186.22; best: 151; worst: 316; stddev: 24.22; experts: 202; Sleeper match: team_abbreviation. Near-draft proxy only; historical endpoint was finalized after the Bishop auction.,195
FantasyPros ECR,2023,2023-09-08,draft,half_ppr,195,K2,Tyler Bass,7042,K,,,13,BUF,FantasyPros updated timestamp: 1694132397; average rank: 187.16; best: 150; worst: 306; stddev: 19.36; experts: 201; Sleeper match: matched_name. Near-draft proxy only; historical endpoint was finalized after the Bishop auction.,196
FantasyPros ECR,2023,2023-09-08,draft,half_ppr,196,RB60,Cordarrelle Patterson,1535,RB,,,,FA,FantasyPros updated timestamp: 1694132397; average rank: 207.16; best: 110; worst: 289; stddev: 37.78; experts: 213; Sleeper match: matched_name. Near-draft proxy only; historical endpoint was finalized after the Bishop auction.,197
FantasyPros ECR,2023,2023-09-08,draft,half_ppr,197,DST6,New England Patriots,NE,DEF,,,11,NE,FantasyPros updated timestamp: 1694132397; average rank: 188.75; best: 158; worst: 355; stddev: 25.48; experts: 201; Sleeper match: team_abbreviation. Near-draft proxy only; historical endpoint was finalized after the Bishop auction.,198
FantasyPros ECR,2023,2023-09-08,draft,half_ppr,198,QB26,Ryan Tannehill,1049,QB,,,,FA,FantasyPros updated timestamp: 1694132397; average rank: 220.85; best: 146; worst: 344; stddev: 44.74; experts: 222; Sleeper match: matched_name. Near-draft proxy only; historical endpoint was finalized after the Bishop auction.,199
FantasyPros ECR,2023,2023-09-08,draft,half_ppr,199,WR81,Joshua Palmer,7670,WR,,,13,BUF,FantasyPros updated timestamp: 1694132397; average rank: 204.46; best: 123; worst: 267; stddev: 28.82; experts: 210; Sleeper match: matched_name. Near-draft proxy only; historical endpoint was finalized after the Bishop auction.,200
FantasyPros ECR,2023,2023-09-08,draft,half_ppr,200,RB61,Joshua Kelley,7045,RB,,,,FA,FantasyPros updated timestamp: 1694132397; average rank: 208.16; best: 131; worst: 313; stddev: 38.28; experts: 212; Sleeper match: matched_name. Near-draft proxy only; historical endpoint was finalized after the Bishop auction.,201
FantasyPros ECR,2023,2023-09-08,draft,half_ppr,201,K3,Harrison Butker,4227,K,,,10,KC,FantasyPros updated timestamp: 1694132397; average rank: 193.53; best: 158; worst: 307; stddev: 18.99; experts: 201; Sleeper match: matched_name. Near-draft proxy only; historical endpoint was finalized after the Bishop auction.,202
FantasyPros ECR,2023,2023-09-08,draft,half_ppr,202,WR82,Chase Claypool,6886,WR,,,,FA,FantasyPros updated timestamp: 1694132397; average rank: 207.75; best: 144; worst: 333; stddev: 27.52; experts: 210; Sleeper match: matched_name. Near-draft proxy only; historical endpoint was finalized after the Bishop auction.,203
FantasyPros ECR,2023,2023-09-08,draft,half_ppr,203,DST7,Baltimore Ravens,BAL,DEF,,,13,BAL,FantasyPros updated timestamp: 1694132397; average rank: 194.44; best: 159; worst: 300; stddev: 20.59; experts: 201; Sleeper match: team_abbreviation. Near-draft proxy only; historical endpoint was finalized after the Bishop auction.,204
FantasyPros ECR,2023,2023-09-08,draft,half_ppr,204,TE24,Trey McBride,8130,TE,,,14,ARI,FantasyPros updated timestamp: 1694132397; average rank: 219.78; best: 140; worst: 344; stddev: 41.51; experts: 216; Sleeper match: matched_name. Near-draft proxy only; historical endpoint was finalized after the Bishop auction.,205
FantasyPros ECR,2023,2023-09-08,draft,half_ppr,205,TE25,Mike Gesicki,4993,TE,,,7,CIN,FantasyPros updated timestamp: 1694132397; average rank: 217.19; best: 127; worst: 334; stddev: 43.92; experts: 214; Sleeper match: matched_name. Near-draft proxy only; historical endpoint was finalized after the Bishop auction.,206
FantasyPros ECR,2023,2023-09-08,draft,half_ppr,206,K4,Evan McPherson,7839,K,,,7,CIN,FantasyPros updated timestamp: 1694132397; average rank: 198.08; best: 162; worst: 308; stddev: 18.95; experts: 201; Sleeper match: matched_name. Near-draft proxy only; historical endpoint was finalized after the Bishop auction.,207
FantasyPros ECR,2023,2023-09-08,draft,half_ppr,207,K5,Daniel Carlson,5095,K,,,11,NO,FantasyPros updated timestamp: 1694132397; average rank: 199.49; best: 167; worst: 319; stddev: 25.43; experts: 200; Sleeper match: matched_name. Near-draft proxy only; historical endpoint was finalized after the Bishop auction.,208
FantasyPros ECR,2023,2023-09-08,draft,half_ppr,208,DST8,Denver Broncos,DEN,DEF,,,9,DEN,FantasyPros updated timestamp: 1694132397; average rank: 201.65; best: 160; worst: 355; stddev: 27.09; experts: 201; Sleeper match: team_abbreviation. Near-draft proxy only; historical endpoint was finalized after the Bishop auction.,209
FantasyPros ECR,2023,2023-09-08,draft,half_ppr,209,TE26,Luke Musgrave,9481,TE,,,6,GB,FantasyPros updated timestamp: 1694132397; average rank: 195.96; best: 106; worst: 332; stddev: 50.82; experts: 197; Sleeper match: matched_name. Near-draft proxy only; historical endpoint was finalized after the Bishop auction.,210
FantasyPros ECR,2023,2023-09-08,draft,half_ppr,210,WR83,Wan'Dale Robinson,8126,WR,,,7,TEN,FantasyPros updated timestamp: 1694132397; average rank: 210.64; best: 120; worst: 350; stddev: 40.32; experts: 206; Sleeper match: matched_name. Near-draft proxy only; historical endpoint was finalized after the Bishop auction.,211
FantasyPros ECR,2023,2023-09-08,draft,half_ppr,211,DST9,New Orleans Saints,NO,DEF,,,11,NO,FantasyPros updated timestamp: 1694132397; average rank: 208.86; best: 153; worst: 318; stddev: 22.63; experts: 202; Sleeper match: team_abbreviation. Near-draft proxy only; historical endpoint was finalized after the Bishop auction.,212
FantasyPros ECR,2023,2023-09-08,draft,half_ppr,212,WR84,John Metchie III,8147,WR,,,7,CAR,FantasyPros updated timestamp: 1694132397; average rank: 214.13; best: 131; worst: 362; stddev: 34.30; experts: 205; Sleeper match: matched_name. Near-draft proxy only; historical endpoint was finalized after the Bishop auction.,213
FantasyPros ECR,2023,2023-09-08,draft,half_ppr,213,WR85,Mecole Hardman Jr.,5917,WR,,,,FA,FantasyPros updated timestamp: 1694132397; average rank: 213.16; best: 136; worst: 285; stddev: 27.80; experts: 204; Sleeper match: matched_name. Near-draft proxy only; historical endpoint was finalized after the Bishop auction.,214
FantasyPros ECR,2023,2023-09-08,draft,half_ppr,214,TE27,Noah Fant,5857,TE,,,11,NO,FantasyPros updated timestamp: 1694132397; average rank: 229.80; best: 130; worst: 305; stddev: 34.74; experts: 215; Sleeper match: matched_name. Near-draft proxy only; historical endpoint was finalized after the Bishop auction.,215
FantasyPros ECR,2023,2023-09-08,draft,half_ppr,215,DST10,Pittsburgh Steelers,PIT,DEF,,,6,PIT,FantasyPros updated timestamp: 1694132397; average rank: 209.71; best: 161; worst: 305; stddev: 21.69; experts: 201; Sleeper match: team_abbreviation. Near-draft proxy only; historical endpoint was finalized after the Bishop auction.,216
FantasyPros ECR,2023,2023-09-08,draft,half_ppr,216,RB62,Ty Chandler,8230,RB,,,11,NO,FantasyPros updated timestamp: 1694132397; average rank: 209.20; best: 126; worst: 332; stddev: 52.81; experts: 200; Sleeper match: matched_name. Near-draft proxy only; historical endpoint was finalized after the Bishop auction.,217
FantasyPros ECR,2023,2023-09-08,draft,half_ppr,217,TE28,Jake Ferguson,8110,TE,,,7,DAL,FantasyPros updated timestamp: 1694132397; average rank: 199.74; best: 109; worst: 341; stddev: 56.57; experts: 194; Sleeper match: matched_name. Near-draft proxy only; historical endpoint was finalized after the Bishop auction.,218
FantasyPros ECR,2023,2023-09-08,draft,half_ppr,218,WR86,Josh Downs,9500,WR,,,11,IND,FantasyPros updated timestamp: 1694132397; average rank: 218.77; best: 119; worst: 379; stddev: 32.20; experts: 205; Sleeper match: matched_name. Near-draft proxy only; historical endpoint was finalized after the Bishop auction.,219
FantasyPros ECR,2023,2023-09-08,draft,half_ppr,219,DST11,Kansas City Chiefs,KC,DEF,,,10,KC,FantasyPros updated timestamp: 1694132397; average rank: 212.81; best: 169; worst: 323; stddev: 24.02; experts: 201; Sleeper match: team_abbreviation. Near-draft proxy only; historical endpoint was finalized after the Bishop auction.,220
FantasyPros ECR,2023,2023-09-08,draft,half_ppr,220,WR87,Allen Robinson II,1992,WR,,,,FA,FantasyPros updated timestamp: 1694132397; average rank: 217.88; best: 125; worst: 291; stddev: 29.00; experts: 203; Sleeper match: matched_name. Near-draft proxy only; historical endpoint was finalized after the Bishop auction.,221
FantasyPros ECR,2023,2023-09-08,draft,half_ppr,221,TE29,Taysom Hill,4381,TE,,,,FA,FantasyPros updated timestamp: 1694132397; average rank: 225.27; best: 99; worst: 476; stddev: 50.07; experts: 208; Sleeper match: matched_name. Near-draft proxy only; historical endpoint was finalized after the Bishop auction.,222
FantasyPros ECR,2023,2023-09-08,draft,half_ppr,222,RB63,Kyren Williams,8150,RB,,,10,LAR,FantasyPros updated timestamp: 1694132397; average rank: 230.87; best: 139; worst: 364; stddev: 43.01; experts: 211; Sleeper match: matched_name. Near-draft proxy only; historical endpoint was finalized after the Bishop auction.,223
FantasyPros ECR,2023,2023-09-08,draft,half_ppr,223,RB64,Zack Moss,6845,RB,,,,FA,FantasyPros updated timestamp: 1694132397; average rank: 233.41; best: 126; worst: 388; stddev: 52.56; experts: 212; Sleeper match: matched_name. Near-draft proxy only; historical endpoint was finalized after the Bishop auction.,224
FantasyPros ECR,2023,2023-09-08,draft,half_ppr,224,K6,Younghoe Koo,4666,K,,,,FA,FantasyPros updated timestamp: 1694132397; average rank: 216.47; best: 171; worst: 314; stddev: 19.10; experts: 200; Sleeper match: matched_name. Near-draft proxy only; historical endpoint was finalized after the Bishop auction.,225
FantasyPros ECR,2023,2023-09-08,draft,half_ppr,225,DST12,Miami Dolphins,MIA,DEF,,,10,MIA,FantasyPros updated timestamp: 1694132397; average rank: 219.81; best: 169; worst: 313; stddev: 24.84; experts: 202; Sleeper match: team_abbreviation. Near-draft proxy only; historical endpoint was finalized after the Bishop auction.,226
FantasyPros ECR,2023,2023-09-08,draft,half_ppr,226,QB27,C.J. Stroud,9758,QB,,,7,HOU,FantasyPros updated timestamp: 1694132397; average rank: 243.31; best: 137; worst: 346; stddev: 42.79; experts: 218; Sleeper match: matched_name. Near-draft proxy only; historical endpoint was finalized after the Bishop auction.,227
FantasyPros ECR,2023,2023-09-08,draft,half_ppr,227,QB28,Mac Jones,7527,QB,,,9,SF,FantasyPros updated timestamp: 1694132397; average rank: 244.58; best: 146; worst: 331; stddev: 40.52; experts: 218; Sleeper match: matched_name. Near-draft proxy only; historical endpoint was finalized after the Bishop auction.,228
FantasyPros ECR,2023,2023-09-08,draft,half_ppr,228,QB29,Jimmy Garoppolo,1837,QB,,,10,LAR,FantasyPros updated timestamp: 1694132397; average rank: 243.34; best: 123; worst: 348; stddev: 41.64; experts: 217; Sleeper match: matched_name. Near-draft proxy only; historical endpoint was finalized after the Bishop auction.,229
FantasyPros ECR,2023,2023-09-08,draft,half_ppr,229,TE30,Michael Mayer,9482,TE,,,13,LV,FantasyPros updated timestamp: 1694132397; average rank: 238.51; best: 133; worst: 348; stddev: 39.87; experts: 212; Sleeper match: matched_name. Near-draft proxy only; historical endpoint was finalized after the Bishop auction.,230
FantasyPros ECR,2023,2023-09-08,draft,half_ppr,230,DST13,Cincinnati Bengals,CIN,DEF,,,7,CIN,FantasyPros updated timestamp: 1694132397; average rank: 224.48; best: 175; worst: 321; stddev: 25.65; experts: 200; Sleeper match: team_abbreviation. Near-draft proxy only; historical endpoint was finalized after the Bishop auction.,231
FantasyPros ECR,2023,2023-09-08,draft,half_ppr,231,RB65,Evan Hull,9220,RB,,,14,ARI,FantasyPros updated timestamp: 1694132397; average rank: 226.28; best: 117; worst: 386; stddev: 56.99; experts: 200; Sleeper match: matched_name. Near-draft proxy only; historical endpoint was finalized after the Bishop auction.,232
FantasyPros ECR,2023,2023-09-08,draft,half_ppr,232,DST14,Washington Commanders,WAS,DEF,,,14,WAS,FantasyPros updated timestamp: 1694132397; average rank: 229.15; best: 169; worst: 347; stddev: 27.09; experts: 201; Sleeper match: team_abbreviation. Near-draft proxy only; historical endpoint was finalized after the Bishop auction.,233
FantasyPros ECR,2023,2023-09-08,draft,half_ppr,233,K7,Jason Sanders,5119,K,,,7,NYJ,FantasyPros updated timestamp: 1694132397; average rank: 223.87; best: 175; worst: 331; stddev: 18.30; experts: 197; Sleeper match: matched_name. Near-draft proxy only; historical endpoint was finalized after the Bishop auction.,234
FantasyPros ECR,2023,2023-09-08,draft,half_ppr,234,DST15,Cleveland Browns,CLE,DEF,,,5,CLE,FantasyPros updated timestamp: 1694132397; average rank: 230.80; best: 174; worst: 311; stddev: 22.65; experts: 201; Sleeper match: team_abbreviation. Near-draft proxy only; historical endpoint was finalized after the Bishop auction.,235
FantasyPros ECR,2023,2023-09-08,draft,half_ppr,235,QB30,Kyler Murray,5849,QB,,,13,MIN,FantasyPros updated timestamp: 1694132397; average rank: 244.20; best: 120; worst: 367; stddev: 55.75; experts: 210; Sleeper match: matched_name. Near-draft proxy only; historical endpoint was finalized after the Bishop auction.,236
FantasyPros ECR,2023,2023-09-08,draft,half_ppr,236,K8,Jason Myers,2747,K,,,5,SEA,FantasyPros updated timestamp: 1694132397; average rank: 229.33; best: 174; worst: 320; stddev: 22.18; experts: 199; Sleeper match: matched_name. Near-draft proxy only; historical endpoint was finalized after the Bishop auction.,237
FantasyPros ECR,2023,2023-09-08,draft,half_ppr,237,K9,Brandon McManus,1433,K,,,,FA,FantasyPros updated timestamp: 1694132397; average rank: 227.98; best: 179; worst: 317; stddev: 17.87; experts: 198; Sleeper match: matched_name. Near-draft proxy only; historical endpoint was finalized after the Bishop auction.,238
FantasyPros ECR,2023,2023-09-08,draft,half_ppr,238,K10,Jake Elliott,4195,K,,,10,PHI,FantasyPros updated timestamp: 1694132397; average rank: 229.08; best: 177; worst: 333; stddev: 20.52; experts: 198; Sleeper match: matched_name. Near-draft proxy only; historical endpoint was finalized after the Bishop auction.,239
FantasyPros ECR,2023,2023-09-08,draft,half_ppr,239,WR88,Tank Dell,9502,WR,,,7,HOU,FantasyPros updated timestamp: 1694132397; average rank: 213.19; best: 85; worst: 334; stddev: 46.06; experts: 185; Sleeper match: matched_name. Near-draft proxy only; historical endpoint was finalized after the Bishop auction.,240
FantasyPros ECR,2023,2023-09-08,draft,half_ppr,240,TE31,Zach Ertz,1339,TE,,,,FA,FantasyPros updated timestamp: 1694132397; average rank: 244.92; best: 129; worst: 365; stddev: 44.35; experts: 204; Sleeper match: matched_name. Near-draft proxy only; historical endpoint was finalized after the Bishop auction.,241
FantasyPros ECR,2023,2023-09-08,draft,half_ppr,241,DST16,Green Bay Packers,GB,DEF,,,6,GB,FantasyPros updated timestamp: 1694132397; average rank: 241.08; best: 173; worst: 347; stddev: 26.12; experts: 200; Sleeper match: team_abbreviation. Near-draft proxy only; historical endpoint was finalized after the Bishop auction.,242
FantasyPros ECR,2023,2023-09-08,draft,half_ppr,242,TE32,Cade Otton,8111,TE,,,5,TB,FantasyPros updated timestamp: 1694132397; average rank: 247.89; best: 145; worst: 335; stddev: 39.05; experts: 204; Sleeper match: matched_name. Near-draft proxy only; historical endpoint was finalized after the Bishop auction.,243
FantasyPros ECR,2023,2023-09-08,draft,half_ppr,243,WR89,Terrace Marshall Jr.,7565,WR,,,,FA,FantasyPros updated timestamp: 1694132397; average rank: 237.03; best: 154; worst: 332; stddev: 29.73; experts: 196; Sleeper match: matched_name. Near-draft proxy only; historical endpoint was finalized after the Bishop auction.,244
FantasyPros ECR,2023,2023-09-08,draft,half_ppr,244,DST17,Tampa Bay Buccaneers,TB,DEF,,,5,TB,FantasyPros updated timestamp: 1694132397; average rank: 237.45; best: 165; worst: 347; stddev: 32.14; experts: 196; Sleeper match: team_abbreviation. Near-draft proxy only; historical endpoint was finalized after the Bishop auction.,245
FantasyPros ECR,2023,2023-09-08,draft,half_ppr,245,DST18,Los Angeles Chargers,LAC,DEF,,,5,LAC,FantasyPros updated timestamp: 1694132397; average rank: 239.28; best: 171; worst: 321; stddev: 24.12; experts: 197; Sleeper match: team_abbreviation. Near-draft proxy only; historical endpoint was finalized after the Bishop auction.,246
FantasyPros ECR,2023,2023-09-08,draft,half_ppr,246,RB66,Sean Tucker,9506,RB,,,5,TB,FantasyPros updated timestamp: 1694132397; average rank: 247.36; best: 116; worst: 388; stddev: 59.68; experts: 201; Sleeper match: matched_name. Near-draft proxy only; historical endpoint was finalized after the Bishop auction.,247
FantasyPros ECR,2023,2023-09-08,draft,half_ppr,247,WR90,Richie James Jr.,5137,WR,,,,FA,FantasyPros updated timestamp: 1694132397; average rank: 243.26; best: 141; worst: 370; stddev: 35.95; experts: 197; Sleeper match: matched_name. Near-draft proxy only; historical endpoint was finalized after the Bishop auction.,248
FantasyPros ECR,2023,2023-09-08,draft,half_ppr,248,RB67,Deuce Vaughn,9505,RB,,,,FA,FantasyPros updated timestamp: 1694132397; average rank: 240.17; best: 112; worst: 393; stddev: 53.32; experts: 193; Sleeper match: matched_name. Near-draft proxy only; historical endpoint was finalized after the Bishop auction.,249
FantasyPros ECR,2023,2023-09-08,draft,half_ppr,249,QB31,Desmond Ridder,8159,QB,,,,FA,FantasyPros updated timestamp: 1694132397; average rank: 268.69; best: 152; worst: 334; stddev: 44.76; experts: 214; Sleeper match: matched_name. Near-draft proxy only; historical endpoint was finalized after the Bishop auction.,250
FantasyPros ECR,2023,2023-09-08,draft,half_ppr,250,K11,Graham Gano,503,K,,,,FA,FantasyPros updated timestamp: 1694132397; average rank: 246.99; best: 185; worst: 322; stddev: 22.17; experts: 197; Sleeper match: matched_name. Near-draft proxy only; historical endpoint was finalized after the Bishop auction.,251
FantasyPros ECR,2023,2023-09-08,draft,half_ppr,251,RB68,Deon Jackson,7551,RB,,,,FA,FantasyPros updated timestamp: 1694132397; average rank: 221.44; best: 108; worst: 404; stddev: 63.72; experts: 180; Sleeper match: matched_name. Near-draft proxy only; historical endpoint was finalized after the Bishop auction.,252
FantasyPros ECR,2023,2023-09-08,draft,half_ppr,252,RB69,Michael Carter,7607,RB,,,7,TEN,FantasyPros updated timestamp: 1694132397; average rank: 242.14; best: 141; worst: 415; stddev: 46.18; experts: 193; Sleeper match: matched_name_position. Near-draft proxy only; historical endpoint was finalized after the Bishop auction.,253
FantasyPros ECR,2023,2023-09-08,draft,half_ppr,253,RB70,Chase Edmonds,5000,RB,,,14,WAS,FantasyPros updated timestamp: 1694132397; average rank: 243.99; best: 124; worst: 374; stddev: 42.03; experts: 194; Sleeper match: matched_name. Near-draft proxy only; historical endpoint was finalized after the Bishop auction.,254
FantasyPros ECR,2023,2023-09-08,draft,half_ppr,254,K12,Greg Joseph,5272,K,,,,FA,FantasyPros updated timestamp: 1694132397; average rank: 250.97; best: 188; worst: 334; stddev: 22.09; experts: 197; Sleeper match: matched_name. Near-draft proxy only; historical endpoint was finalized after the Bishop auction.,255
FantasyPros ECR,2023,2023-09-08,draft,half_ppr,255,K13,Greg Zuerlein,1266,K,,,,FA,FantasyPros updated timestamp: 1694132397; average rank: 250.99; best: 190; worst: 348; stddev: 25.55; experts: 197; Sleeper match: matched_name. Near-draft proxy only; historical endpoint was finalized after the Bishop auction.,256
FantasyPros ECR,2023,2023-09-08,draft,half_ppr,256,TE33,Tyler Conklin,5133,TE,,,9,DET,FantasyPros updated timestamp: 1694132397; average rank: 232.72; best: 125; worst: 366; stddev: 50.66; experts: 184; Sleeper match: matched_name. Near-draft proxy only; historical endpoint was finalized after the Bishop auction.,257
FantasyPros ECR,2023,2023-09-08,draft,half_ppr,257,DST19,Jacksonville Jaguars,JAC,DEF,,,9,JAC,FantasyPros updated timestamp: 1694132397; average rank: 254.74; best: 187; worst: 355; stddev: 28.20; experts: 198; Sleeper match: team_abbreviation. Near-draft proxy only; historical endpoint was finalized after the Bishop auction.,258
FantasyPros ECR,2023,2023-09-08,draft,half_ppr,258,WR91,Josh Reynolds,4171,WR,,,,FA,FantasyPros updated timestamp: 1694132397; average rank: 245.79; best: 172; worst: 328; stddev: 30.10; experts: 191; Sleeper match: matched_name. Near-draft proxy only; historical endpoint was finalized after the Bishop auction.,259
FantasyPros ECR,2023,2023-09-08,draft,half_ppr,259,RB71,Kareem Hunt,4098,RB,,,,FA,FantasyPros updated timestamp: 1694132397; average rank: 232.17; best: 94; worst: 398; stddev: 46.77; experts: 182; Sleeper match: matched_name. Near-draft proxy only; historical endpoint was finalized after the Bishop auction.,260
FantasyPros ECR,2023,2023-09-08,draft,half_ppr,260,WR92,Marvin Jones Jr.,1067,WR,,,,FA,FantasyPros updated timestamp: 1694132397; average rank: 240.84; best: 145; worst: 309; stddev: 28.86; experts: 187; Sleeper match: matched_name_position. Near-draft proxy only; historical endpoint was finalized after the Bishop auction.,261
FantasyPros ECR,2023,2023-09-08,draft,half_ppr,261,TE34,Isaiah Likely,8131,TE,,,13,NYG,FantasyPros updated timestamp: 1694132397; average rank: 263.58; best: 159; worst: 464; stddev: 36.32; experts: 203; Sleeper match: matched_name. Near-draft proxy only; historical endpoint was finalized after the Bishop auction.,262
FantasyPros ECR,2023,2023-09-08,draft,half_ppr,262,RB72,Chase Brown,9224,RB,,,7,CIN,FantasyPros updated timestamp: 1694132397; average rank: 251.14; best: 139; worst: 367; stddev: 42.68; experts: 193; Sleeper match: matched_name. Near-draft proxy only; historical endpoint was finalized after the Bishop auction.,263
FantasyPros ECR,2023,2023-09-08,draft,half_ppr,263,WR93,Mack Hollins,4177,WR,,,11,NE,FantasyPros updated timestamp: 1694132397; average rank: 241.69; best: 136; worst: 370; stddev: 31.13; experts: 186; Sleeper match: matched_name. Near-draft proxy only; historical endpoint was finalized after the Bishop auction.,264
FantasyPros ECR,2023,2023-09-08,draft,half_ppr,264,K14,Wil Lutz,3678,K,,,9,DEN,FantasyPros updated timestamp: 1694132397; average rank: 260.37; best: 181; worst: 327; stddev: 23.30; experts: 195; Sleeper match: matched_name. Near-draft proxy only; historical endpoint was finalized after the Bishop auction.,265
FantasyPros ECR,2023,2023-09-08,draft,half_ppr,265,RB73,Pierre Strong Jr.,8116,RB,,,6,GB,FantasyPros updated timestamp: 1694132397; average rank: 256.41; best: 159; worst: 419; stddev: 42.53; experts: 191; Sleeper match: matched_name. Near-draft proxy only; historical endpoint was finalized after the Bishop auction.,266
FantasyPros ECR,2023,2023-09-08,draft,half_ppr,266,QB32,Baker Mayfield,4892,QB,,,5,TB,FantasyPros updated timestamp: 1694132397; average rank: 283.40; best: 167; worst: 367; stddev: 45.28; experts: 212; Sleeper match: matched_name. Near-draft proxy only; historical endpoint was finalized after the Bishop auction.,267
FantasyPros ECR,2023,2023-09-08,draft,half_ppr,267,WR94,Tyquan Thornton,8188,WR,,,10,KC,FantasyPros updated timestamp: 1694132397; average rank: 236.01; best: 185; worst: 336; stddev: 32.80; experts: 177; Sleeper match: matched_name. Near-draft proxy only; historical endpoint was finalized after the Bishop auction.,268
FantasyPros ECR,2023,2023-09-08,draft,half_ppr,268,K15,Matt Gay,6083,K,,,13,LV,FantasyPros updated timestamp: 1694132397; average rank: 250.68; best: 183; worst: 370; stddev: 30.23; experts: 186; Sleeper match: matched_name. Near-draft proxy only; historical endpoint was finalized after the Bishop auction.,269
FantasyPros ECR,2023,2023-09-08,draft,half_ppr,269,WR95,Kendrick Bourne,4454,WR,,,14,ARI,FantasyPros updated timestamp: 1694132397; average rank: 247.21; best: 138; worst: 347; stddev: 34.54; experts: 183; Sleeper match: matched_name. Near-draft proxy only; historical endpoint was finalized after the Bishop auction.,270
FantasyPros ECR,2023,2023-09-08,draft,half_ppr,270,RB74,Keaontay Ingram,8221,RB,,,,FA,FantasyPros updated timestamp: 1694132397; average rank: 245.86; best: 147; worst: 374; stddev: 52.79; experts: 180; Sleeper match: matched_name. Near-draft proxy only; historical endpoint was finalized after the Bishop auction.,271
FantasyPros ECR,2023,2023-09-08,draft,half_ppr,271,K16,Nick Folk,650,K,,,11,ATL,FantasyPros updated timestamp: 1694132397; average rank: 257.25; best: 191; worst: 413; stddev: 35.92; experts: 187; Sleeper match: matched_name. Near-draft proxy only; historical endpoint was finalized after the Bishop auction.,272
FantasyPros ECR,2023,2023-09-08,draft,half_ppr,272,DST20,Indianapolis Colts,IND,DEF,,,11,IND,FantasyPros updated timestamp: 1694132397; average rank: 268.77; best: 171; worst: 356; stddev: 29.61; experts: 194; Sleeper match: team_abbreviation. Near-draft proxy only; historical endpoint was finalized after the Bishop auction.,273
FantasyPros ECR,2023,2023-09-08,draft,half_ppr,273,WR96,Puka Nacua,9493,WR,,,10,LAR,FantasyPros updated timestamp: 1694132397; average rank: 227.41; best: 91; worst: 452; stddev: 51.27; experts: 166; Sleeper match: matched_name. Near-draft proxy only; historical endpoint was finalized after the Bishop auction.,274
FantasyPros ECR,2023,2023-09-08,draft,half_ppr,274,TE35,Jelani Woods,8219,TE,,,7,NYJ,FantasyPros updated timestamp: 1694132397; average rank: 269.06; best: 144; worst: 484; stddev: 40.30; experts: 193; Sleeper match: matched_name. Near-draft proxy only; historical endpoint was finalized after the Bishop auction.,275
FantasyPros ECR,2023,2023-09-08,draft,half_ppr,275,WR97,Sterling Shepard,3200,WR,,,7,HOU,FantasyPros updated timestamp: 1694132397; average rank: 255.26; best: 158; worst: 400; stddev: 36.07; experts: 183; Sleeper match: matched_name. Near-draft proxy only; historical endpoint was finalized after the Bishop auction.,276
FantasyPros ECR,2023,2023-09-08,draft,half_ppr,276,RB75,Leonard Fournette,3969,RB,,,,FA,FantasyPros updated timestamp: 1694132397; average rank: 240.06; best: 135; worst: 400; stddev: 49.07; experts: 173; Sleeper match: matched_name. Near-draft proxy only; historical endpoint was finalized after the Bishop auction.,277
FantasyPros ECR,2023,2023-09-08,draft,half_ppr,277,WR98,Michael Wilson,10232,WR,,,14,ARI,FantasyPros updated timestamp: 1694132397; average rank: 223.78; best: 119; worst: 360; stddev: 46.70; experts: 161; Sleeper match: matched_name. Near-draft proxy only; historical endpoint was finalized after the Bishop auction.,278
FantasyPros ECR,2023,2023-09-08,draft,half_ppr,278,DST21,Seattle Seahawks,SEA,DEF,,,5,SEA,FantasyPros updated timestamp: 1694132397; average rank: 275.88; best: 201; worst: 416; stddev: 34.44; experts: 194; Sleeper match: team_abbreviation. Near-draft proxy only; historical endpoint was finalized after the Bishop auction.,279
FantasyPros ECR,2023,2023-09-08,draft,half_ppr,279,WR99,Khalil Shakir,8134,WR,,,13,BUF,FantasyPros updated timestamp: 1694132397; average rank: 252.47; best: 136; worst: 368; stddev: 37.97; experts: 175; Sleeper match: matched_name. Near-draft proxy only; historical endpoint was finalized after the Bishop auction.,280
FantasyPros ECR,2023,2023-09-08,draft,half_ppr,280,DST22,Carolina Panthers,CAR,DEF,,,7,CAR,FantasyPros updated timestamp: 1694132397; average rank: 279.63; best: 198; worst: 355; stddev: 27.35; experts: 192; Sleeper match: team_abbreviation. Near-draft proxy only; historical endpoint was finalized after the Bishop auction.,281
FantasyPros ECR,2023,2023-09-08,draft,half_ppr,281,RB76,Isaiah Spiller,8153,RB,,,,FA,FantasyPros updated timestamp: 1694132397; average rank: 270.51; best: 155; worst: 350; stddev: 36.81; experts: 185; Sleeper match: matched_name. Near-draft proxy only; historical endpoint was finalized after the Bishop auction.,282
FantasyPros ECR,2023,2023-09-08,draft,half_ppr,282,K17,Riley Patterson,7922,K,,,10,MIA,FantasyPros updated timestamp: 1694132397; average rank: 276.88; best: 182; worst: 409; stddev: 29.87; experts: 186; Sleeper match: matched_name. Near-draft proxy only; historical endpoint was finalized after the Bishop auction.,283
FantasyPros ECR,2023,2023-09-08,draft,half_ppr,283,RB77,Zach Evans,9222,RB,,,,FA,FantasyPros updated timestamp: 1694132397; average rank: 270.53; best: 149; worst: 464; stddev: 44.52; experts: 181; Sleeper match: matched_name. Near-draft proxy only; historical endpoint was finalized after the Bishop auction.,284
FantasyPros ECR,2023,2023-09-08,draft,half_ppr,284,K18,Chris Boswell,1945,K,,,6,PIT,FantasyPros updated timestamp: 1694132397; average rank: 278.11; best: 195; worst: 321; stddev: 24.73; experts: 185; Sleeper match: matched_name. Near-draft proxy only; historical endpoint was finalized after the Bishop auction.,285
FantasyPros ECR,2023,2023-09-08,draft,half_ppr,285,K19,Dustin Hopkins,1348,K,,,,FA,FantasyPros updated timestamp: 1694132397; average rank: 282.24; best: 204; worst: 353; stddev: 24.05; experts: 186; Sleeper match: matched_name. Near-draft proxy only; historical endpoint was finalized after the Bishop auction.,286
FantasyPros ECR,2023,2023-09-08,draft,half_ppr,286,RB78,Chris Evans,7794,RB,,,,FA,FantasyPros updated timestamp: 1694132397; average rank: 277.39; best: 139; worst: 365; stddev: 45.68; experts: 182; Sleeper match: matched_name. Near-draft proxy only; historical endpoint was finalized after the Bishop auction.,287
FantasyPros ECR,2023,2023-09-08,draft,half_ppr,287,RB79,Latavius Murray,1476,RB,,,,FA,FantasyPros updated timestamp: 1694132397; average rank: 276.42; best: 153; worst: 349; stddev: 39.22; experts: 181; Sleeper match: matched_name. Near-draft proxy only; historical endpoint was finalized after the Bishop auction.,288
FantasyPros ECR,2023,2023-09-08,draft,half_ppr,288,DST23,New York Giants,NYG,DEF,,,13,NYG,FantasyPros updated timestamp: 1694132397; average rank: 288.34; best: 208; worst: 415; stddev: 31.13; experts: 190; Sleeper match: team_abbreviation. Near-draft proxy only; historical endpoint was finalized after the Bishop auction.,289
FantasyPros ECR,2023,2023-09-08,draft,half_ppr,289,TE36,Logan Thomas,2251,TE,,,,FA,FantasyPros updated timestamp: 1694132397; average rank: 266.09; best: 144; worst: 344; stddev: 35.14; experts: 172; Sleeper match: matched_name. Near-draft proxy only; historical endpoint was finalized after the Bishop auction.,290
FantasyPros ECR,2023,2023-09-08,draft,half_ppr,290,DST24,Tennessee Titans,TEN,DEF,,,7,TEN,FantasyPros updated timestamp: 1694132397; average rank: 289.43; best: 209; worst: 414; stddev: 32.33; experts: 189; Sleeper match: team_abbreviation. Near-draft proxy only; historical endpoint was finalized after the Bishop auction.,291
FantasyPros ECR,2023,2023-09-08,draft,half_ppr,291,K20,Jake Moody,10937,K,,,,FA,FantasyPros updated timestamp: 1694132397; average rank: 262.68; best: 185; worst: 387; stddev: 31.95; experts: 166; Sleeper match: matched_name. Near-draft proxy only; historical endpoint was finalized after the Bishop auction.,292
FantasyPros ECR,2023,2023-09-08,draft,half_ppr,292,RB80,Matt Breida,4455,RB,,,,FA,FantasyPros updated timestamp: 1694132397; average rank: 280.70; best: 177; worst: 382; stddev: 31.27; experts: 178; Sleeper match: matched_name. Near-draft proxy only; historical endpoint was finalized after the Bishop auction.,293
FantasyPros ECR,2023,2023-09-08,draft,half_ppr,293,DST25,Los Angeles Rams,LAR,DEF,,,10,LAR,FantasyPros updated timestamp: 1694132397; average rank: 280.37; best: 200; worst: 356; stddev: 37.52; experts: 176; Sleeper match: team_abbreviation. Near-draft proxy only; historical endpoint was finalized after the Bishop auction.,294
FantasyPros ECR,2023,2023-09-08,draft,half_ppr,294,DST26,Detroit Lions,DET,DEF,,,9,DET,FantasyPros updated timestamp: 1694132397; average rank: 296.61; best: 214; worst: 351; stddev: 27.64; experts: 181; Sleeper match: team_abbreviation. Near-draft proxy only; historical endpoint was finalized after the Bishop auction.,295
FantasyPros ECR,2023,2023-09-08,draft,half_ppr,295,RB81,Israel Abanikanda,9227,RB,,,7,DAL,FantasyPros updated timestamp: 1694132397; average rank: 286.90; best: 167; worst: 403; stddev: 39.84; experts: 173; Sleeper match: matched_name. Near-draft proxy only; historical endpoint was finalized after the Bishop auction.,296
FantasyPros ECR,2023,2023-09-08,draft,half_ppr,296,K21,Matt Prater,17,K,,,,FA,FantasyPros updated timestamp: 1694132397; average rank: 276.11; best: 202; worst: 404; stddev: 32.32; experts: 162; Sleeper match: matched_name. Near-draft proxy only; historical endpoint was finalized after the Bishop auction.,297
FantasyPros ECR,2023,2023-09-08,draft,half_ppr,297,K22,Cairo Santos,2020,K,,,13,CHI,FantasyPros updated timestamp: 1694132397; average rank: 297.20; best: 193; worst: 406; stddev: 28.26; experts: 176; Sleeper match: matched_name. Near-draft proxy only; historical endpoint was finalized after the Bishop auction.,298
FantasyPros ECR,2023,2023-09-08,draft,half_ppr,298,WR100,Laviska Shenault Jr.,6814,WR,,,,FA,FantasyPros updated timestamp: 1694132397; average rank: 272.20; best: 207; worst: 370; stddev: 28.01; experts: 158; Sleeper match: matched_name. Near-draft proxy only; historical endpoint was finalized after the Bishop auction.,299
FantasyPros ECR,2023,2023-09-08,draft,half_ppr,299,WR101,Quez Watkins,6927,WR,,,10,PHI,FantasyPros updated timestamp: 1694132397; average rank: 275.72; best: 216; worst: 455; stddev: 30.02; experts: 157; Sleeper match: matched_name. Near-draft proxy only; historical endpoint was finalized after the Bishop auction.,300
FantasyPros ECR,2023,2023-09-08,draft,half_ppr,300,K23,Cameron Dicker,8259,K,,,5,LAC,FantasyPros updated timestamp: 1694132397; average rank: 271.01; best: 187; worst: 391; stddev: 42.69; experts: 153; Sleeper match: matched_name. Near-draft proxy only; historical endpoint was finalized after the Bishop auction.,301
FantasyPros ECR,2023,2023-09-08,draft,half_ppr,301,WR102,Justyn Ross,8140,WR,,,,FA,FantasyPros updated timestamp: 1694132397; average rank: 252.09; best: 111; worst: 402; stddev: 53.24; experts: 142; Sleeper match: matched_name. Near-draft proxy only; historical endpoint was finalized after the Bishop auction.,302
FantasyPros ECR,2023,2023-09-08,draft,half_ppr,302,WR103,Braxton Berrios,5121,WR,,,13,NYG,FantasyPros updated timestamp: 1694132397; average rank: 275.59; best: 189; worst: 373; stddev: 30.39; experts: 155; Sleeper match: matched_name. Near-draft proxy only; historical endpoint was finalized after the Bishop auction.,303
FantasyPros ECR,2023,2023-09-08,draft,half_ppr,303,WR104,Cedric Tillman,10444,WR,,,,FA,FantasyPros updated timestamp: 1694132397; average rank: 264.12; best: 143; worst: 351; stddev: 36.71; experts: 147; Sleeper match: matched_name. Near-draft proxy only; historical endpoint was finalized after the Bishop auction.,304
FantasyPros ECR,2023,2023-09-08,draft,half_ppr,304,WR105,Isaiah McKenzie,4197,WR,,,,FA,FantasyPros updated timestamp: 1694132397; average rank: 274.52; best: 195; worst: 369; stddev: 34.83; experts: 153; Sleeper match: matched_name. Near-draft proxy only; historical endpoint was finalized after the Bishop auction.,305
FantasyPros ECR,2023,2023-09-08,draft,half_ppr,305,RB82,Boston Scott,5122,RB,,,,FA,FantasyPros updated timestamp: 1694132397; average rank: 298.25; best: 198; worst: 456; stddev: 39.39; experts: 164; Sleeper match: matched_name. Near-draft proxy only; historical endpoint was finalized after the Bishop auction.,306
FantasyPros ECR,2023,2023-09-08,draft,half_ppr,306,RB83,Jordan Mason,8408,RB,,,13,MIN,FantasyPros updated timestamp: 1694132397; average rank: 296.84; best: 197; worst: 382; stddev: 29.34; experts: 159; Sleeper match: matched_name. Near-draft proxy only; historical endpoint was finalized after the Bishop auction.,307
FantasyPros ECR,2023,2023-09-08,draft,half_ppr,307,DST27,Minnesota Vikings,MIN,DEF,,,13,MIN,FantasyPros updated timestamp: 1694132397; average rank: 309.37; best: 216; worst: 417; stddev: 29.95; experts: 167; Sleeper match: team_abbreviation. Near-draft proxy only; historical endpoint was finalized after the Bishop auction.,308
FantasyPros ECR,2023,2023-09-08,draft,half_ppr,308,WR106,Nick Westbrook-Ikhine,7496,WR,,,11,IND,FantasyPros updated timestamp: 1694132397; average rank: 285.28; best: 207; worst: 408; stddev: 34.04; experts: 149; Sleeper match: matched_name. Near-draft proxy only; historical endpoint was finalized after the Bishop auction.,309
FantasyPros ECR,2023,2023-09-08,draft,half_ppr,309,RB84,JaMycal Hasty,6996,RB,,,11,NE,FantasyPros updated timestamp: 1694132397; average rank: 297.47; best: 176; worst: 386; stddev: 29.23; experts: 157; Sleeper match: matched_name. Near-draft proxy only; historical endpoint was finalized after the Bishop auction.,310
FantasyPros ECR,2023,2023-09-08,draft,half_ppr,310,K24,Ka'imi Fairbairn,3451,K,,,7,HOU,FantasyPros updated timestamp: 1694132397; average rank: 302.49; best: 220; worst: 405; stddev: 26.67; experts: 159; Sleeper match: matched_name. Near-draft proxy only; historical endpoint was finalized after the Bishop auction.,311
FantasyPros ECR,2023,2023-09-08,draft,half_ppr,311,RB85,D'Ernest Johnson,6694,RB,,,7,TEN,FantasyPros updated timestamp: 1694132397; average rank: 295.37; best: 211; worst: 467; stddev: 38.33; experts: 145; Sleeper match: matched_name. Near-draft proxy only; historical endpoint was finalized after the Bishop auction.,312
FantasyPros ECR,2023,2023-09-08,draft,half_ppr,312,WR107,Devin Duvernay,6847,WR,,,14,ARI,FantasyPros updated timestamp: 1694132397; average rank: 293.24; best: 219; worst: 438; stddev: 39.47; experts: 140; Sleeper match: matched_name. Near-draft proxy only; historical endpoint was finalized after the Bishop auction.,313
FantasyPros ECR,2023,2023-09-08,draft,half_ppr,313,WR108,Kayshon Boutte,9504,WR,,,7,HOU,FantasyPros updated timestamp: 1694132397; average rank: 288.02; best: 195; worst: 426; stddev: 36.85; experts: 136; Sleeper match: matched_name. Near-draft proxy only; historical endpoint was finalized after the Bishop auction.,314
FantasyPros ECR,2023,2023-09-08,draft,half_ppr,314,RB86,Rico Dowdle,7021,RB,,,6,PIT,FantasyPros updated timestamp: 1694132397; average rank: 255.43; best: 117; worst: 444; stddev: 59.44; experts: 113; Sleeper match: matched_name. Near-draft proxy only; historical endpoint was finalized after the Bishop auction.,315
FantasyPros ECR,2023,2023-09-08,draft,half_ppr,315,TE37,Austin Hooper,3202,TE,,,11,ATL,FantasyPros updated timestamp: 1694132397; average rank: 294.20; best: 161; worst: 351; stddev: 34.68; experts: 132; Sleeper match: matched_name. Near-draft proxy only; historical endpoint was finalized after the Bishop auction.,316
FantasyPros ECR,2023,2023-09-08,draft,half_ppr,316,RB87,Salvon Ahmed,6918,RB,,,13,CHI,FantasyPros updated timestamp: 1694132397; average rank: 309.34; best: 162; worst: 412; stddev: 38.91; experts: 138; Sleeper match: matched_name. Near-draft proxy only; historical endpoint was finalized after the Bishop auction.,317
FantasyPros ECR,2023,2023-09-08,draft,half_ppr,317,TE38,Daniel Bellinger,8225,TE,,,7,TEN,FantasyPros updated timestamp: 1694132397; average rank: 302.64; best: 198; worst: 394; stddev: 38.26; experts: 131; Sleeper match: matched_name. Near-draft proxy only; historical endpoint was finalized after the Bishop auction.,318
FantasyPros ECR,2023,2023-09-08,draft,half_ppr,318,RB88,Tyrion Davis-Price,8211,RB,,,,FA,FantasyPros updated timestamp: 1694132397; average rank: 316.79; best: 237; worst: 440; stddev: 32.94; experts: 138; Sleeper match: matched_name. Near-draft proxy only; historical endpoint was finalized after the Bishop auction.,319
FantasyPros ECR,2023,2023-09-08,draft,half_ppr,319,WR109,Tutu Atwell,7562,WR,,,10,LAR,FantasyPros updated timestamp: 1694132397; average rank: 262.00; best: 164; worst: 488; stddev: 50.70; experts: 109; Sleeper match: matched_name. Near-draft proxy only; historical endpoint was finalized after the Bishop auction.,320
FantasyPros ECR,2023,2023-09-08,draft,half_ppr,320,RB89,Ronald Jones II,,RB,,,,FA,FantasyPros updated timestamp: 1694132397; average rank: 311.69; best: 209; worst: 418; stddev: 31.89; experts: 131; Sleeper match: ambiguous_name. Near-draft proxy only; historical endpoint was finalized after the Bishop auction.,321
FantasyPros ECR,2023,2023-09-08,draft,half_ppr,321,RB90,Eric Gray,10223,RB,,,13,NYG,FantasyPros updated timestamp: 1694132397; average rank: 314.46; best: 227; worst: 407; stddev: 31.55; experts: 126; Sleeper match: matched_name. Near-draft proxy only; historical endpoint was finalized after the Bishop auction.,322
FantasyPros ECR,2023,2023-09-08,draft,half_ppr,322,RB91,Trayveon Williams,6144,RB,,,9,DET,FantasyPros updated timestamp: 1694132397; average rank: 304.08; best: 155; worst: 417; stddev: 46.50; experts: 120; Sleeper match: matched_name. Near-draft proxy only; historical endpoint was finalized after the Bishop auction.,323
FantasyPros ECR,2023,2023-09-08,draft,half_ppr,323,RB92,Myles Gaskin,5980,RB,,,,FA,FantasyPros updated timestamp: 1694132397; average rank: 318.04; best: 202; worst: 443; stddev: 38.58; experts: 127; Sleeper match: matched_name. Near-draft proxy only; historical endpoint was finalized after the Bishop auction.,324
FantasyPros ECR,2023,2023-09-08,draft,half_ppr,324,QB33,Jacoby Brissett,3257,QB,,,14,ARI,FantasyPros updated timestamp: 1694132397; average rank: 333.23; best: 232; worst: 595; stddev: 37.44; experts: 132; Sleeper match: matched_name. Near-draft proxy only; historical endpoint was finalized after the Bishop auction.,325
FantasyPros ECR,2023,2023-09-08,draft,half_ppr,325,K25,Brett Maher,4958,K,,,,FA,FantasyPros updated timestamp: 1694132397; average rank: 304.50; best: 191; worst: 380; stddev: 32.49; experts: 110; Sleeper match: matched_name. Near-draft proxy only; historical endpoint was finalized after the Bishop auction.,326
FantasyPros ECR,2023,2023-09-08,draft,half_ppr,326,RB93,DeeJay Dallas,6931,RB,,,9,JAC,FantasyPros updated timestamp: 1694132397; average rank: 328.63; best: 254; worst: 420; stddev: 29.60; experts: 123; Sleeper match: matched_name. Near-draft proxy only; historical endpoint was finalized after the Bishop auction.,327
FantasyPros ECR,2023,2023-09-08,draft,half_ppr,327,WR110,Deonte Harty,6234,WR,,,,FA,FantasyPros updated timestamp: 1694132397; average rank: 269.52; best: 168; worst: 375; stddev: 47.54; experts: 93; Sleeper match: matched_name. Near-draft proxy only; historical endpoint was finalized after the Bishop auction.,328
FantasyPros ECR,2023,2023-09-08,draft,half_ppr,328,RB94,Bam Knight,,RB,,,14,ARI,FantasyPros updated timestamp: 1694132397; average rank: 306.30; best: 190; worst: 451; stddev: 41.21; experts: 108; Sleeper match: unmatched. Near-draft proxy only; historical endpoint was finalized after the Bishop auction.,329
FantasyPros ECR,2023,2023-09-08,draft,half_ppr,329,WR111,Greg Dortch,5970,WR,,,9,DET,FantasyPros updated timestamp: 1694132397; average rank: 277.12; best: 188; worst: 356; stddev: 41.44; experts: 95; Sleeper match: matched_name. Near-draft proxy only; historical endpoint was finalized after the Bishop auction.,330
FantasyPros ECR,2023,2023-09-08,draft,half_ppr,330,WR112,David Bell,8118,WR,,,,FA,FantasyPros updated timestamp: 1694132397; average rank: 302.92; best: 214; worst: 509; stddev: 49.25; experts: 105; Sleeper match: matched_name. Near-draft proxy only; historical endpoint was finalized after the Bishop auction.,331
FantasyPros ECR,2023,2023-09-08,draft,half_ppr,331,RB95,DeWayne McBride,9512,RB,,,,FA,FantasyPros updated timestamp: 1694132397; average rank: 306.43; best: 198; worst: 401; stddev: 39.24; experts: 105; Sleeper match: matched_name. Near-draft proxy only; historical endpoint was finalized after the Bishop auction.,332
FantasyPros ECR,2023,2023-09-08,draft,half_ppr,332,TE39,Adam Trautman,6869,TE,,,9,DEN,FantasyPros updated timestamp: 1694132397; average rank: 295.26; best: 144; worst: 380; stddev: 52.62; experts: 98; Sleeper match: matched_name. Near-draft proxy only; historical endpoint was finalized after the Bishop auction.,333
FantasyPros ECR,2023,2023-09-08,draft,half_ppr,333,WR113,Trey Palmer,9492,WR,,,11,NO,FantasyPros updated timestamp: 1694132397; average rank: 262.86; best: 157; worst: 435; stddev: 48.80; experts: 84; Sleeper match: matched_name. Near-draft proxy only; historical endpoint was finalized after the Bishop auction.,334
FantasyPros ECR,2023,2023-09-08,draft,half_ppr,334,K26,Eddy Pineiro,5189,K,,,9,SF,FantasyPros updated timestamp: 1694132397; average rank: 308.24; best: 209; worst: 408; stddev: 36.78; experts: 97; Sleeper match: matched_name. Near-draft proxy only; historical endpoint was finalized after the Bishop auction.,335
FantasyPros ECR,2023,2023-09-08,draft,half_ppr,335,WR114,Nelson Agholor,2325,WR,,,,FA,FantasyPros updated timestamp: 1694132397; average rank: 313.48; best: 243; worst: 516; stddev: 39.92; experts: 92; Sleeper match: matched_name. Near-draft proxy only; historical endpoint was finalized after the Bishop auction.,336
FantasyPros ECR,2023,2023-09-08,draft,half_ppr,336,RB96,Melvin Gordon III,2320,RB,,,,FA,FantasyPros updated timestamp: 1694132397; average rank: 330.94; best: 231; worst: 459; stddev: 34.41; experts: 99; Sleeper match: matched_name. Near-draft proxy only; historical endpoint was finalized after the Bishop auction.,337
FantasyPros ECR,2023,2023-09-08,draft,half_ppr,337,K27,Michael Badgley,5230,K,,,,FA,FantasyPros updated timestamp: 1694132397; average rank: 304.73; best: 226; worst: 404; stddev: 26.82; experts: 87; Sleeper match: matched_name. Near-draft proxy only; historical endpoint was finalized after the Bishop auction.,338
FantasyPros ECR,2023,2023-09-08,draft,half_ppr,338,RB97,James Robinson,6955,RB,,,,FA,FantasyPros updated timestamp: 1694132397; average rank: 299.65; best: 183; worst: 427; stddev: 51.25; experts: 84; Sleeper match: matched_name. Near-draft proxy only; historical endpoint was finalized after the Bishop auction.,339
FantasyPros ECR,2023,2023-09-08,draft,half_ppr,339,TE40,Luke Schoonmaker,10871,TE,,,7,DAL,FantasyPros updated timestamp: 1694132397; average rank: 318.12; best: 225; worst: 393; stddev: 37.47; experts: 91; Sleeper match: matched_name. Near-draft proxy only; historical endpoint was finalized after the Bishop auction.,340
FantasyPros ECR,2023,2023-09-08,draft,half_ppr,340,WR115,Randall Cobb,928,WR,,,,FA,FantasyPros updated timestamp: 1694132397; average rank: 277.68; best: 203; worst: 410; stddev: 43.61; experts: 76; Sleeper match: matched_name. Near-draft proxy only; historical endpoint was finalized after the Bishop auction.,341
FantasyPros ECR,2023,2023-09-08,draft,half_ppr,341,RB98,Malik Davis,8800,RB,,,7,DAL,FantasyPros updated timestamp: 1694132397; average rank: 310.33; best: 184; worst: 429; stddev: 42.60; experts: 86; Sleeper match: matched_name. Near-draft proxy only; historical endpoint was finalized after the Bishop auction.,342
FantasyPros ECR,2023,2023-09-08,draft,half_ppr,342,RB99,Ke'Shawn Vaughn,6885,RB,,,,FA,FantasyPros updated timestamp: 1694132397; average rank: 313.76; best: 189; worst: 400; stddev: 35.96; experts: 87; Sleeper match: matched_name. Near-draft proxy only; historical endpoint was finalized after the Bishop auction.,343
FantasyPros ECR,2023,2023-09-08,draft,half_ppr,343,WR116,Kyle Philips,8171,WR,,,,FA,FantasyPros updated timestamp: 1694132397; average rank: 301.04; best: 217; worst: 408; stddev: 34.22; experts: 81; Sleeper match: matched_name. Near-draft proxy only; historical endpoint was finalized after the Bishop auction.,344
FantasyPros ECR,2023,2023-09-08,draft,half_ppr,344,TE41,Jonnu Smith,4144,TE,,,6,GB,FantasyPros updated timestamp: 1694132397; average rank: 326.57; best: 214; worst: 450; stddev: 38.02; experts: 90; Sleeper match: matched_name. Near-draft proxy only; historical endpoint was finalized after the Bishop auction.,345
FantasyPros ECR,2023,2023-09-08,draft,half_ppr,345,TE42,Noah Gray,7828,TE,,,10,KC,FantasyPros updated timestamp: 1694132397; average rank: 305.88; best: 167; worst: 387; stddev: 45.33; experts: 81; Sleeper match: matched_name. Near-draft proxy only; historical endpoint was finalized after the Bishop auction.,346
FantasyPros ECR,2023,2023-09-08,draft,half_ppr,346,QB34,Joshua Dobbs,4179,QB,,,9,DET,FantasyPros updated timestamp: 1694132397; average rank: 323.83; best: 201; worst: 628; stddev: 51.79; experts: 87; Sleeper match: matched_name. Near-draft proxy only; historical endpoint was finalized after the Bishop auction.,347
FantasyPros ECR,2023,2023-09-08,draft,half_ppr,347,K28,Cade York,8258,K,,,,FA,FantasyPros updated timestamp: 1694132397; average rank: 306.00; best: 197; worst: 372; stddev: 31.86; experts: 80; Sleeper match: matched_name. Near-draft proxy only; historical endpoint was finalized after the Bishop auction.,348
FantasyPros ECR,2023,2023-09-08,draft,half_ppr,348,TE43,Robert Tonyan,4602,TE,,,6,PIT,FantasyPros updated timestamp: 1694132397; average rank: 325.45; best: 199; worst: 398; stddev: 41.26; experts: 87; Sleeper match: matched_name. Near-draft proxy only; historical endpoint was finalized after the Bishop auction.,349
FantasyPros ECR,2023,2023-09-08,draft,half_ppr,349,WR117,Noah Brown,4234,WR,,,,FA,FantasyPros updated timestamp: 1694132397; average rank: 303.64; best: 226; worst: 411; stddev: 41.44; experts: 77; Sleeper match: matched_name. Near-draft proxy only; historical endpoint was finalized after the Bishop auction.,350
FantasyPros ECR,2023,2023-09-08,draft,half_ppr,350,QB35,Trey Lance,7610,QB,,,5,LAC,FantasyPros updated timestamp: 1694132397; average rank: 322.55; best: 202; worst: 606; stddev: 50.14; experts: 81; Sleeper match: matched_name. Near-draft proxy only; historical endpoint was finalized after the Bishop auction.,351
FantasyPros ECR,2023,2023-09-08,draft,half_ppr,351,QB36,Will Levis,9999,QB,,,7,TEN,FantasyPros updated timestamp: 1694132397; average rank: 333.63; best: 256; worst: 621; stddev: 40.95; experts: 84; Sleeper match: matched_name. Near-draft proxy only; historical endpoint was finalized after the Bishop auction.,352
FantasyPros ECR,2023,2023-09-08,draft,half_ppr,352,QB37,Kyle Trask,7605,QB,,,,FA,FantasyPros updated timestamp: 1694132397; average rank: 334.83; best: 213; worst: 589; stddev: 49.66; experts: 83; Sleeper match: matched_name. Near-draft proxy only; historical endpoint was finalized after the Bishop auction.,353
FantasyPros ECR,2023,2023-09-08,draft,half_ppr,353,K29,Brandon Aubrey,11533,K,,,7,DAL,FantasyPros updated timestamp: 1694132397; average rank: 290.56; best: 205; worst: 352; stddev: 36.72; experts: 67; Sleeper match: matched_name. Near-draft proxy only; historical endpoint was finalized after the Bishop auction.,354
FantasyPros ECR,2023,2023-09-08,draft,half_ppr,354,DST28,Arizona Cardinals,ARI,DEF,,,14,ARI,FantasyPros updated timestamp: 1694132397; average rank: 314.61; best: 253; worst: 388; stddev: 29.55; experts: 73; Sleeper match: team_abbreviation. Near-draft proxy only; historical endpoint was finalized after the Bishop auction.,355
FantasyPros ECR,2023,2023-09-08,draft,half_ppr,355,TE44,Foster Moreau,5985,TE,,,7,HOU,FantasyPros updated timestamp: 1694132397; average rank: 327.21; best: 162; worst: 392; stddev: 46.17; experts: 77; Sleeper match: matched_name. Near-draft proxy only; historical endpoint was finalized after the Bishop auction.,356
FantasyPros ECR,2023,2023-09-08,draft,half_ppr,356,WR118,Jauan Jennings,7049,WR,,,13,MIN,FantasyPros updated timestamp: 1694132397; average rank: 295.57; best: 214; worst: 384; stddev: 44.65; experts: 66; Sleeper match: matched_name. Near-draft proxy only; historical endpoint was finalized after the Bishop auction.,357
FantasyPros ECR,2023,2023-09-08,draft,half_ppr,357,TE45,Durham Smythe,5008,TE,,,13,BAL,FantasyPros updated timestamp: 1694132397; average rank: 313.36; best: 182; worst: 391; stddev: 44.58; experts: 71; Sleeper match: matched_name. Near-draft proxy only; historical endpoint was finalized after the Bishop auction.,358
FantasyPros ECR,2023,2023-09-08,draft,half_ppr,358,K30,Joey Slye,6528,K,,,7,TEN,FantasyPros updated timestamp: 1694132397; average rank: 313.54; best: 219; worst: 436; stddev: 38.13; experts: 71; Sleeper match: matched_name. Near-draft proxy only; historical endpoint was finalized after the Bishop auction.,359
FantasyPros ECR,2023,2023-09-08,draft,half_ppr,359,TE46,Cole Turner,8214,TE,,,10,MIA,FantasyPros updated timestamp: 1694132397; average rank: 309.25; best: 187; worst: 504; stddev: 56.29; experts: 69; Sleeper match: matched_name. Near-draft proxy only; historical endpoint was finalized after the Bishop auction.,360
FantasyPros ECR,2023,2023-09-08,draft,half_ppr,360,RB100,Justice Hill,5995,RB,,,13,BAL,FantasyPros updated timestamp: 1694132397; average rank: 298.21; best: 177; worst: 427; stddev: 48.56; experts: 64; Sleeper match: matched_name. Near-draft proxy only; historical endpoint was finalized after the Bishop auction.,361
FantasyPros ECR,2023,2023-09-08,draft,half_ppr,361,WR119,Calvin Austin III,8125,WR,,,13,NYG,FantasyPros updated timestamp: 1694132397; average rank: 299.52; best: 189; worst: 434; stddev: 51.51; experts: 63; Sleeper match: matched_name. Near-draft proxy only; historical endpoint was finalized after the Bishop auction.,362
FantasyPros ECR,2023,2023-09-08,draft,half_ppr,362,RB101,Chris Rodriguez Jr.,10219,RB,,,9,JAC,FantasyPros updated timestamp: 1694132397; average rank: 316.84; best: 171; worst: 406; stddev: 46.05; experts: 68; Sleeper match: matched_name. Near-draft proxy only; historical endpoint was finalized after the Bishop auction.,363
FantasyPros ECR,2023,2023-09-08,draft,half_ppr,363,WR120,Ben Skowronek,7757,WR,,,6,PIT,FantasyPros updated timestamp: 1694132397; average rank: 313.55; best: 206; worst: 409; stddev: 46.24; experts: 66; Sleeper match: matched_name. Near-draft proxy only; historical endpoint was finalized after the Bishop auction.,364
FantasyPros ECR,2023,2023-09-08,draft,half_ppr,364,TE47,Darnell Washington,9479,TE,,,6,PIT,FantasyPros updated timestamp: 1694132397; average rank: 331.51; best: 234; worst: 443; stddev: 41.63; experts: 72; Sleeper match: matched_name. Near-draft proxy only; historical endpoint was finalized after the Bishop auction.,365
FantasyPros ECR,2023,2023-09-08,draft,half_ppr,365,WR121,Trent Sherfield Sr.,5154,WR,,,13,BUF,FantasyPros updated timestamp: 1694132397; average rank: 308.08; best: 211; worst: 431; stddev: 49.61; experts: 61; Sleeper match: matched_name. Near-draft proxy only; historical endpoint was finalized after the Bishop auction.,366
FantasyPros ECR,2023,2023-09-08,draft,half_ppr,366,TE48,Albert Okwuegbunam Jr.,6843,TE,,,13,LV,FantasyPros updated timestamp: 1694132397; average rank: 330.03; best: 245; worst: 416; stddev: 39.00; experts: 66; Sleeper match: matched_name. Near-draft proxy only; historical endpoint was finalized after the Bishop auction.,367
FantasyPros ECR,2023,2023-09-08,draft,half_ppr,367,WR122,Jalen Tolbert,8117,WR,,,10,MIA,FantasyPros updated timestamp: 1694132397; average rank: 324.08; best: 201; worst: 413; stddev: 46.50; experts: 64; Sleeper match: matched_name. Near-draft proxy only; historical endpoint was finalized after the Bishop auction.,368
FantasyPros ECR,2023,2023-09-08,draft,half_ppr,368,TE49,Will Dissly,5010,TE,,,,FA,FantasyPros updated timestamp: 1694132397; average rank: 328.41; best: 224; worst: 396; stddev: 38.37; experts: 65; Sleeper match: matched_name. Near-draft proxy only; historical endpoint was finalized after the Bishop auction.,369
FantasyPros ECR,2023,2023-09-08,draft,half_ppr,369,RB102,Ameer Abdullah,2359,RB,,,9,JAC,FantasyPros updated timestamp: 1694132397; average rank: 315.85; best: 237; worst: 383; stddev: 37.08; experts: 61; Sleeper match: matched_name. Near-draft proxy only; historical endpoint was finalized after the Bishop auction.,370
FantasyPros ECR,2023,2023-09-08,draft,half_ppr,370,QB38,Sam Darnold,4943,QB,,,5,SEA,FantasyPros updated timestamp: 1694132397; average rank: 341.53; best: 239; worst: 590; stddev: 44.11; experts: 69; Sleeper match: matched_name. Near-draft proxy only; historical endpoint was finalized after the Bishop auction.,371
FantasyPros ECR,2023,2023-09-08,draft,half_ppr,371,K31,Ryan Succop,391,K,,,,FA,FantasyPros updated timestamp: 1694132397; average rank: 285.63; best: 220; worst: 378; stddev: 41.74; experts: 52; Sleeper match: matched_name. Near-draft proxy only; historical endpoint was finalized after the Bishop auction.,372
FantasyPros ECR,2023,2023-09-08,draft,half_ppr,372,K32,Robbie Gould,49,K,,,,FA,FantasyPros updated timestamp: 1694132397; average rank: 277.84; best: 221; worst: 368; stddev: 42.13; experts: 50; Sleeper match: matched_name. Near-draft proxy only; historical endpoint was finalized after the Bishop auction.,373
FantasyPros ECR,2023,2023-09-08,draft,half_ppr,373,TE50,Donald Parham Jr.,6074,TE,,,,FA,FantasyPros updated timestamp: 1694132397; average rank: 330.21; best: 206; worst: 389; stddev: 40.86; experts: 63; Sleeper match: matched_name. Near-draft proxy only; historical endpoint was finalized after the Bishop auction.,374
FantasyPros ECR,2023,2023-09-08,draft,half_ppr,374,QB39,Clayton Tune,10217,QB,,,,FA,FantasyPros updated timestamp: 1694132397; average rank: 341.12; best: 230; worst: 623; stddev: 56.08; experts: 66; Sleeper match: matched_name. Near-draft proxy only; historical endpoint was finalized after the Bishop auction.,375
FantasyPros ECR,2023,2023-09-08,draft,half_ppr,375,WR123,Kalif Raymond,3634,WR,,,13,CHI,FantasyPros updated timestamp: 1694132397; average rank: 303.06; best: 209; worst: 448; stddev: 47.31; experts: 55; Sleeper match: matched_name. Near-draft proxy only; historical endpoint was finalized after the Bishop auction.,376
FantasyPros ECR,2023,2023-09-08,draft,half_ppr,376,DST29,Atlanta Falcons,ATL,DEF,,,11,ATL,FantasyPros updated timestamp: 1694132397; average rank: 305.48; best: 213; worst: 420; stddev: 43.67; experts: 55; Sleeper match: team_abbreviation. Near-draft proxy only; historical endpoint was finalized after the Bishop auction.,377
FantasyPros ECR,2023,2023-09-08,draft,half_ppr,377,RB103,Raheem Blackshear,8255,RB,,,,FA,FantasyPros updated timestamp: 1694132397; average rank: 309.55; best: 208; worst: 419; stddev: 44.43; experts: 56; Sleeper match: matched_name. Near-draft proxy only; historical endpoint was finalized after the Bishop auction.,378
FantasyPros ECR,2023,2023-09-08,draft,half_ppr,378,WR124,A.T. Perry,10863,WR,,,,FA,FantasyPros updated timestamp: 1694132397; average rank: 327.79; best: 212; worst: 513; stddev: 59.05; experts: 59; Sleeper match: matched_name. Near-draft proxy only; historical endpoint was finalized after the Bishop auction.,379
FantasyPros ECR,2023,2023-09-08,draft,half_ppr,379,WR125,DeMario Douglas,9501,WR,,,11,NE,FantasyPros updated timestamp: 1694132397; average rank: 293.62; best: 212; worst: 430; stddev: 54.09; experts: 48; Sleeper match: matched_name. Near-draft proxy only; historical endpoint was finalized after the Bishop auction.,380
FantasyPros ECR,2023,2023-09-08,draft,half_ppr,380,TE51,Tucker Kraft,9484,TE,,,6,GB,FantasyPros updated timestamp: 1694132397; average rank: 337.56; best: 214; worst: 404; stddev: 44.29; experts: 56; Sleeper match: matched_name. Near-draft proxy only; historical endpoint was finalized after the Bishop auction.,381
FantasyPros ECR,2023,2023-09-08,draft,half_ppr,381,WR126,KJ Hamler,6805,WR,,,,FA,FantasyPros updated timestamp: 1694132397; average rank: 292.55; best: 223; worst: 482; stddev: 43.89; experts: 45; Sleeper match: matched_name. Near-draft proxy only; historical endpoint was finalized after the Bishop auction.,382
FantasyPros ECR,2023,2023-09-08,draft,half_ppr,382,TE52,C.J. Uzomah,2460,TE,,,,FA,FantasyPros updated timestamp: 1694132397; average rank: 341.95; best: 175; worst: 401; stddev: 49.69; experts: 57; Sleeper match: matched_name. Near-draft proxy only; historical endpoint was finalized after the Bishop auction.,383
FantasyPros ECR,2023,2023-09-08,draft,half_ppr,383,TE53,Kylen Granson,7602,TE,,,7,TEN,FantasyPros updated timestamp: 1694132397; average rank: 329.02; best: 182; worst: 411; stddev: 49.62; experts: 52; Sleeper match: matched_name. Near-draft proxy only; historical endpoint was finalized after the Bishop auction.,384
FantasyPros ECR,2023,2023-09-08,draft,half_ppr,384,WR127,Cedrick Wilson Jr.,5113,WR,,,,FA,FantasyPros updated timestamp: 1694132397; average rank: 321.27; best: 210; worst: 507; stddev: 52.59; experts: 50; Sleeper match: matched_name. Near-draft proxy only; historical endpoint was finalized after the Bishop auction.,385
FantasyPros ECR,2023,2023-09-08,draft,half_ppr,385,WR128,Olamide Zaccheaus,6271,WR,,,11,ATL,FantasyPros updated timestamp: 1694132397; average rank: 326.24; best: 218; worst: 396; stddev: 46.80; experts: 51; Sleeper match: matched_name. Near-draft proxy only; historical endpoint was finalized after the Bishop auction.,386
FantasyPros ECR,2023,2023-09-08,draft,half_ppr,386,DST30,Chicago Bears,CHI,DEF,,,13,CHI,FantasyPros updated timestamp: 1694132397; average rank: 317.26; best: 214; worst: 418; stddev: 40.51; experts: 48; Sleeper match: team_abbreviation. Near-draft proxy only; historical endpoint was finalized after the Bishop auction.,387
FantasyPros ECR,2023,2023-09-08,draft,half_ppr,387,RB104,Jaleel McLaughlin,11439,RB,,,9,DEN,FantasyPros updated timestamp: 1694132397; average rank: 310.80; best: 198; worst: 391; stddev: 42.86; experts: 46; Sleeper match: matched_name. Near-draft proxy only; historical endpoint was finalized after the Bishop auction.,388
FantasyPros ECR,2023,2023-09-08,draft,half_ppr,388,WR129,Tyler Scott,9490,WR,,,10,LAR,FantasyPros updated timestamp: 1694132397; average rank: 336.74; best: 216; worst: 519; stddev: 52.80; experts: 51; Sleeper match: matched_name. Near-draft proxy only; historical endpoint was finalized after the Bishop auction.,389
FantasyPros ECR,2023,2023-09-08,draft,half_ppr,389,RB105,Kene Nwangwu,7720,RB,,,7,NYJ,FantasyPros updated timestamp: 1694132397; average rank: 337.58; best: 228; worst: 417; stddev: 38.85; experts: 51; Sleeper match: matched_name. Near-draft proxy only; historical endpoint was finalized after the Bishop auction.,390
FantasyPros ECR,2023,2023-09-08,draft,half_ppr,390,WR130,Dyami Brown,7587,WR,,,14,WAS,FantasyPros updated timestamp: 1694132397; average rank: 326.55; best: 237; worst: 426; stddev: 40.14; experts: 48; Sleeper match: matched_name. Near-draft proxy only; historical endpoint was finalized after the Bishop auction.,391
FantasyPros ECR,2023,2023-09-08,draft,half_ppr,391,DST31,Houston Texans,HOU,DEF,,,7,HOU,FantasyPros updated timestamp: 1694132397; average rank: 313.77; best: 235; worst: 419; stddev: 38.75; experts: 45; Sleeper match: team_abbreviation. Near-draft proxy only; historical endpoint was finalized after the Bishop auction.,392
FantasyPros ECR,2023,2023-09-08,draft,half_ppr,392,WR131,Xavier Hutchinson,10218,WR,,,7,HOU,FantasyPros updated timestamp: 1694132397; average rank: 329.23; best: 203; worst: 477; stddev: 61.58; experts: 48; Sleeper match: matched_name. Near-draft proxy only; historical endpoint was finalized after the Bishop auction.,393
FantasyPros ECR,2023,2023-09-08,draft,half_ppr,393,TE54,Mo Alie-Cox,4054,TE,,,11,IND,FantasyPros updated timestamp: 1694132397; average rank: 340.43; best: 209; worst: 405; stddev: 42.33; experts: 50; Sleeper match: matched_name. Near-draft proxy only; historical endpoint was finalized after the Bishop auction.,394
FantasyPros ECR,2023,2023-09-08,draft,half_ppr,394,K33,Chad Ryland,10955,K,,,14,ARI,FantasyPros updated timestamp: 1694132397; average rank: 305.85; best: 225; worst: 424; stddev: 48.47; experts: 41; Sleeper match: matched_name. Near-draft proxy only; historical endpoint was finalized after the Bishop auction.,395
FantasyPros ECR,2023,2023-09-08,draft,half_ppr,395,RB106,Kenny McIntosh,10216,RB,,,,FA,FantasyPros updated timestamp: 1694132397; average rank: 335.22; best: 237; worst: 414; stddev: 44.35; experts: 47; Sleeper match: matched_name. Near-draft proxy only; historical endpoint was finalized after the Bishop auction.,396
FantasyPros ECR,2023,2023-09-08,draft,half_ppr,396,WR132,Justin Watson,5374,WR,,,7,HOU,FantasyPros updated timestamp: 1694132397; average rank: 332.51; best: 230; worst: 496; stddev: 56.49; experts: 44; Sleeper match: matched_name. Near-draft proxy only; historical endpoint was finalized after the Bishop auction.,397
FantasyPros ECR,2023,2023-09-08,draft,half_ppr,397,WR133,Chris Moore,3269,WR,,,,FA,FantasyPros updated timestamp: 1694132397; average rank: 323.69; best: 237; worst: 418; stddev: 46.74; experts: 40; Sleeper match: matched_name_position. Near-draft proxy only; historical endpoint was finalized after the Bishop auction.,398
FantasyPros ECR,2023,2023-09-08,draft,half_ppr,398,WR134,Jamal Agnew,4198,WR,,,,FA,FantasyPros updated timestamp: 1694132397; average rank: 320.82; best: 234; worst: 421; stddev: 43.56; experts: 39; Sleeper match: matched_name. Near-draft proxy only; historical endpoint was finalized after the Bishop auction.,399
FantasyPros ECR,2023,2023-09-08,draft,half_ppr,399,K34,Blake Grupe,11058,K,,,11,IND,FantasyPros updated timestamp: 1694132397; average rank: 297.61; best: 227; worst: 342; stddev: 32.15; experts: 34; Sleeper match: matched_name. Near-draft proxy only; historical endpoint was finalized after the Bishop auction.,400
FantasyPros ECR,2023,2023-09-08,draft,half_ppr,400,TE55,Harrison Bryant,6850,TE,,,,FA,FantasyPros updated timestamp: 1694132397; average rank: 350.74; best: 218; worst: 474; stddev: 50.37; experts: 44; Sleeper match: matched_name. Near-draft proxy only; historical endpoint was finalized after the Bishop auction.,401
FantasyPros ECR,2023,2023-09-08,draft,half_ppr,401,K35,Mason Crosby,59,K,,,,FA,FantasyPros updated timestamp: 1694132397; average rank: 312.60; best: 264; worst: 349; stddev: 16.77; experts: 36; Sleeper match: matched_name. Near-draft proxy only; historical endpoint was finalized after the Bishop auction.,402
FantasyPros ECR,2023,2023-09-08,draft,half_ppr,402,WR135,Robbie Chosen,3423,WR,,,,FA,FantasyPros updated timestamp: 1694132397; average rank: 328.89; best: 216; worst: 452; stddev: 48.58; experts: 38; Sleeper match: matched_name. Near-draft proxy only; historical endpoint was finalized after the Bishop auction.,403
FantasyPros ECR,2023,2023-09-08,draft,half_ppr,403,RB107,J.D. McKissic,3664,RB,,,,FA,FantasyPros updated timestamp: 1694132397; average rank: 333.97; best: 267; worst: 411; stddev: 29.55; experts: 39; Sleeper match: matched_name. Near-draft proxy only; historical endpoint was finalized after the Bishop auction.,404
FantasyPros ECR,2023,2023-09-08,draft,half_ppr,404,TE56,Brevin Jordan,7568,TE,,,7,HOU,FantasyPros updated timestamp: 1694132397; average rank: 346.13; best: 220; worst: 501; stddev: 47.81; experts: 39; Sleeper match: matched_name. Near-draft proxy only; historical endpoint was finalized after the Bishop auction.,405
FantasyPros ECR,2023,2023-09-08,draft,half_ppr,405,RB108,Kenyan Drake,3242,RB,,,,FA,FantasyPros updated timestamp: 1694132397; average rank: 326.30; best: 257; worst: 428; stddev: 32.94; experts: 34; Sleeper match: matched_name. Near-draft proxy only; historical endpoint was finalized after the Bishop auction.,406
FantasyPros ECR,2023,2023-09-08,draft,half_ppr,406,WR136,Demarcus Robinson,3286,WR,,,9,SF,FantasyPros updated timestamp: 1694132397; average rank: 342.97; best: 269; worst: 475; stddev: 47.77; experts: 35; Sleeper match: matched_name. Near-draft proxy only; historical endpoint was finalized after the Bishop auction.,407
FantasyPros ECR,2023,2023-09-08,draft,half_ppr,407,K36,Chase McLaughlin,6650,K,,,5,TB,FantasyPros updated timestamp: 1694132397; average rank: 325.71; best: 220; worst: 407; stddev: 42.45; experts: 32; Sleeper match: matched_name. Near-draft proxy only; historical endpoint was finalized after the Bishop auction.,408
FantasyPros ECR,2023,2023-09-08,draft,half_ppr,408,WR137,Marquez Callaway,6989,WR,,,,FA,FantasyPros updated timestamp: 1694132397; average rank: 342.67; best: 209; worst: 586; stddev: 63.18; experts: 34; Sleeper match: matched_name. Near-draft proxy only; historical endpoint was finalized after the Bishop auction.,409
FantasyPros ECR,2023,2023-09-08,draft,half_ppr,409,K37,Rodrigo Blankenship,7062,K,,,,FA,FantasyPros updated timestamp: 1694132397; average rank: 316.07; best: 270; worst: 386; stddev: 20.70; experts: 30; Sleeper match: matched_name. Near-draft proxy only; historical endpoint was finalized after the Bishop auction.,410
FantasyPros ECR,2023,2023-09-08,draft,half_ppr,410,K38,Anders Carlson,11008,K,,,,FA,FantasyPros updated timestamp: 1694132397; average rank: 324.17; best: 218; worst: 433; stddev: 43.23; experts: 31; Sleeper match: matched_name. Near-draft proxy only; historical endpoint was finalized after the Bishop auction.,411
FantasyPros ECR,2023,2023-09-08,draft,half_ppr,411,RB109,Craig Reynolds,6659,RB,,,,FA,FantasyPros updated timestamp: 1694132397; average rank: 332.45; best: 216; worst: 429; stddev: 52.40; experts: 32; Sleeper match: matched_name. Near-draft proxy only; historical endpoint was finalized after the Bishop auction.,412
FantasyPros ECR,2023,2023-09-08,draft,half_ppr,412,K39,Tristan Vizcaino,5823,K,,,,FA,FantasyPros updated timestamp: 1694132397; average rank: 315.23; best: 252; worst: 404; stddev: 29.50; experts: 27; Sleeper match: matched_name. Near-draft proxy only; historical endpoint was finalized after the Bishop auction.,413
FantasyPros ECR,2023,2023-09-08,draft,half_ppr,413,WR138,Zach Pascal,4319,WR,,,,FA,FantasyPros updated timestamp: 1694132397; average rank: 349.42; best: 258; worst: 421; stddev: 43.28; experts: 32; Sleeper match: matched_name. Near-draft proxy only; historical endpoint was finalized after the Bishop auction.,414
FantasyPros ECR,2023,2023-09-08,draft,half_ppr,414,RB110,Dontrell Hilliard,5536,RB,,,,FA,FantasyPros updated timestamp: 1694132397; average rank: 336.25; best: 286; worst: 411; stddev: 29.21; experts: 29; Sleeper match: matched_name. Near-draft proxy only; historical endpoint was finalized after the Bishop auction.,415
FantasyPros ECR,2023,2023-09-08,draft,half_ppr,415,TE57,Brock Wright,7891,TE,,,9,DET,FantasyPros updated timestamp: 1694132397; average rank: 353.53; best: 201; worst: 478; stddev: 50.28; experts: 31; Sleeper match: matched_name. Near-draft proxy only; historical endpoint was finalized after the Bishop auction.,416
FantasyPros ECR,2023,2023-09-08,draft,half_ppr,416,RB111,Kyle Juszczyk,1379,RB,,,9,SF,FantasyPros updated timestamp: 1694132397; average rank: 345.07; best: 268; worst: 461; stddev: 48.42; experts: 29; Sleeper match: matched_name. Near-draft proxy only; historical endpoint was finalized after the Bishop auction.,417
FantasyPros ECR,2023,2023-09-08,draft,half_ppr,417,QB40,Gardner Minshew II,6011,QB,,,14,ARI,FantasyPros updated timestamp: 1694132397; average rank: 361.93; best: 277; worst: 629; stddev: 64.08; experts: 31; Sleeper match: matched_name. Near-draft proxy only; historical endpoint was finalized after the Bishop auction.,418
FantasyPros ECR,2023,2023-09-08,draft,half_ppr,418,QB41,Taylor Heinicke,2711,QB,,,,FA,FantasyPros updated timestamp: 1694132397; average rank: 367.00; best: 303; worst: 591; stddev: 53.37; experts: 32; Sleeper match: matched_name. Near-draft proxy only; historical endpoint was finalized after the Bishop auction.,419
FantasyPros ECR,2023,2023-09-08,draft,half_ppr,419,RB112,Deneric Prince,10870,RB,,,,FA,FantasyPros updated timestamp: 1694132397; average rank: 313.57; best: 230; worst: 378; stddev: 33.02; experts: 24; Sleeper match: matched_name. Near-draft proxy only; historical endpoint was finalized after the Bishop auction.,420
FantasyPros ECR,2023,2023-09-08,draft,half_ppr,420,WR139,Jamison Crowder,2410,WR,,,,FA,FantasyPros updated timestamp: 1694132397; average rank: 346.04; best: 271; worst: 536; stddev: 57.87; experts: 28; Sleeper match: matched_name. Near-draft proxy only; historical endpoint was finalized after the Bishop auction.,421
FantasyPros ECR,2023,2023-09-08,draft,half_ppr,421,TE58,Jordan Akins,5032,TE,,,,FA,FantasyPros updated timestamp: 1694132397; average rank: 336.04; best: 196; worst: 425; stddev: 52.61; experts: 26; Sleeper match: matched_name. Near-draft proxy only; historical endpoint was finalized after the Bishop auction.,422
FantasyPros ECR,2023,2023-09-08,draft,half_ppr,422,WR140,Jarvis Landry,1825,WR,,,,FA,FantasyPros updated timestamp: 1694132397; average rank: 328.46; best: 242; worst: 426; stddev: 52.33; experts: 25; Sleeper match: matched_name. Near-draft proxy only; historical endpoint was finalized after the Bishop auction.,423
FantasyPros ECR,2023,2023-09-08,draft,half_ppr,423,RB113,Darrell Henderson Jr.,5916,RB,,,,FA,FantasyPros updated timestamp: 1694132397; average rank: 337.60; best: 276; worst: 413; stddev: 26.70; experts: 26; Sleeper match: matched_name. Near-draft proxy only; historical endpoint was finalized after the Bishop auction.,424
FantasyPros ECR,2023,2023-09-08,draft,half_ppr,424,RB114,Julius Chestnut,8254,RB,,,7,TEN,FantasyPros updated timestamp: 1694132397; average rank: 353.63; best: 237; worst: 469; stddev: 46.95; experts: 28; Sleeper match: matched_name. Near-draft proxy only; historical endpoint was finalized after the Bishop auction.,425
FantasyPros ECR,2023,2023-09-08,draft,half_ppr,425,TE59,Peyton Hendershot,8197,TE,,,,FA,FantasyPros updated timestamp: 1694132397; average rank: 361.00; best: 264; worst: 468; stddev: 44.77; experts: 29; Sleeper match: matched_name. Near-draft proxy only; historical endpoint was finalized after the Bishop auction.,426
FantasyPros ECR,2023,2023-09-08,draft,half_ppr,426,WR141,Trenton Irwin,6598,WR,,,9,SF,FantasyPros updated timestamp: 1694132397; average rank: 342.60; best: 271; worst: 459; stddev: 41.22; experts: 26; Sleeper match: matched_name. Near-draft proxy only; historical endpoint was finalized after the Bishop auction.,427
FantasyPros ECR,2023,2023-09-08,draft,half_ppr,427,DST32,Las Vegas Raiders,LV,DEF,,,13,LV,FantasyPros updated timestamp: 1694132397; average rank: 330.74; best: 248; worst: 421; stddev: 49.53; experts: 24; Sleeper match: team_abbreviation. Near-draft proxy only; historical endpoint was finalized after the Bishop auction.,428
FantasyPros ECR,2023,2023-09-08,draft,half_ppr,428,WR142,KhaDarel Hodge,5773,WR,,,9,SF,FantasyPros updated timestamp: 1694132397; average rank: 351.28; best: 275; worst: 524; stddev: 51.49; experts: 26; Sleeper match: matched_name. Near-draft proxy only; historical endpoint was finalized after the Bishop auction.,429
FantasyPros ECR,2023,2023-09-08,draft,half_ppr,429,WR143,Samori Toure,8235,WR,,,,FA,FantasyPros updated timestamp: 1694132397; average rank: 364.63; best: 269; worst: 461; stddev: 42.77; experts: 28; Sleeper match: matched_name. Near-draft proxy only; historical endpoint was finalized after the Bishop auction.,430
FantasyPros ECR,2023,2023-09-08,draft,half_ppr,430,TE60,Colby Parkinson,6865,TE,,,10,LAR,FantasyPros updated timestamp: 1694132397; average rank: 360.44; best: 254; worst: 491; stddev: 57.81; experts: 26; Sleeper match: matched_name. Near-draft proxy only; historical endpoint was finalized after the Bishop auction.,431
FantasyPros ECR,2023,2023-09-08,draft,half_ppr,431,WR144,Deven Thompkins,8253,WR,,,13,LV,FantasyPros updated timestamp: 1694132397; average rank: 342.82; best: 215; worst: 487; stddev: 61.17; experts: 23; Sleeper match: matched_name. Near-draft proxy only; historical endpoint was finalized after the Bishop auction.,432
FantasyPros ECR,2023,2023-09-08,draft,half_ppr,432,WR145,Parker Washington,9487,WR,,,9,JAC,FantasyPros updated timestamp: 1694132397; average rank: 353.26; best: 240; worst: 420; stddev: 48.19; experts: 24; Sleeper match: matched_name. Near-draft proxy only; historical endpoint was finalized after the Bishop auction.,433
FantasyPros ECR,2023,2023-09-08,draft,half_ppr,433,WR146,Julio Jones,947,WR,,,,FA,FantasyPros updated timestamp: 1694132397; average rank: 314.11; best: 241; worst: 428; stddev: 54.63; experts: 19; Sleeper match: matched_name. Near-draft proxy only; historical endpoint was finalized after the Bishop auction.,434
FantasyPros ECR,2023,2023-09-08,draft,half_ppr,434,TE61,Tommy Tremble,7694,TE,,,7,CAR,FantasyPros updated timestamp: 1694132397; average rank: 339.10; best: 213; worst: 487; stddev: 69.82; experts: 21; Sleeper match: matched_name. Near-draft proxy only; historical endpoint was finalized after the Bishop auction.,435
FantasyPros ECR,2023,2023-09-08,draft,half_ppr,435,WR147,Velus Jones Jr.,8223,WR,,,5,SEA,FantasyPros updated timestamp: 1694132397; average rank: 370.96; best: 242; worst: 504; stddev: 61.71; experts: 25; Sleeper match: matched_name. Near-draft proxy only; historical endpoint was finalized after the Bishop auction.,436
FantasyPros ECR,2023,2023-09-08,draft,half_ppr,436,WR148,DeAndre Carter,2750,WR,,,,FA,FantasyPros updated timestamp: 1694132397; average rank: 358.23; best: 258; worst: 543; stddev: 58.76; experts: 23; Sleeper match: matched_name. Near-draft proxy only; historical endpoint was finalized after the Bishop auction.,437
FantasyPros ECR,2023,2023-09-08,draft,half_ppr,437,WR149,Jalen Nailor,8180,WR,,,13,LV,FantasyPros updated timestamp: 1694132397; average rank: 359.95; best: 295; worst: 428; stddev: 41.73; experts: 23; Sleeper match: matched_name. Near-draft proxy only; historical endpoint was finalized after the Bishop auction.,438
FantasyPros ECR,2023,2023-09-08,draft,half_ppr,438,RB115,Mike Boone,5209,RB,,,,FA,FantasyPros updated timestamp: 1694132397; average rank: 370.13; best: 289; worst: 450; stddev: 37.77; experts: 24; Sleeper match: matched_name. Near-draft proxy only; historical endpoint was finalized after the Bishop auction.,439
FantasyPros ECR,2023,2023-09-08,draft,half_ppr,439,WR150,Charlie Jones,10228,WR,,,7,CIN,FantasyPros updated timestamp: 1694132397; average rank: 357.86; best: 231; worst: 471; stddev: 57.04; experts: 22; Sleeper match: matched_name. Near-draft proxy only; historical endpoint was finalized after the Bishop auction.,440
FantasyPros ECR,2023,2023-09-08,draft,half_ppr,440,TE62,Josh Oliver,5973,TE,,,13,MIN,FantasyPros updated timestamp: 1694132397; average rank: 341.79; best: 220; worst: 442; stddev: 65.87; experts: 20; Sleeper match: matched_name. Near-draft proxy only; historical endpoint was finalized after the Bishop auction.,441
FantasyPros ECR,2023,2023-09-08,draft,half_ppr,441,TE63,Brenton Strange,9480,TE,,,9,JAC,FantasyPros updated timestamp: 1694132397; average rank: 350.80; best: 254; worst: 508; stddev: 66.41; experts: 21; Sleeper match: matched_name. Near-draft proxy only; historical endpoint was finalized after the Bishop auction.,442
FantasyPros ECR,2023,2023-09-08,draft,half_ppr,442,RB116,Ronnie Rivers,8195,RB,,,10,LAR,FantasyPros updated timestamp: 1694132397; average rank: 354.75; best: 277; worst: 416; stddev: 35.31; experts: 21; Sleeper match: matched_name. Near-draft proxy only; historical endpoint was finalized after the Bishop auction.,443
FantasyPros ECR,2023,2023-09-08,draft,half_ppr,443,RB117,Ty Montgomery II,2399,RB,,,,FA,FantasyPros updated timestamp: 1694132397; average rank: 356.35; best: 249; worst: 421; stddev: 41.06; experts: 21; Sleeper match: matched_name. Near-draft proxy only; historical endpoint was finalized after the Bishop auction.,444
FantasyPros ECR,2023,2023-09-08,draft,half_ppr,444,WR151,Marquise Goodwin,1346,WR,,,,FA,FantasyPros updated timestamp: 1694132397; average rank: 369.33; best: 281; worst: 449; stddev: 37.23; experts: 22; Sleeper match: matched_name. Near-draft proxy only; historical endpoint was finalized after the Bishop auction.,445
FantasyPros ECR,2023,2023-09-08,draft,half_ppr,445,RB118,Darrel Williams,5549,RB,,,,FA,FantasyPros updated timestamp: 1694132397; average rank: 337.65; best: 285; worst: 391; stddev: 28.87; experts: 18; Sleeper match: matched_name. Near-draft proxy only; historical endpoint was finalized after the Bishop auction.,446
FantasyPros ECR,2023,2023-09-08,draft,half_ppr,446,WR152,Brandon Johnson,8756,WR,,,13,LV,FantasyPros updated timestamp: 1694132397; average rank: 357.47; best: 281; worst: 415; stddev: 39.76; experts: 20; Sleeper match: matched_name_position. Near-draft proxy only; historical endpoint was finalized after the Bishop auction.,447
FantasyPros ECR,2023,2023-09-08,draft,half_ppr,447,QB42,Mike White,5089,QB,,,,FA,FantasyPros updated timestamp: 1694132397; average rank: 366.10; best: 309; worst: 517; stddev: 49.11; experts: 21; Sleeper match: matched_name. Near-draft proxy only; historical endpoint was finalized after the Bishop auction.,448
FantasyPros ECR,2023,2023-09-08,draft,half_ppr,448,TE64,Jeremy Ruckert,8145,TE,,,7,NYJ,FantasyPros updated timestamp: 1694132397; average rank: 369.40; best: 243; worst: 494; stddev: 59.91; experts: 21; Sleeper match: matched_name. Near-draft proxy only; historical endpoint was finalized after the Bishop auction.,449
FantasyPros ECR,2023,2023-09-08,draft,half_ppr,449,RB119,Kevin Harris,8174,RB,,,,FA,FantasyPros updated timestamp: 1694132397; average rank: 343.88; best: 263; worst: 433; stddev: 48.15; experts: 18; Sleeper match: matched_name. Near-draft proxy only; historical endpoint was finalized after the Bishop auction.,450
FantasyPros ECR,2023,2023-09-08,draft,half_ppr,450,WR153,Tre'Quan Smith,5026,WR,,,,FA,FantasyPros updated timestamp: 1694132397; average rank: 382.71; best: 286; worst: 534; stddev: 52.28; experts: 22; Sleeper match: matched_name. Near-draft proxy only; historical endpoint was finalized after the Bishop auction.,451
FantasyPros ECR,2023,2023-09-08,draft,half_ppr,451,RB120,Brandon Bolden,1034,RB,,,,FA,FantasyPros updated timestamp: 1694132397; average rank: 361.78; best: 261; worst: 447; stddev: 56.86; experts: 19; Sleeper match: matched_name. Near-draft proxy only; historical endpoint was finalized after the Bishop auction.,452
FantasyPros ECR,2023,2023-09-08,draft,half_ppr,452,QB43,Aidan O'Connell,10866,QB,,,13,LV,FantasyPros updated timestamp: 1694132397; average rank: 348.88; best: 272; worst: 443; stddev: 43.58; experts: 17; Sleeper match: matched_name. Near-draft proxy only; historical endpoint was finalized after the Bishop auction.,453
FantasyPros ECR,2023,2023-09-08,draft,half_ppr,453,QB44,Jameis Winston,2306,QB,,,13,NYG,FantasyPros updated timestamp: 1694132397; average rank: 372.35; best: 268; worst: 616; stddev: 73.24; experts: 18; Sleeper match: matched_name. Near-draft proxy only; historical endpoint was finalized after the Bishop auction.,454
FantasyPros ECR,2023,2023-09-08,draft,half_ppr,454,RB121,Emari Demercado,11199,RB,,,10,KC,FantasyPros updated timestamp: 1694132397; average rank: 358.00; best: 280; worst: 432; stddev: 48.57; experts: 17; Sleeper match: matched_name. Near-draft proxy only; historical endpoint was finalized after the Bishop auction.,455
FantasyPros ECR,2023,2023-09-08,draft,half_ppr,455,WR154,Dontayvion Wicks,9486,WR,,,10,PHI,FantasyPros updated timestamp: 1694132397; average rank: 377.00; best: 256; worst: 500; stddev: 61.49; experts: 19; Sleeper match: matched_name. Near-draft proxy only; historical endpoint was finalized after the Bishop auction.,456
FantasyPros ECR,2023,2023-09-08,draft,half_ppr,456,WR155,Scotty Miller,6290,WR,,,13,CHI,FantasyPros updated timestamp: 1694132397; average rank: 377.06; best: 285; worst: 479; stddev: 52.68; experts: 19; Sleeper match: matched_name. Near-draft proxy only; historical endpoint was finalized after the Bishop auction.,457
FantasyPros ECR,2023,2023-09-08,draft,half_ppr,457,TE65,Jimmy Graham,616,TE,,,,FA,FantasyPros updated timestamp: 1694132397; average rank: 324.92; best: 248; worst: 414; stddev: 48.27; experts: 14; Sleeper match: matched_name. Near-draft proxy only; historical endpoint was finalized after the Bishop auction.,458
FantasyPros ECR,2023,2023-09-08,draft,half_ppr,458,RB122,Keaton Mitchell,9511,RB,,,5,LAC,FantasyPros updated timestamp: 1694132397; average rank: 373.50; best: 273; worst: 480; stddev: 51.81; experts: 17; Sleeper match: matched_name. Near-draft proxy only; historical endpoint was finalized after the Bishop auction.,459
FantasyPros ECR,2023,2023-09-08,draft,half_ppr,459,RB123,Ty Johnson,6039,RB,,,13,BUF,FantasyPros updated timestamp: 1694132397; average rank: 357.07; best: 318; worst: 486; stddev: 47.63; experts: 15; Sleeper match: matched_name. Near-draft proxy only; historical endpoint was finalized after the Bishop auction.,460
FantasyPros ECR,2023,2023-09-08,draft,half_ppr,460,TE66,Ian Thomas,4995,TE,,,13,LV,FantasyPros updated timestamp: 1694132397; average rank: 370.80; best: 231; worst: 462; stddev: 56.54; experts: 16; Sleeper match: matched_name. Near-draft proxy only; historical endpoint was finalized after the Bishop auction.,461
FantasyPros ECR,2023,2023-09-08,draft,half_ppr,461,QB45,Colt McCoy,533,QB,,,,FA,FantasyPros updated timestamp: 1694132397; average rank: 355.23; best: 275; worst: 600; stddev: 78.25; experts: 14; Sleeper match: matched_name. Near-draft proxy only; historical endpoint was finalized after the Bishop auction.,462
FantasyPros ECR,2023,2023-09-08,draft,half_ppr,462,RB124,Travis Homer,6012,RB,,,6,PIT,FantasyPros updated timestamp: 1694132397; average rank: 364.64; best: 289; worst: 437; stddev: 43.76; experts: 15; Sleeper match: matched_name. Near-draft proxy only; historical endpoint was finalized after the Bishop auction.,463
FantasyPros ECR,2023,2023-09-08,draft,half_ppr,463,RB125,Mark Ingram II,956,RB,,,,FA,FantasyPros updated timestamp: 1694132397; average rank: 353.08; best: 321; worst: 403; stddev: 29.01; experts: 14; Sleeper match: matched_name. Near-draft proxy only; historical endpoint was finalized after the Bishop auction.,464
FantasyPros ECR,2023,2023-09-08,draft,half_ppr,464,TE67,Teagan Quitoriano,8227,TE,,,14,ARI,FantasyPros updated timestamp: 1694132397; average rank: 345.00; best: 268; worst: 426; stddev: 46.05; experts: 13; Sleeper match: matched_name. Near-draft proxy only; historical endpoint was finalized after the Bishop auction.,465
FantasyPros ECR,2023,2023-09-08,draft,half_ppr,465,RB126,Corey Clement,4651,RB,,,,FA,FantasyPros updated timestamp: 1694132397; average rank: 381.20; best: 322; worst: 425; stddev: 27.76; experts: 16; Sleeper match: matched_name. Near-draft proxy only; historical endpoint was finalized after the Bishop auction.,466
FantasyPros ECR,2023,2023-09-08,draft,half_ppr,466,WR156,Andrei Iosivas,10226,WR,,,7,CIN,FantasyPros updated timestamp: 1694132397; average rank: 360.08; best: 252; worst: 472; stddev: 64.46; experts: 14; Sleeper match: matched_name. Near-draft proxy only; historical endpoint was finalized after the Bishop auction.,467
FantasyPros ECR,2023,2023-09-08,draft,half_ppr,467,WR157,Equanimeous St. Brown,5323,WR,,,,FA,FantasyPros updated timestamp: 1694132397; average rank: 370.92; best: 291; worst: 494; stddev: 54.80; experts: 14; Sleeper match: matched_name. Near-draft proxy only; historical endpoint was finalized after the Bishop auction.,468
FantasyPros ECR,2023,2023-09-08,draft,half_ppr,468,WR158,Tre Tucker,10213,WR,,,13,LV,FantasyPros updated timestamp: 1694132397; average rank: 383.36; best: 326; worst: 418; stddev: 27.05; experts: 15; Sleeper match: matched_name. Near-draft proxy only; historical endpoint was finalized after the Bishop auction.,469
FantasyPros ECR,2023,2023-09-08,draft,half_ppr,469,WR159,Rakim Jarrett,9495,WR,,,,FA,FantasyPros updated timestamp: 1694132397; average rank: 362.08; best: 270; worst: 428; stddev: 48.54; experts: 13; Sleeper match: matched_name. Near-draft proxy only; historical endpoint was finalized after the Bishop auction.,470
FantasyPros ECR,2023,2023-09-08,draft,half_ppr,470,TE68,Josh Whyle,10212,TE,,,6,GB,FantasyPros updated timestamp: 1694132397; average rank: 386.21; best: 281; worst: 490; stddev: 47.51; experts: 15; Sleeper match: matched_name. Near-draft proxy only; historical endpoint was finalized after the Bishop auction.,471
FantasyPros ECR,2023,2023-09-08,draft,half_ppr,471,TE69,Hunter Long,7535,TE,,,14,ARI,FantasyPros updated timestamp: 1694132397; average rank: 363.92; best: 258; worst: 466; stddev: 63.58; experts: 13; Sleeper match: matched_name. Near-draft proxy only; historical endpoint was finalized after the Bishop auction.,472
FantasyPros ECR,2023,2023-09-08,draft,half_ppr,472,WR160,Erik Ezukanma,8114,WR,,,10,PHI,FantasyPros updated timestamp: 1694132397; average rank: 388.07; best: 317; worst: 512; stddev: 48.44; experts: 15; Sleeper match: matched_name. Near-draft proxy only; historical endpoint was finalized after the Bishop auction.,473
FantasyPros ECR,2023,2023-09-08,draft,half_ppr,473,RB127,Chris Brooks,11370,RB,,,6,GB,FantasyPros updated timestamp: 1694132397; average rank: 356.27; best: 300; worst: 429; stddev: 46.78; experts: 12; Sleeper match: matched_name. Near-draft proxy only; historical endpoint was finalized after the Bishop auction.,474
FantasyPros ECR,2023,2023-09-08,draft,half_ppr,474,WR161,Kenny Golladay,4131,WR,,,,FA,FantasyPros updated timestamp: 1694132397; average rank: 360.45; best: 293; worst: 475; stddev: 57.12; experts: 12; Sleeper match: matched_name. Near-draft proxy only; historical endpoint was finalized after the Bishop auction.,475
FantasyPros ECR,2023,2023-09-08,draft,half_ppr,475,TE70,John Bates,7716,TE,,,14,WAS,FantasyPros updated timestamp: 1694132397; average rank: 360.55; best: 210; worst: 462; stddev: 67.18; experts: 12; Sleeper match: matched_name. Near-draft proxy only; historical endpoint was finalized after the Bishop auction.,476
FantasyPros ECR,2023,2023-09-08,draft,half_ppr,476,RB128,Anthony McFarland Jr.,6878,RB,,,,FA,FantasyPros updated timestamp: 1694132397; average rank: 348.60; best: 295; worst: 441; stddev: 45.35; experts: 11; Sleeper match: matched_name. Near-draft proxy only; historical endpoint was finalized after the Bishop auction.,477
FantasyPros ECR,2023,2023-09-08,draft,half_ppr,477,WR162,Jalen Guyton,6421,WR,,,,FA,FantasyPros updated timestamp: 1694132397; average rank: 364.73; best: 269; worst: 523; stddev: 69.68; experts: 12; Sleeper match: matched_name. Near-draft proxy only; historical endpoint was finalized after the Bishop auction.,478
FantasyPros ECR,2023,2023-09-08,draft,half_ppr,478,TE71,James Mitchell,8170,TE,,,7,CAR,FantasyPros updated timestamp: 1694132397; average rank: 357.50; best: 272; worst: 483; stddev: 58.84; experts: 11; Sleeper match: matched_name. Near-draft proxy only; historical endpoint was finalized after the Bishop auction.,479
FantasyPros ECR,2023,2023-09-08,draft,half_ppr,479,TE72,Josiah Deguara,7050,TE,,,,FA,FantasyPros updated timestamp: 1694132397; average rank: 373.09; best: 281; worst: 489; stddev: 64.62; experts: 12; Sleeper match: matched_name. Near-draft proxy only; historical endpoint was finalized after the Bishop auction.,480
FantasyPros ECR,2023,2023-09-08,draft,half_ppr,480,QB46,Tyler Huntley,7083,QB,,,13,BAL,FantasyPros updated timestamp: 1694132397; average rank: 402.23; best: 325; worst: 592; stddev: 68.04; experts: 14; Sleeper match: matched_name. Near-draft proxy only; historical endpoint was finalized after the Bishop auction.,481
FantasyPros ECR,2023,2023-09-08,draft,half_ppr,481,RB129,Emanuel Wilson,11435,RB,,,5,SEA,FantasyPros updated timestamp: 1694132397; average rank: 359.70; best: 320; worst: 403; stddev: 31.99; experts: 11; Sleeper match: matched_name. Near-draft proxy only; historical endpoint was finalized after the Bishop auction.,482
FantasyPros ECR,2023,2023-09-08,draft,half_ppr,482,QB47,Zach Wilson,7538,QB,,,11,NO,FantasyPros updated timestamp: 1694132397; average rank: 386.55; best: 289; worst: 614; stddev: 81.24; experts: 12; Sleeper match: matched_name. Near-draft proxy only; historical endpoint was finalized after the Bishop auction.,483
FantasyPros ECR,2023,2023-09-08,draft,half_ppr,483,WR163,Brandon Powell,5695,WR,,,,FA,FantasyPros updated timestamp: 1694132397; average rank: 401.77; best: 286; worst: 515; stddev: 58.54; experts: 14; Sleeper match: matched_name. Near-draft proxy only; historical endpoint was finalized after the Bishop auction.,484
FantasyPros ECR,2023,2023-09-08,draft,half_ppr,484,TE73,Elijah Higgins,10231,TE,,,14,ARI,FantasyPros updated timestamp: 1694132397; average rank: 328.25; best: 264; worst: 460; stddev: 59.72; experts: 9; Sleeper match: matched_name. Near-draft proxy only; historical endpoint was finalized after the Bishop auction.,485
FantasyPros ECR,2023,2023-09-08,draft,half_ppr,485,RB130,Rex Burkhead,1387,RB,,,,FA,FantasyPros updated timestamp: 1694132397; average rank: 349.89; best: 317; worst: 405; stddev: 25.19; experts: 10; Sleeper match: matched_name. Near-draft proxy only; historical endpoint was finalized after the Bishop auction.,486
FantasyPros ECR,2023,2023-09-08,draft,half_ppr,486,WR164,Jason Brownlee,11311,WR,,,10,KC,FantasyPros updated timestamp: 1694132397; average rank: 370.70; best: 286; worst: 457; stddev: 49.80; experts: 11; Sleeper match: matched_name. Near-draft proxy only; historical endpoint was finalized after the Bishop auction.,487
FantasyPros ECR,2023,2023-09-08,draft,half_ppr,487,K40,Tanner Brown,11145,K,,,11,NO,FantasyPros updated timestamp: 1694132397; average rank: 306.86; best: 207; worst: 407; stddev: 55.79; experts: 8; Sleeper match: matched_name. Near-draft proxy only; historical endpoint was finalized after the Bishop auction.,488
FantasyPros ECR,2023,2023-09-08,draft,half_ppr,488,WR165,Danny Gray,8176,WR,,,10,PHI,FantasyPros updated timestamp: 1694132397; average rank: 391.82; best: 298; worst: 505; stddev: 62.20; experts: 12; Sleeper match: matched_name. Near-draft proxy only; historical endpoint was finalized after the Bishop auction.,489
FantasyPros ECR,2023,2023-09-08,draft,half_ppr,489,RB131,Dare Ogunbowale,4718,RB,,,,FA,FantasyPros updated timestamp: 1694132397; average rank: 363.44; best: 294; worst: 466; stddev: 50.66; experts: 10; Sleeper match: matched_name. Near-draft proxy only; historical endpoint was finalized after the Bishop auction.,490
FantasyPros ECR,2023,2023-09-08,draft,half_ppr,490,TE74,Ko Kieft,8484,TE,,,5,TB,FantasyPros updated timestamp: 1694132397; average rank: 320.29; best: 225; worst: 416; stddev: 54.51; experts: 8; Sleeper match: matched_name. Near-draft proxy only; historical endpoint was finalized after the Bishop auction.,491
FantasyPros ECR,2023,2023-09-08,draft,half_ppr,491,TE75,Tre' McKitty,7554,TE,,,14,WAS,FantasyPros updated timestamp: 1694132397; average rank: 372.78; best: 311; worst: 492; stddev: 54.26; experts: 10; Sleeper match: matched_name. Near-draft proxy only; historical endpoint was finalized after the Bishop auction.,492
FantasyPros ECR,2023,2023-09-08,draft,half_ppr,492,WR166,Dee Eskridge,7612,WR,,,,FA,FantasyPros updated timestamp: 1694132397; average rank: 355.38; best: 300; worst: 430; stddev: 46.63; experts: 9; Sleeper match: matched_name. Near-draft proxy only; historical endpoint was finalized after the Bishop auction.,493
FantasyPros ECR,2023,2023-09-08,draft,half_ppr,493,RB132,Gary Brightwell,7529,RB,,,7,CIN,FantasyPros updated timestamp: 1694132397; average rank: 391.10; best: 328; worst: 456; stddev: 38.92; experts: 11; Sleeper match: matched_name. Near-draft proxy only; historical endpoint was finalized after the Bishop auction.,494
FantasyPros ECR,2023,2023-09-08,draft,half_ppr,494,RB133,Elijah Dotson,11114,RB,,,,FA,FantasyPros updated timestamp: 1694132397; average rank: 359.00; best: 305; worst: 425; stddev: 41.02; experts: 9; Sleeper match: matched_name. Near-draft proxy only; historical endpoint was finalized after the Bishop auction.,495
FantasyPros ECR,2023,2023-09-08,draft,half_ppr,495,QB48,Jarrett Stidham,6136,QB,,,9,DEN,FantasyPros updated timestamp: 1694132397; average rank: 412.45; best: 342; worst: 607; stddev: 73.70; experts: 12; Sleeper match: matched_name. Near-draft proxy only; historical endpoint was finalized after the Bishop auction.,496
FantasyPros ECR,2023,2023-09-08,draft,half_ppr,496,QB49,Bailey Zappe,8157,QB,,,,FA,FantasyPros updated timestamp: 1694132397; average rank: 389.56; best: 249; worst: 610; stddev: 105.35; experts: 10; Sleeper match: matched_name. Near-draft proxy only; historical endpoint was finalized after the Bishop auction.,497
FantasyPros ECR,2023,2023-09-08,draft,half_ppr,497,QB50,Malik Willis,8161,QB,,,10,MIA,FantasyPros updated timestamp: 1694132397; average rank: 372.38; best: 229; worst: 596; stddev: 102.45; experts: 9; Sleeper match: matched_name. Near-draft proxy only; historical endpoint was finalized after the Bishop auction.,498
FantasyPros ECR,2023,2023-09-08,draft,half_ppr,498,WR167,River Cracraft,4854,WR,,,,FA,FantasyPros updated timestamp: 1694132397; average rank: 396.80; best: 317; worst: 499; stddev: 56.07; experts: 11; Sleeper match: matched_name. Near-draft proxy only; historical endpoint was finalized after the Bishop auction.,499
FantasyPros ECR,2023,2023-09-08,draft,half_ppr,499,WR168,Justin Shorter,9489,WR,,,13,LV,FantasyPros updated timestamp: 1694132397; average rank: 387.44; best: 297; worst: 503; stddev: 62.07; experts: 10; Sleeper match: matched_name. Near-draft proxy only; historical endpoint was finalized after the Bishop auction.,500
FantasyPros ECR,2023,2023-09-08,draft,half_ppr,500,TE76,Brycen Hopkins,6926,TE,,,,FA,FantasyPros updated timestamp: 1694132397; average rank: 370.75; best: 309; worst: 497; stddev: 56.77; experts: 9; Sleeper match: matched_name. Near-draft proxy only; historical endpoint was finalized after the Bishop auction.,501
FantasyPros ECR,2023,2023-09-08,draft,half_ppr,501,RB134,Alec Ingold,6109,RB,,,5,LAC,FantasyPros updated timestamp: 1694132397; average rank: 368.00; best: 322; worst: 423; stddev: 31.84; experts: 8; Sleeper match: matched_name. Near-draft proxy only; historical endpoint was finalized after the Bishop auction.,502
FantasyPros ECR,2023,2023-09-08,draft,half_ppr,502,WR169,Derius Davis,10234,WR,,,5,LAC,FantasyPros updated timestamp: 1694132397; average rank: 388.25; best: 349; worst: 430; stddev: 28.09; experts: 9; Sleeper match: matched_name. Near-draft proxy only; historical endpoint was finalized after the Bishop auction.,503
FantasyPros ECR,2023,2023-09-08,draft,half_ppr,503,WR170,Byron Pringle,5199,WR,,,,FA,FantasyPros updated timestamp: 1694132397; average rank: 421.10; best: 335; worst: 573; stddev: 67.48; experts: 11; Sleeper match: matched_name. Near-draft proxy only; historical endpoint was finalized after the Bishop auction.,504
FantasyPros ECR,2023,2023-09-08,draft,half_ppr,504,TE77,Trevon Wesco,6181,TE,,,,FA,FantasyPros updated timestamp: 1694132397; average rank: 372.43; best: 282; worst: 441; stddev: 53.86; experts: 8; Sleeper match: matched_name. Near-draft proxy only; historical endpoint was finalized after the Bishop auction.,505
FantasyPros ECR,2023,2023-09-08,draft,half_ppr,505,TE78,Drew Sample,6001,TE,,,7,CIN,FantasyPros updated timestamp: 1694132397; average rank: 355.17; best: 297; worst: 395; stddev: 36.34; experts: 7; Sleeper match: matched_name. Near-draft proxy only; historical endpoint was finalized after the Bishop auction.,506
FantasyPros ECR,2023,2023-09-08,draft,half_ppr,506,TE79,Jack Stoll,7946,TE,,,,FA,FantasyPros updated timestamp: 1694132397; average rank: 355.67; best: 304; worst: 397; stddev: 35.39; experts: 7; Sleeper match: matched_name. Near-draft proxy only; historical endpoint was finalized after the Bishop auction.,507
FantasyPros ECR,2023,2023-09-08,draft,half_ppr,507,K41,Tyler Davis,5251,K,,,,FA,FantasyPros updated timestamp: 1694132397; average rank: 361.50; best: 302; worst: 408; stddev: 38.01; experts: 7; Sleeper match: matched_name_position. Near-draft proxy only; historical endpoint was finalized after the Bishop auction.,508
FantasyPros ECR,2023,2023-09-08,draft,half_ppr,508,WR171,Denzel Mims,6849,WR,,,,FA,FantasyPros updated timestamp: 1694132397; average rank: 387.43; best: 317; worst: 436; stddev: 36.92; experts: 8; Sleeper match: matched_name. Near-draft proxy only; historical endpoint was finalized after the Bishop auction.,509
FantasyPros ECR,2023,2023-09-08,draft,half_ppr,509,TE80,Zack Kuntz,9483,TE,,,7,DAL,FantasyPros updated timestamp: 1694132397; average rank: 389.00; best: 342; worst: 472; stddev: 39.96; experts: 8; Sleeper match: matched_name. Near-draft proxy only; historical endpoint was finalized after the Bishop auction.,510
FantasyPros ECR,2023,2023-09-08,draft,half_ppr,510,QB51,Andy Dalton,829,QB,,,10,PHI,FantasyPros updated timestamp: 1694132397; average rank: 420.25; best: 328; worst: 608; stddev: 83.89; experts: 9; Sleeper match: matched_name. Near-draft proxy only; historical endpoint was finalized after the Bishop auction.,511
FantasyPros ECR,2023,2023-09-08,draft,half_ppr,511,TE81,Tyler Kroft,2390,TE,,,,FA,FantasyPros updated timestamp: 1694132397; average rank: 343.60; best: 289; worst: 403; stddev: 42.09; experts: 6; Sleeper match: matched_name. Near-draft proxy only; historical endpoint was finalized after the Bishop auction.,512
FantasyPros ECR,2023,2023-09-08,draft,half_ppr,512,K42,Randy Bullock,1099,K,,,,FA,FantasyPros updated timestamp: 1694132397; average rank: 348.80; best: 309; worst: 396; stddev: 37.81; experts: 6; Sleeper match: matched_name. Near-draft proxy only; historical endpoint was finalized after the Bishop auction.,513
FantasyPros ECR,2023,2023-09-08,draft,half_ppr,513,TE82,Quintin Morris,7536,TE,,,9,JAC,FantasyPros updated timestamp: 1694132397; average rank: 380.83; best: 335; worst: 479; stddev: 49.57; experts: 7; Sleeper match: matched_name. Near-draft proxy only; historical endpoint was finalized after the Bishop auction.,514
FantasyPros ECR,2023,2023-09-08,draft,half_ppr,514,WR172,Ray-Ray McCloud III,5096,WR,,,13,CHI,FantasyPros updated timestamp: 1694132397; average rank: 403.43; best: 343; worst: 526; stddev: 56.92; experts: 8; Sleeper match: matched_name. Near-draft proxy only; historical endpoint was finalized after the Bishop auction.,515
FantasyPros ECR,2023,2023-09-08,draft,half_ppr,515,WR173,Malik Heath,11210,WR,,,,FA,FantasyPros updated timestamp: 1694132397; average rank: 403.86; best: 327; worst: 475; stddev: 47.74; experts: 8; Sleeper match: matched_name. Near-draft proxy only; historical endpoint was finalized after the Bishop auction.,516
FantasyPros ECR,2023,2023-09-08,draft,half_ppr,516,TE83,Luke Farrell,7842,TE,,,9,SF,FantasyPros updated timestamp: 1694132397; average rank: 356.80; best: 258; worst: 429; stddev: 72.77; experts: 5; Sleeper match: matched_name. Near-draft proxy only; historical endpoint was finalized after the Bishop auction.,517
FantasyPros ECR,2023,2023-09-08,draft,half_ppr,517,TE84,O.J. Howard,4055,TE,,,,FA,FantasyPros updated timestamp: 1694132397; average rank: 359.60; best: 292; worst: 455; stddev: 66.66; experts: 5; Sleeper match: matched_name. Near-draft proxy only; historical endpoint was finalized after the Bishop auction.,518
FantasyPros ECR,2023,2023-09-08,draft,half_ppr,518,QB52,Brian Hoyer,345,QB,,,,FA,FantasyPros updated timestamp: 1694132397; average rank: 422.57; best: 334; worst: 630; stddev: 94.46; experts: 8; Sleeper match: matched_name. Near-draft proxy only; historical endpoint was finalized after the Bishop auction.,519
FantasyPros ECR,2023,2023-09-08,draft,half_ppr,519,RB135,Demetric Felton Jr.,7609,RB,,,,FA,FantasyPros updated timestamp: 1694132397; average rank: 411.71; best: 380; worst: 470; stddev: 28.61; experts: 8; Sleeper match: matched_name. Near-draft proxy only; historical endpoint was finalized after the Bishop auction.,520
FantasyPros ECR,2023,2023-09-08,draft,half_ppr,520,TE85,Connor Heyward,8181,TE,,,13,LV,FantasyPros updated timestamp: 1694132397; average rank: 369.60; best: 297; worst: 417; stddev: 45.37; experts: 6; Sleeper match: matched_name. Near-draft proxy only; historical endpoint was finalized after the Bishop auction.,521
FantasyPros ECR,2023,2023-09-08,draft,half_ppr,521,K43,Caleb Shudak,8536,K,,,,FA,FantasyPros updated timestamp: 1694132397; average rank: 372.00; best: 228; worst: 469; stddev: 89.78; experts: 5; Sleeper match: matched_name. Near-draft proxy only; historical endpoint was finalized after the Bishop auction.,522
FantasyPros ECR,2023,2023-09-08,draft,half_ppr,522,TE86,Mitchell Wilcox,6894,TE,,,,FA,FantasyPros updated timestamp: 1694132397; average rank: 372.80; best: 256; worst: 514; stddev: 88.72; experts: 5; Sleeper match: matched_name. Near-draft proxy only; historical endpoint was finalized after the Bishop auction.,523
FantasyPros ECR,2023,2023-09-08,draft,half_ppr,523,RB136,Trey Sermon,7593,RB,,,11,ATL,FantasyPros updated timestamp: 1694132397; average rank: 377.80; best: 322; worst: 445; stddev: 52.59; experts: 6; Sleeper match: matched_name. Near-draft proxy only; historical endpoint was finalized after the Bishop auction.,524
FantasyPros ECR,2023,2023-09-08,draft,half_ppr,524,TE87,Ross Dwelley,5285,TE,,,,FA,FantasyPros updated timestamp: 1694132397; average rank: 380.60; best: 314; worst: 459; stddev: 47.14; experts: 5; Sleeper match: matched_name. Near-draft proxy only; historical endpoint was finalized after the Bishop auction.,525
FantasyPros ECR,2023,2023-09-08,draft,half_ppr,525,TE88,Tanner Conner,8849,TE,,,13,NYG,FantasyPros updated timestamp: 1694132397; average rank: 346.50; best: 300; worst: 377; stddev: 29.00; experts: 4; Sleeper match: matched_name. Near-draft proxy only; historical endpoint was finalized after the Bishop auction.,526
FantasyPros ECR,2023,2023-09-08,draft,half_ppr,526,TE89,Johnny Mundt,4314,TE,,,10,PHI,FantasyPros updated timestamp: 1694132397; average rank: 382.20; best: 275; worst: 509; stddev: 75.37; experts: 6; Sleeper match: matched_name. Near-draft proxy only; historical endpoint was finalized after the Bishop auction.,527
FantasyPros ECR,2023,2023-09-08,draft,half_ppr,527,TE90,Blake Bell,2422,TE,,,,FA,FantasyPros updated timestamp: 1694132397; average rank: 350.50; best: 291; worst: 403; stddev: 40.97; experts: 4; Sleeper match: matched_name. Near-draft proxy only; historical endpoint was finalized after the Bishop auction.,528
FantasyPros ECR,2023,2023-09-08,draft,half_ppr,528,WR174,N'Keal Harry,5878,WR,,,,FA,FantasyPros updated timestamp: 1694132397; average rank: 389.40; best: 257; worst: 544; stddev: 92.45; experts: 5; Sleeper match: matched_name. Near-draft proxy only; historical endpoint was finalized after the Bishop auction.,529
FantasyPros ECR,2023,2023-09-08,draft,half_ppr,529,WR175,Ihmir Smith-Marsette,7559,WR,,,14,ARI,FantasyPros updated timestamp: 1694132397; average rank: 425.57; best: 395; worst: 473; stddev: 24.52; experts: 8; Sleeper match: matched_name. Near-draft proxy only; historical endpoint was finalized after the Bishop auction.,530
FantasyPros ECR,2023,2023-09-08,draft,half_ppr,530,QB53,Carson Wentz,3161,QB,,,13,MIN,FantasyPros updated timestamp: 1694132397; average rank: 424.83; best: 326; worst: 599; stddev: 89.58; experts: 7; Sleeper match: matched_name. Near-draft proxy only; historical endpoint was finalized after the Bishop auction.,531
FantasyPros ECR,2023,2023-09-08,draft,half_ppr,531,TE91,Jody Fortson Jr.,6665,TE,,,,FA,FantasyPros updated timestamp: 1694132397; average rank: 358.75; best: 319; worst: 420; stddev: 38.58; experts: 4; Sleeper match: matched_name. Near-draft proxy only; historical endpoint was finalized after the Bishop auction.,532
FantasyPros ECR,2023,2023-09-08,draft,half_ppr,532,TE92,Charlie Kolar,8127,TE,,,5,LAC,FantasyPros updated timestamp: 1694132397; average rank: 391.60; best: 343; worst: 511; stddev: 61.96; experts: 6; Sleeper match: matched_name. Near-draft proxy only; historical endpoint was finalized after the Bishop auction.,533
FantasyPros ECR,2023,2023-09-08,draft,half_ppr,533,TE93,Will Mallory,10220,TE,,,11,IND,FantasyPros updated timestamp: 1694132397; average rank: 359.25; best: 305; worst: 399; stddev: 34.97; experts: 4; Sleeper match: matched_name. Near-draft proxy only; historical endpoint was finalized after the Bishop auction.,534
FantasyPros ECR,2023,2023-09-08,draft,half_ppr,534,TE94,Chris Manhertz,3048,TE,,,13,NYG,FantasyPros updated timestamp: 1694132397; average rank: 396.60; best: 329; worst: 500; stddev: 56.98; experts: 5; Sleeper match: matched_name. Near-draft proxy only; historical endpoint was finalized after the Bishop auction.,535
FantasyPros ECR,2023,2023-09-08,draft,half_ppr,535,QB54,Davis Mills,7585,QB,,,7,HOU,FantasyPros updated timestamp: 1694132397; average rank: 443.50; best: 341; worst: 643; stddev: 98.73; experts: 7; Sleeper match: matched_name. Near-draft proxy only; historical endpoint was finalized after the Bishop auction.,536
FantasyPros ECR,2023,2023-09-08,draft,half_ppr,536,WR176,Shi Smith,7603,WR,,,,FA,FantasyPros updated timestamp: 1694132397; average rank: 405.80; best: 301; worst: 510; stddev: 76.54; experts: 6; Sleeper match: matched_name. Near-draft proxy only; historical endpoint was finalized after the Bishop auction.,537
FantasyPros ECR,2023,2023-09-08,draft,half_ppr,537,RB137,Tony Jones Jr.,6984,RB,,,,FA,FantasyPros updated timestamp: 1694132397; average rank: 406.40; best: 371; worst: 441; stddev: 25.17; experts: 6; Sleeper match: matched_name_position. Near-draft proxy only; historical endpoint was finalized after the Bishop auction.,538
FantasyPros ECR,2023,2023-09-08,draft,half_ppr,538,QB55,Hendon Hooker,9998,QB,,,7,TEN,FantasyPros updated timestamp: 1694132397; average rank: 421.20; best: 224; worst: 594; stddev: 124.34; experts: 5; Sleeper match: matched_name. Near-draft proxy only; historical endpoint was finalized after the Bishop auction.,539
FantasyPros ECR,2023,2023-09-08,draft,half_ppr,539,TE95,Drew Ogletree,8489,TE,,,11,IND,FantasyPros updated timestamp: 1694132397; average rank: 330.33; best: 270; worst: 376; stddev: 44.50; experts: 3; Sleeper match: matched_name. Near-draft proxy only; historical endpoint was finalized after the Bishop auction.,540
FantasyPros ECR,2023,2023-09-08,draft,half_ppr,540,WR177,Scotty Washington,7237,WR,,,,FA,FantasyPros updated timestamp: 1694132397; average rank: 378.50; best: 346; worst: 397; stddev: 20.72; experts: 4; Sleeper match: matched_name. Near-draft proxy only; historical endpoint was finalized after the Bishop auction.,541
FantasyPros ECR,2023,2023-09-08,draft,half_ppr,541,TE96,Davis Allen,10214,TE,,,10,LAR,FantasyPros updated timestamp: 1694132397; average rank: 331.67; best: 287; worst: 388; stddev: 42.05; experts: 3; Sleeper match: matched_name. Near-draft proxy only; historical endpoint was finalized after the Bishop auction.,542
FantasyPros ECR,2023,2023-09-08,draft,half_ppr,542,WR178,David Moore,4274,WR,,,7,CAR,FantasyPros updated timestamp: 1694132397; average rank: 333.00; best: 194; worst: 410; stddev: 98.48; experts: 3; Sleeper match: matched_name_position. Near-draft proxy only; historical endpoint was finalized after the Bishop auction.,543
FantasyPros ECR,2023,2023-09-08,draft,half_ppr,543,TE97,Grant Calcaterra,8177,TE,,,10,PHI,FantasyPros updated timestamp: 1694132397; average rank: 409.40; best: 357; worst: 507; stddev: 51.07; experts: 6; Sleeper match: matched_name. Near-draft proxy only; historical endpoint was finalized after the Bishop auction.,544
FantasyPros ECR,2023,2023-09-08,draft,half_ppr,544,TE98,Marcedes Lewis,111,TE,,,,FA,FantasyPros updated timestamp: 1694132397; average rank: 334.67; best: 262; worst: 453; stddev: 84.40; experts: 3; Sleeper match: matched_name. Near-draft proxy only; historical endpoint was finalized after the Bishop auction.,545
FantasyPros ECR,2023,2023-09-08,draft,half_ppr,545,TE99,MyCole Pruitt,2446,TE,,,,FA,FantasyPros updated timestamp: 1694132397; average rank: 383.50; best: 257; worst: 506; stddev: 94.50; experts: 4; Sleeper match: matched_name. Near-draft proxy only; historical endpoint was finalized after the Bishop auction.,546
FantasyPros ECR,2023,2023-09-08,draft,half_ppr,546,RB138,C.J. Ham,3832,RB,,,,FA,FantasyPros updated timestamp: 1694132397; average rank: 411.60; best: 362; worst: 491; stddev: 52.39; experts: 5; Sleeper match: matched_name. Near-draft proxy only; historical endpoint was finalized after the Bishop auction.,547
FantasyPros ECR,2023,2023-09-08,draft,half_ppr,547,TE100,Eric Saubert,4189,TE,,,5,SEA,FantasyPros updated timestamp: 1694132397; average rank: 385.75; best: 335; worst: 415; stddev: 31.16; experts: 4; Sleeper match: matched_name. Near-draft proxy only; historical endpoint was finalized after the Bishop auction.,548
FantasyPros ECR,2023,2023-09-08,draft,half_ppr,548,WR179,Sammy Watkins,1817,WR,,,,FA,FantasyPros updated timestamp: 1694132397; average rank: 343.00; best: 243; worst: 443; stddev: 81.65; experts: 3; Sleeper match: matched_name. Near-draft proxy only; historical endpoint was finalized after the Bishop auction.,549
FantasyPros ECR,2023,2023-09-08,draft,half_ppr,549,RB139,Snoop Conner,8179,RB,,,,FA,FantasyPros updated timestamp: 1694132397; average rank: 390.75; best: 334; worst: 476; stddev: 52.25; experts: 4; Sleeper match: matched_name. Near-draft proxy only; historical endpoint was finalized after the Bishop auction.,550
FantasyPros ECR,2023,2023-09-08,draft,half_ppr,550,QB56,Stetson Bennett IV,10857,QB,,,10,LAR,FantasyPros updated timestamp: 1694132397; average rank: 440.20; best: 272; worst: 637; stddev: 117.05; experts: 5; Sleeper match: matched_name. Near-draft proxy only; historical endpoint was finalized after the Bishop auction.,551
FantasyPros ECR,2023,2023-09-08,draft,half_ppr,551,TE101,Jesper Horsted,6075,TE,,,,FA,FantasyPros updated timestamp: 1694132397; average rank: 392.50; best: 357; worst: 444; stddev: 32.02; experts: 4; Sleeper match: matched_name. Near-draft proxy only; historical endpoint was finalized after the Bishop auction.,552
FantasyPros ECR,2023,2023-09-08,draft,half_ppr,552,WR180,Jalen Reagor,6798,WR,,,10,MIA,FantasyPros updated timestamp: 1694132397; average rank: 443.83; best: 379; worst: 571; stddev: 74.23; experts: 7; Sleeper match: matched_name. Near-draft proxy only; historical endpoint was finalized after the Bishop auction.,553
FantasyPros ECR,2023,2023-09-08,draft,half_ppr,553,QB57,Marcus Mariota,2307,QB,,,14,WAS,FantasyPros updated timestamp: 1694132397; average rank: 435.60; best: 369; worst: 597; stddev: 82.46; experts: 6; Sleeper match: matched_name. Near-draft proxy only; historical endpoint was finalized after the Bishop auction.,554
FantasyPros ECR,2023,2023-09-08,draft,half_ppr,554,TE102,Tyler Davis,7131,TE,,,,FA,FantasyPros updated timestamp: 1694132397; average rank: 353.33; best: 326; worst: 406; stddev: 37.25; experts: 3; Sleeper match: matched_name_position. Near-draft proxy only; historical endpoint was finalized after the Bishop auction.,555
FantasyPros ECR,2023,2023-09-08,draft,half_ppr,555,WR181,Ronnie Bell,10221,WR,,,,FA,FantasyPros updated timestamp: 1694132397; average rank: 397.00; best: 269; worst: 474; stddev: 78.06; experts: 4; Sleeper match: matched_name. Near-draft proxy only; historical endpoint was finalized after the Bishop auction.,556
FantasyPros ECR,2023,2023-09-08,draft,half_ppr,556,RB140,Nick Bawden,5116,RB,,,,FA,FantasyPros updated timestamp: 1694132397; average rank: 281.50; best: 257; worst: 306; stddev: 24.50; experts: 2; Sleeper match: matched_name. Near-draft proxy only; historical endpoint was finalized after the Bishop auction.,557
FantasyPros ECR,2023,2023-09-08,draft,half_ppr,557,WR182,Keith Kirkwood,5134,WR,,,,FA,FantasyPros updated timestamp: 1694132397; average rank: 433.60; best: 326; worst: 549; stddev: 84.99; experts: 5; Sleeper match: matched_name. Near-draft proxy only; historical endpoint was finalized after the Bishop auction.,558
FantasyPros ECR,2023,2023-09-08,draft,half_ppr,558,RB141,Patrick Ricard,4353,RB,,,13,NYG,FantasyPros updated timestamp: 1694132397; average rank: 408.50; best: 283; worst: 486; stddev: 76.80; experts: 4; Sleeper match: matched_name. Near-draft proxy only; historical endpoint was finalized after the Bishop auction.,559
FantasyPros ECR,2023,2023-09-08,draft,half_ppr,559,RB142,Caleb Huntley,7741,RB,,,,FA,FantasyPros updated timestamp: 1694132397; average rank: 372.67; best: 321; worst: 458; stddev: 60.79; experts: 3; Sleeper match: matched_name. Near-draft proxy only; historical endpoint was finalized after the Bishop auction.,560
FantasyPros ECR,2023,2023-09-08,draft,half_ppr,560,TE103,Giovanni Ricci,7216,TE,,,,FA,FantasyPros updated timestamp: 1694132397; average rank: 373.33; best: 353; worst: 385; stddev: 14.43; experts: 3; Sleeper match: matched_name. Near-draft proxy only; historical endpoint was finalized after the Bishop auction.,561
FantasyPros ECR,2023,2023-09-08,draft,half_ppr,561,QB58,Dorian Thompson-Robinson,10862,QB,,,,FA,FantasyPros updated timestamp: 1694132397; average rank: 454.00; best: 366; worst: 627; stddev: 92.79; experts: 6; Sleeper match: matched_name. Near-draft proxy only; historical endpoint was finalized after the Bishop auction.,562
FantasyPros ECR,2023,2023-09-08,draft,half_ppr,562,TE104,Cameron Brate,2214,TE,,,,FA,FantasyPros updated timestamp: 1694132397; average rank: 303.50; best: 235; worst: 372; stddev: 68.50; experts: 2; Sleeper match: matched_name. Near-draft proxy only; historical endpoint was finalized after the Bishop auction.,563
FantasyPros ECR,2023,2023-09-08,draft,half_ppr,563,RB143,Trestan Ebner,8189,RB,,,,FA,FantasyPros updated timestamp: 1694132397; average rank: 413.00; best: 337; worst: 480; stddev: 64.16; experts: 4; Sleeper match: matched_name. Near-draft proxy only; historical endpoint was finalized after the Bishop auction.,564
FantasyPros ECR,2023,2023-09-08,draft,half_ppr,564,QB59,Teddy Bridgewater,2152,QB,,,,FA,FantasyPros updated timestamp: 1694132397; average rank: 458.40; best: 354; worst: 638; stddev: 98.01; experts: 5; Sleeper match: matched_name. Near-draft proxy only; historical endpoint was finalized after the Bishop auction.,565
FantasyPros ECR,2023,2023-09-08,draft,half_ppr,565,TE105,Payne Durham,10227,TE,,,5,TB,FantasyPros updated timestamp: 1694132397; average rank: 382.00; best: 325; worst: 434; stddev: 44.64; experts: 3; Sleeper match: matched_name. Near-draft proxy only; historical endpoint was finalized after the Bishop auction.,566
FantasyPros ECR,2023,2023-09-08,draft,half_ppr,566,TE106,Shane Zylstra,8041,TE,,,,FA,FantasyPros updated timestamp: 1694132397; average rank: 382.33; best: 369; worst: 405; stddev: 16.11; experts: 3; Sleeper match: matched_name. Near-draft proxy only; historical endpoint was finalized after the Bishop auction.,567
FantasyPros ECR,2023,2023-09-08,draft,half_ppr,567,RB144,Tiyon Evans,9223,RB,,,,FA,FantasyPros updated timestamp: 1694132397; average rank: 382.67; best: 323; worst: 485; stddev: 72.69; experts: 3; Sleeper match: matched_name. Near-draft proxy only; historical endpoint was finalized after the Bishop auction.,568
FantasyPros ECR,2023,2023-09-08,draft,half_ppr,568,WR183,Cam Sims,5432,WR,,,,FA,FantasyPros updated timestamp: 1694132397; average rank: 428.75; best: 375; worst: 560; stddev: 76.03; experts: 4; Sleeper match: matched_name. Near-draft proxy only; historical endpoint was finalized after the Bishop auction.,569
FantasyPros ECR,2023,2023-09-08,draft,half_ppr,569,RB145,Jermar Jefferson,7599,RB,,,13,MIN,FantasyPros updated timestamp: 1694132397; average rank: 321.00; best: 277; worst: 365; stddev: 44.00; experts: 2; Sleeper match: matched_name. Near-draft proxy only; historical endpoint was finalized after the Bishop auction.,570
FantasyPros ECR,2023,2023-09-08,draft,half_ppr,570,RB146,Mohamed Ibrahim,10651,RB,,,,FA,FantasyPros updated timestamp: 1694132397; average rank: 390.00; best: 332; worst: 479; stddev: 63.89; experts: 3; Sleeper match: matched_name. Near-draft proxy only; historical endpoint was finalized after the Bishop auction.,571
FantasyPros ECR,2023,2023-09-08,draft,half_ppr,571,TE107,Tommy Sweeney,6137,TE,,,,FA,FantasyPros updated timestamp: 1694132397; average rank: 391.00; best: 354; worst: 425; stddev: 29.06; experts: 3; Sleeper match: matched_name. Near-draft proxy only; historical endpoint was finalized after the Bishop auction.,572
FantasyPros ECR,2023,2023-09-08,draft,half_ppr,572,WR184,Jake Bobo,10867,WR,,,5,SEA,FantasyPros updated timestamp: 1694132397; average rank: 391.00; best: 384; worst: 396; stddev: 5.10; experts: 3; Sleeper match: matched_name. Near-draft proxy only; historical endpoint was finalized after the Bishop auction.,573
FantasyPros ECR,2023,2023-09-08,draft,half_ppr,573,TE108,Dan Arnold,4741,TE,,,,FA,FantasyPros updated timestamp: 1694132397; average rank: 410.00; best: 333; worst: 490; stddev: 64.13; experts: 3; Sleeper match: matched_name. Near-draft proxy only; historical endpoint was finalized after the Bishop auction.,574
FantasyPros ECR,2023,2023-09-08,draft,half_ppr,574,WR185,Anthony Schwartz,7533,WR,,,,FA,FantasyPros updated timestamp: 1694132397; average rank: 420.33; best: 282; worst: 548; stddev: 108.86; experts: 3; Sleeper match: matched_name. Near-draft proxy only; historical endpoint was finalized after the Bishop auction.,575
FantasyPros ECR,2023,2023-09-08,draft,half_ppr,575,RB147,Jakob Johnson,6202,RB,,,,FA,FantasyPros updated timestamp: 1694132397; average rank: 413.33; best: 364; worst: 484; stddev: 51.26; experts: 3; Sleeper match: matched_name. Near-draft proxy only; historical endpoint was finalized after the Bishop auction.,576
FantasyPros ECR,2023,2023-09-08,draft,half_ppr,576,WR186,Dareke Young,8527,WR,,,13,LV,FantasyPros updated timestamp: 1694132397; average rank: 445.75; best: 396; worst: 539; stddev: 57.39; experts: 4; Sleeper match: matched_name. Near-draft proxy only; historical endpoint was finalized after the Bishop auction.,577
FantasyPros ECR,2023,2023-09-08,draft,half_ppr,577,TE109,Julian Hill,11371,TE,,,11,NE,FantasyPros updated timestamp: 1694132397; average rank: 362.50; best: 245; worst: 480; stddev: 117.50; experts: 2; Sleeper match: matched_name. Near-draft proxy only; historical endpoint was finalized after the Bishop auction.,578
FantasyPros ECR,2023,2023-09-08,draft,half_ppr,578,TE110,Armani Rogers,8665,TE,,,,FA,FantasyPros updated timestamp: 1694132397; average rank: 416.00; best: 397; worst: 443; stddev: 19.61; experts: 3; Sleeper match: matched_name. Near-draft proxy only; historical endpoint was finalized after the Bishop auction.,579
FantasyPros ECR,2023,2023-09-08,draft,half_ppr,579,WR187,Lil'Jordan Humphrey,5938,WR,,,9,DEN,FantasyPros updated timestamp: 1694132397; average rank: 420.33; best: 392; worst: 456; stddev: 26.64; experts: 3; Sleeper match: matched_name. Near-draft proxy only; historical endpoint was finalized after the Bishop auction.,580
FantasyPros ECR,2023,2023-09-08,draft,half_ppr,580,TE111,Zach Gentry,6018,TE,,,,FA,FantasyPros updated timestamp: 1694132397; average rank: 374.00; best: 336; worst: 412; stddev: 38.00; experts: 2; Sleeper match: matched_name. Near-draft proxy only; historical endpoint was finalized after the Bishop auction.,581
FantasyPros ECR,2023,2023-09-08,draft,half_ppr,581,RB148,Mike Davis,2431,RB,,,,FA,FantasyPros updated timestamp: 1694132397; average rank: 423.33; best: 382; worst: 482; stddev: 42.62; experts: 3; Sleeper match: matched_name. Near-draft proxy only; historical endpoint was finalized after the Bishop auction.,582
FantasyPros ECR,2023,2023-09-08,draft,half_ppr,582,WR188,Tylan Wallace,7595,WR,,,5,CLE,FantasyPros updated timestamp: 1694132397; average rank: 469.60; best: 400; worst: 553; stddev: 56.71; experts: 6; Sleeper match: matched_name. Near-draft proxy only; historical endpoint was finalized after the Bishop auction.,583
FantasyPros ECR,2023,2023-09-08,draft,half_ppr,583,QB60,Cooper Rush,4574,QB,,,11,ATL,FantasyPros updated timestamp: 1694132397; average rank: 474.75; best: 413; worst: 626; stddev: 87.88; experts: 4; Sleeper match: matched_name. Near-draft proxy only; historical endpoint was finalized after the Bishop auction.,584
FantasyPros ECR,2023,2023-09-08,draft,half_ppr,584,TE112,Stephen Sullivan,6970,TE,,,,FA,FantasyPros updated timestamp: 1694132397; average rank: 376.00; best: 334; worst: 418; stddev: 42.00; experts: 2; Sleeper match: matched_name. Near-draft proxy only; historical endpoint was finalized after the Bishop auction.,585
FantasyPros ECR,2023,2023-09-08,draft,half_ppr,585,RB149,Tyler Badie,8208,RB,,,9,DEN,FantasyPros updated timestamp: 1694132397; average rank: 376.00; best: 364; worst: 388; stddev: 12.00; experts: 2; Sleeper match: matched_name. Near-draft proxy only; historical endpoint was finalized after the Bishop auction.,586
FantasyPros ECR,2023,2023-09-08,draft,half_ppr,586,QB61,Blaine Gabbert,862,QB,,,,FA,FantasyPros updated timestamp: 1694132397; average rank: 469.00; best: 356; worst: 601; stddev: 88.46; experts: 4; Sleeper match: matched_name. Near-draft proxy only; historical endpoint was finalized after the Bishop auction.,587
FantasyPros ECR,2023,2023-09-08,draft,half_ppr,587,WR189,Elijah Cooks,11139,WR,,,,FA,FantasyPros updated timestamp: 1694132397; average rank: 378.50; best: 268; worst: 489; stddev: 110.50; experts: 2; Sleeper match: matched_name. Near-draft proxy only; historical endpoint was finalized after the Bishop auction.,588
FantasyPros ECR,2023,2023-09-08,draft,half_ppr,588,WR190,Phillip Dorsett II,2334,WR,,,13,LV,FantasyPros updated timestamp: 1694132397; average rank: 461.00; best: 402; worst: 561; stddev: 60.71; experts: 4; Sleeper match: matched_name. Near-draft proxy only; historical endpoint was finalized after the Bishop auction.,589
FantasyPros ECR,2023,2023-09-08,draft,half_ppr,589,QB62,Tyrod Taylor,827,QB,,,6,GB,FantasyPros updated timestamp: 1694132397; average rank: 470.50; best: 344; worst: 598; stddev: 95.27; experts: 4; Sleeper match: matched_name. Near-draft proxy only; historical endpoint was finalized after the Bishop auction.,590
FantasyPros ECR,2023,2023-09-08,draft,half_ppr,590,TE113,Nick Boyle,2474,TE,,,,FA,FantasyPros updated timestamp: 1694132397; average rank: 381.50; best: 321; worst: 442; stddev: 60.50; experts: 2; Sleeper match: matched_name. Near-draft proxy only; historical endpoint was finalized after the Bishop auction.,591
FantasyPros ECR,2023,2023-09-08,draft,half_ppr,591,QB63,Matt Corral,8164,QB,,,,FA,FantasyPros updated timestamp: 1694132397; average rank: 469.33; best: 344; worst: 642; stddev: 126.18; experts: 3; Sleeper match: matched_name. Near-draft proxy only; historical endpoint was finalized after the Bishop auction.,592
FantasyPros ECR,2023,2023-09-08,draft,half_ppr,592,RB150,Hunter Luepke,11510,RB,,,7,DAL,FantasyPros updated timestamp: 1694132397; average rank: 384.00; best: 344; worst: 424; stddev: 40.00; experts: 2; Sleeper match: matched_name. Near-draft proxy only; historical endpoint was finalized after the Bishop auction.,593
FantasyPros ECR,2023,2023-09-08,draft,half_ppr,593,WR191,Amari Rodgers,7540,WR,,,,FA,FantasyPros updated timestamp: 1694132397; average rank: 439.00; best: 390; worst: 535; stddev: 67.89; experts: 3; Sleeper match: matched_name. Near-draft proxy only; historical endpoint was finalized after the Bishop auction.,594
FantasyPros ECR,2023,2023-09-08,draft,half_ppr,594,QB64,Easton Stick,6185,QB,,,11,IND,FantasyPros updated timestamp: 1694132397; average rank: 435.00; best: 368; worst: 498; stddev: 53.15; experts: 3; Sleeper match: matched_name. Near-draft proxy only; historical endpoint was finalized after the Bishop auction.,595
FantasyPros ECR,2023,2023-09-08,draft,half_ppr,595,WR192,Dax Milne,7751,WR,,,,FA,FantasyPros updated timestamp: 1694132397; average rank: 436.33; best: 417; worst: 460; stddev: 17.82; experts: 3; Sleeper match: matched_name. Near-draft proxy only; historical endpoint was finalized after the Bishop auction.,596
FantasyPros ECR,2023,2023-09-08,draft,half_ppr,596,QB65,Matt Ryan,24,QB,,,,FA,FantasyPros updated timestamp: 1694132397; average rank: 396.00; best: 387; worst: 405; stddev: 9.00; experts: 2; Sleeper match: matched_name. Near-draft proxy only; historical endpoint was finalized after the Bishop auction.,597
FantasyPros ECR,2023,2023-09-08,draft,half_ppr,597,WR193,Malik Taylor,6239,WR,,,,FA,FantasyPros updated timestamp: 1694132397; average rank: 404.50; best: 271; worst: 538; stddev: 133.50; experts: 2; Sleeper match: matched_name. Near-draft proxy only; historical endpoint was finalized after the Bishop auction.,598
FantasyPros ECR,2023,2023-09-08,draft,half_ppr,598,QB66,Jake Browning,6111,QB,,,,FA,FantasyPros updated timestamp: 1694132397; average rank: 488.75; best: 354; worst: 632; stddev: 101.53; experts: 4; Sleeper match: matched_name. Near-draft proxy only; historical endpoint was finalized after the Bishop auction.,599
FantasyPros ECR,2023,2023-09-08,draft,half_ppr,599,TE114,Andrew Beck,6323,TE,,,7,NYJ,FantasyPros updated timestamp: 1694132397; average rank: 404.00; best: 390; worst: 418; stddev: 14.00; experts: 2; Sleeper match: matched_name. Near-draft proxy only; historical endpoint was finalized after the Bishop auction.,600
FantasyPros ECR,2023,2023-09-08,draft,half_ppr,600,WR194,Jalen Brooks,11034,WR,,,14,ARI,FantasyPros updated timestamp: 1694132397; average rank: 444.00; best: 384; worst: 521; stddev: 57.21; experts: 3; Sleeper match: matched_name. Near-draft proxy only; historical endpoint was finalized after the Bishop auction.,601
FantasyPros ECR,2023,2023-09-08,draft,half_ppr,601,WR195,Steven Sims Jr.,6402,WR,,,,FA,FantasyPros updated timestamp: 1694132397; average rank: 405.50; best: 306; worst: 505; stddev: 99.50; experts: 2; Sleeper match: matched_name. Near-draft proxy only; historical endpoint was finalized after the Bishop auction.,602
FantasyPros ECR,2023,2023-09-08,draft,half_ppr,602,TE115,Devin Asiasi,6956,TE,,,,FA,FantasyPros updated timestamp: 1694132397; average rank: 406.50; best: 372; worst: 441; stddev: 34.50; experts: 2; Sleeper match: matched_name. Near-draft proxy only; historical endpoint was finalized after the Bishop auction.,603
FantasyPros ECR,2023,2023-09-08,draft,half_ppr,603,QB67,Drew Lock,5854,QB,,,5,SEA,FantasyPros updated timestamp: 1694132397; average rank: 486.50; best: 422; worst: 611; stddev: 74.06; experts: 4; Sleeper match: matched_name. Near-draft proxy only; historical endpoint was finalized after the Bishop auction.,604
FantasyPros ECR,2023,2023-09-08,draft,half_ppr,604,WR196,Montrell Washington,8475,WR,,,,FA,FantasyPros updated timestamp: 1694132397; average rank: 410.00; best: 365; worst: 455; stddev: 45.00; experts: 2; Sleeper match: matched_name. Near-draft proxy only; historical endpoint was finalized after the Bishop auction.,605
FantasyPros ECR,2023,2023-09-08,draft,half_ppr,605,WR197,Bryan Edwards,6870,WR,,,,FA,FantasyPros updated timestamp: 1694132397; average rank: 455.33; best: 375; worst: 546; stddev: 70.19; experts: 3; Sleeper match: matched_name. Near-draft proxy only; historical endpoint was finalized after the Bishop auction.,606
FantasyPros ECR,2023,2023-09-08,draft,half_ppr,606,TE116,Pharaoh Brown,4443,TE,,,11,IND,FantasyPros updated timestamp: 1694132397; average rank: 413.50; best: 390; worst: 437; stddev: 23.50; experts: 2; Sleeper match: matched_name. Near-draft proxy only; historical endpoint was finalized after the Bishop auction.,607
FantasyPros ECR,2023,2023-09-08,draft,half_ppr,607,RB151,Damien Williams,1833,RB,,,,FA,FantasyPros updated timestamp: 1694132397; average rank: 414.50; best: 408; worst: 421; stddev: 6.50; experts: 2; Sleeper match: matched_name. Near-draft proxy only; historical endpoint was finalized after the Bishop auction.,608
FantasyPros ECR,2023,2023-09-08,draft,half_ppr,608,QB68,Sean Clifford,10983,QB,,,7,CIN,FantasyPros updated timestamp: 1694132397; average rank: 480.00; best: 310; worst: 609; stddev: 125.46; experts: 3; Sleeper match: matched_name. Near-draft proxy only; historical endpoint was finalized after the Bishop auction.,609
FantasyPros ECR,2023,2023-09-08,draft,half_ppr,609,RB152,La'Mical Perine,6908,RB,,,,FA,FantasyPros updated timestamp: 1694132397; average rank: 423.50; best: 357; worst: 490; stddev: 66.50; experts: 2; Sleeper match: matched_name. Near-draft proxy only; historical endpoint was finalized after the Bishop auction.,610
FantasyPros ECR,2023,2023-09-08,draft,half_ppr,610,TE117,Charlie Woerner,7075,TE,,,11,ATL,FantasyPros updated timestamp: 1694132397; average rank: 425.50; best: 405; worst: 446; stddev: 20.50; experts: 2; Sleeper match: matched_name. Near-draft proxy only; historical endpoint was finalized after the Bishop auction.,611
FantasyPros ECR,2023,2023-09-08,draft,half_ppr,611,QB69,Mitchell Trubisky,3976,QB,,,7,TEN,FantasyPros updated timestamp: 1694132397; average rank: 483.67; best: 423; worst: 593; stddev: 77.47; experts: 3; Sleeper match: matched_name. Near-draft proxy only; historical endpoint was finalized after the Bishop auction.,612
FantasyPros ECR,2023,2023-09-08,draft,half_ppr,612,WR198,Racey McMath,7793,WR,,,,FA,FantasyPros updated timestamp: 1694132397; average rank: 432.50; best: 346; worst: 519; stddev: 86.50; experts: 2; Sleeper match: matched_name. Near-draft proxy only; historical endpoint was finalized after the Bishop auction.,613
FantasyPros ECR,2023,2023-09-08,draft,half_ppr,613,RB153,Malcolm Brown,2588,RB,,,,FA,FantasyPros updated timestamp: 1694132397; average rank: 433.50; best: 419; worst: 448; stddev: 14.50; experts: 2; Sleeper match: matched_name. Near-draft proxy only; historical endpoint was finalized after the Bishop auction.,614
FantasyPros ECR,2023,2023-09-08,draft,half_ppr,614,WR199,Kendall Hinton,7210,WR,,,,FA,FantasyPros updated timestamp: 1694132397; average rank: 433.50; best: 421; worst: 446; stddev: 12.50; experts: 2; Sleeper match: matched_name. Near-draft proxy only; historical endpoint was finalized after the Bishop auction.,615
FantasyPros ECR,2023,2023-09-08,draft,half_ppr,615,WR200,KaVontae Turpin,8917,WR,,,7,DAL,FantasyPros updated timestamp: 1694132397; average rank: 434.00; best: 358; worst: 510; stddev: 76.00; experts: 2; Sleeper match: matched_name. Near-draft proxy only; historical endpoint was finalized after the Bishop auction.,616
FantasyPros ECR,2023,2023-09-08,draft,half_ppr,616,RB154,Keith Smith,2073,RB,,,,FA,FantasyPros updated timestamp: 1694132397; average rank: 434.50; best: 392; worst: 477; stddev: 42.50; experts: 2; Sleeper match: matched_name. Near-draft proxy only; historical endpoint was finalized after the Bishop auction.,617
FantasyPros ECR,2023,2023-09-08,draft,half_ppr,617,WR201,Kristian Wilkerson,7438,WR,,,,FA,FantasyPros updated timestamp: 1694132397; average rank: 480.33; best: 405; worst: 569; stddev: 67.61; experts: 3; Sleeper match: matched_name. Near-draft proxy only; historical endpoint was finalized after the Bishop auction.,618
FantasyPros ECR,2023,2023-09-08,draft,half_ppr,618,WR202,Colton Dowell,11046,WR,,,,FA,FantasyPros updated timestamp: 1694132397; average rank: 438.50; best: 412; worst: 465; stddev: 26.50; experts: 2; Sleeper match: matched_name. Near-draft proxy only; historical endpoint was finalized after the Bishop auction.,619
FantasyPros ECR,2023,2023-09-08,draft,half_ppr,619,WR203,Tim Jones,8013,WR,,,9,JAC,FantasyPros updated timestamp: 1694132397; average rank: 466.33; best: 438; worst: 514; stddev: 33.91; experts: 3; Sleeper match: matched_name. Near-draft proxy only; historical endpoint was finalized after the Bishop auction.,620
FantasyPros ECR,2023,2023-09-08,draft,half_ppr,620,WR204,Gunner Olszewski,6699,WR,,,13,NYG,FantasyPros updated timestamp: 1694132397; average rank: 481.33; best: 384; worst: 567; stddev: 75.16; experts: 3; Sleeper match: matched_name. Near-draft proxy only; historical endpoint was finalized after the Bishop auction.,621
FantasyPros ECR,2023,2023-09-08,draft,half_ppr,621,WR205,T.Y. Hilton,1110,WR,,,,FA,FantasyPros updated timestamp: 1694132397; average rank: 460.50; best: 369; worst: 552; stddev: 91.50; experts: 2; Sleeper match: matched_name. Near-draft proxy only; historical endpoint was finalized after the Bishop auction.,622
FantasyPros ECR,2023,2023-09-08,draft,half_ppr,622,RB155,Zander Horvath,8428,RB,,,,FA,FantasyPros updated timestamp: 1694132397; average rank: 452.00; best: 452; worst: 452; stddev: 0.00; experts: 2; Sleeper match: matched_name. Near-draft proxy only; historical endpoint was finalized after the Bishop auction.,623
FantasyPros ECR,2023,2023-09-08,draft,half_ppr,623,WR206,Andre Baccellia,7233,WR,,,,FA,FantasyPros updated timestamp: 1694132397; average rank: 453.00; best: 395; worst: 511; stddev: 58.00; experts: 2; Sleeper match: matched_name. Near-draft proxy only; historical endpoint was finalized after the Bishop auction.,624
FantasyPros ECR,2023,2023-09-08,draft,half_ppr,624,TE118,Geoff Swaim,2545,TE,,,,FA,FantasyPros updated timestamp: 1694132397; average rank: 453.00; best: 410; worst: 496; stddev: 43.00; experts: 2; Sleeper match: matched_name. Near-draft proxy only; historical endpoint was finalized after the Bishop auction.,625
FantasyPros ECR,2023,2023-09-08,draft,half_ppr,625,WR207,Miles Boykin,5965,WR,,,,FA,FantasyPros updated timestamp: 1694132397; average rank: 486.00; best: 454; worst: 550; stddev: 45.25; experts: 3; Sleeper match: matched_name. Near-draft proxy only; historical endpoint was finalized after the Bishop auction.,626
FantasyPros ECR,2023,2023-09-08,draft,half_ppr,626,QB70,Nick Mullens,4464,QB,,,,FA,FantasyPros updated timestamp: 1694132397; average rank: 503.50; best: 388; worst: 619; stddev: 115.50; experts: 2; Sleeper match: matched_name. Near-draft proxy only; historical endpoint was finalized after the Bishop auction.,627
FantasyPros ECR,2023,2023-09-08,draft,half_ppr,627,WR208,Antoine Green,11053,WR,,,,FA,FantasyPros updated timestamp: 1694132397; average rank: 473.00; best: 401; worst: 545; stddev: 72.00; experts: 2; Sleeper match: matched_name. Near-draft proxy only; historical endpoint was finalized after the Bishop auction.,628
FantasyPros ECR,2023,2023-09-08,draft,half_ppr,628,WR209,Kendric Pryor,8783,WR,,,7,CIN,FantasyPros updated timestamp: 1694132397; average rank: 481.50; best: 401; worst: 562; stddev: 80.50; experts: 2; Sleeper match: matched_name. Near-draft proxy only; historical endpoint was finalized after the Bishop auction.,629
FantasyPros ECR,2023,2023-09-08,draft,half_ppr,629,WR210,Keelan Cole Sr.,4622,WR,,,,FA,FantasyPros updated timestamp: 1694132397; average rank: 478.00; best: 409; worst: 547; stddev: 69.00; experts: 2; Sleeper match: matched_name. Near-draft proxy only; historical endpoint was finalized after the Bishop auction.,630
FantasyPros ECR,2023,2023-09-08,draft,half_ppr,630,WR211,Cole Beasley,1144,WR,,,,FA,FantasyPros updated timestamp: 1694132397; average rank: 471.50; best: 413; worst: 530; stddev: 58.50; experts: 2; Sleeper match: matched_name. Near-draft proxy only; historical endpoint was finalized after the Bishop auction.,631
FantasyPros ECR,2023,2023-09-08,draft,half_ppr,631,WR212,James Proche II,6957,WR,,,,FA,FantasyPros updated timestamp: 1694132397; average rank: 497.50; best: 413; worst: 582; stddev: 84.50; experts: 2; Sleeper match: matched_name. Near-draft proxy only; historical endpoint was finalized after the Bishop auction.,632
FantasyPros ECR,2023,2023-09-08,draft,half_ppr,632,WR213,Michael Strachan,7944,WR,,,,FA,FantasyPros updated timestamp: 1694132397; average rank: 468.00; best: 439; worst: 497; stddev: 29.00; experts: 2; Sleeper match: matched_name. Near-draft proxy only; historical endpoint was finalized after the Bishop auction.,633
FantasyPros ECR,2023,2023-09-08,draft,half_ppr,633,WR214,Laquon Treadwell,3155,WR,,,11,IND,FantasyPros updated timestamp: 1694132397; average rank: 495.50; best: 414; worst: 577; stddev: 81.50; experts: 2; Sleeper match: matched_name. Near-draft proxy only; historical endpoint was finalized after the Bishop auction.,634
FantasyPros ECR,2023,2023-09-08,draft,half_ppr,634,QB71,C.J. Beathard,4127,QB,,,,FA,FantasyPros updated timestamp: 1694132397; average rank: 513.33; best: 434; worst: 603; stddev: 69.38; experts: 3; Sleeper match: matched_name. Near-draft proxy only; historical endpoint was finalized after the Bishop auction.,635
FantasyPros ECR,2023,2023-09-08,draft,half_ppr,635,QB72,Case Keenum,1737,QB,,,13,CHI,FantasyPros updated timestamp: 1694132397; average rank: 520.50; best: 419; worst: 622; stddev: 101.50; experts: 2; Sleeper match: matched_name. Near-draft proxy only; historical endpoint was finalized after the Bishop auction.,636
FantasyPros ECR,2023,2023-09-08,draft,half_ppr,636,WR215,Chris Conley,2381,WR,,,,FA,FantasyPros updated timestamp: 1694132397; average rank: 476.00; best: 454; worst: 498; stddev: 22.00; experts: 2; Sleeper match: matched_name. Near-draft proxy only; historical endpoint was finalized after the Bishop auction.,637
FantasyPros ECR,2023,2023-09-08,draft,half_ppr,637,WR216,Cody Hollister,4420,WR,,,,FA,FantasyPros updated timestamp: 1694132397; average rank: 493.00; best: 435; worst: 551; stddev: 58.00; experts: 2; Sleeper match: matched_name. Near-draft proxy only; historical endpoint was finalized after the Bishop auction.,638
FantasyPros ECR,2023,2023-09-08,draft,half_ppr,638,QB73,Trevor Siemian,2549,QB,,,,FA,FantasyPros updated timestamp: 1694132397; average rank: 522.00; best: 442; worst: 602; stddev: 80.00; experts: 2; Sleeper match: matched_name. Near-draft proxy only; historical endpoint was finalized after the Bishop auction.,639
FantasyPros ECR,2023,2023-09-08,draft,half_ppr,639,WR217,Michael Bandy,8076,WR,,,9,DEN,FantasyPros updated timestamp: 1694132397; average rank: 503.50; best: 448; worst: 559; stddev: 55.50; experts: 2; Sleeper match: matched_name. Near-draft proxy only; historical endpoint was finalized after the Bishop auction.,640
FantasyPros ECR,2023,2023-09-08,draft,half_ppr,640,QB74,P.J. Walker,4335,QB,,,,FA,FantasyPros updated timestamp: 1694132397; average rank: 530.00; best: 448; worst: 612; stddev: 82.00; experts: 2; Sleeper match: matched_name. Near-draft proxy only; historical endpoint was finalized after the Bishop auction.,641
FantasyPros ECR,2023,2023-09-08,draft,half_ppr,641,WR218,Rashard Higgins,3328,WR,,,,FA,FantasyPros updated timestamp: 1694132397; average rank: 506.50; best: 449; worst: 564; stddev: 57.50; experts: 2; Sleeper match: matched_name. Near-draft proxy only; historical endpoint was finalized after the Bishop auction.,642
FantasyPros ECR,2023,2023-09-08,draft,half_ppr,642,WR219,Breshad Perriman,2331,WR,,,,FA,FantasyPros updated timestamp: 1694132397; average rank: 508.00; best: 450; worst: 566; stddev: 58.00; experts: 2; Sleeper match: matched_name. Near-draft proxy only; historical endpoint was finalized after the Bishop auction.,643
FantasyPros ECR,2023,2023-09-08,draft,half_ppr,643,WR220,Quintez Cephus,6895,WR,,,,FA,FantasyPros updated timestamp: 1694132397; average rank: 527.00; best: 471; worst: 583; stddev: 56.00; experts: 2; Sleeper match: matched_name. Near-draft proxy only; historical endpoint was finalized after the Bishop auction.,644
FantasyPros ECR,2023,2023-09-08,draft,half_ppr,644,WR221,Josh Ali,8931,WR,,,,FA,FantasyPros updated timestamp: 1694132397; average rank: 499.50; best: 486; worst: 513; stddev: 13.50; experts: 2; Sleeper match: matched_name. Near-draft proxy only; historical endpoint was finalized after the Bishop auction.,645
FantasyPros ECR,2024,2024-09-06,draft,half_ppr,1,RB1,Christian McCaffrey,4034,RB,,,9,SF,FantasyPros updated timestamp: 1725581975; average rank: 2.22; best: 1; worst: 55; stddev: 4.24; experts: 211; Sleeper match: matched_name. Near-draft proxy only; historical endpoint was finalized after the Bishop auction.,646
FantasyPros ECR,2024,2024-09-06,draft,half_ppr,2,WR1,CeeDee Lamb,6786,WR,,,7,DAL,FantasyPros updated timestamp: 1725581975; average rank: 2.52; best: 1; worst: 7; stddev: 1.06; experts: 212; Sleeper match: matched_name. Near-draft proxy only; historical endpoint was finalized after the Bishop auction.,647
FantasyPros ECR,2024,2024-09-06,draft,half_ppr,3,WR2,Tyreek Hill,3321,WR,,,,FA,FantasyPros updated timestamp: 1725581975; average rank: 3.17; best: 1; worst: 10; stddev: 1.39; experts: 212; Sleeper match: matched_name. Near-draft proxy only; historical endpoint was finalized after the Bishop auction.,648
FantasyPros ECR,2024,2024-09-06,draft,half_ppr,4,RB2,Breece Hall,8155,RB,,,12,NYJ,FantasyPros updated timestamp: 1725581975; average rank: 5.33; best: 1; worst: 15; stddev: 2.31; experts: 211; Sleeper match: matched_name. Near-draft proxy only; historical endpoint was finalized after the Bishop auction.,649
FantasyPros ECR,2024,2024-09-06,draft,half_ppr,5,WR3,Amon-Ra St. Brown,7547,WR,,,5,DET,FantasyPros updated timestamp: 1725581975; average rank: 5.97; best: 2; worst: 12; stddev: 1.81; experts: 212; Sleeper match: matched_name. Near-draft proxy only; historical endpoint was finalized after the Bishop auction.,650
FantasyPros ECR,2024,2024-09-06,draft,half_ppr,6,RB3,Bijan Robinson,9509,RB,,,12,ATL,FantasyPros updated timestamp: 1725581975; average rank: 6.02; best: 1; worst: 33; stddev: 3.14; experts: 211; Sleeper match: matched_name. Near-draft proxy only; historical endpoint was finalized after the Bishop auction.,651
FantasyPros ECR,2024,2024-09-06,draft,half_ppr,7,WR4,Ja'Marr Chase,7564,WR,,,12,CIN,FantasyPros updated timestamp: 1725581975; average rank: 6.68; best: 2; worst: 21; stddev: 2.69; experts: 212; Sleeper match: matched_name. Near-draft proxy only; historical endpoint was finalized after the Bishop auction.,652
FantasyPros ECR,2024,2024-09-06,draft,half_ppr,8,WR5,Justin Jefferson,6794,WR,,,6,MIN,FantasyPros updated timestamp: 1725581975; average rank: 6.87; best: 2; worst: 24; stddev: 2.52; experts: 212; Sleeper match: matched_name_position. Near-draft proxy only; historical endpoint was finalized after the Bishop auction.,653
FantasyPros ECR,2024,2024-09-06,draft,half_ppr,9,WR6,A.J. Brown,5859,WR,,,14,NE,FantasyPros updated timestamp: 1725581975; average rank: 9.14; best: 4; worst: 20; stddev: 2.38; experts: 212; Sleeper match: matched_name. Near-draft proxy only; historical endpoint was finalized after the Bishop auction.,654
FantasyPros ECR,2024,2024-09-06,draft,half_ppr,10,WR7,Garrett Wilson,8146,WR,,,12,NYJ,FantasyPros updated timestamp: 1725581975; average rank: 10.44; best: 4; worst: 35; stddev: 3.17; experts: 212; Sleeper match: matched_name. Near-draft proxy only; historical endpoint was finalized after the Bishop auction.,655
FantasyPros ECR,2024,2024-09-06,draft,half_ppr,11,RB4,Jonathan Taylor,6813,RB,,,14,IND,FantasyPros updated timestamp: 1725581975; average rank: 12.72; best: 4; worst: 49; stddev: 5.33; experts: 211; Sleeper match: matched_name. Near-draft proxy only; historical endpoint was finalized after the Bishop auction.,656
FantasyPros ECR,2024,2024-09-06,draft,half_ppr,12,RB5,Saquon Barkley,4866,RB,,,5,PHI,FantasyPros updated timestamp: 1725581975; average rank: 15.02; best: 7; worst: 45; stddev: 5.17; experts: 211; Sleeper match: matched_name. Near-draft proxy only; historical endpoint was finalized after the Bishop auction.,657
FantasyPros ECR,2024,2024-09-06,draft,half_ppr,13,RB6,Jahmyr Gibbs,9221,RB,,,5,DET,FantasyPros updated timestamp: 1725581975; average rank: 15.06; best: 5; worst: 55; stddev: 6.72; experts: 211; Sleeper match: matched_name. Near-draft proxy only; historical endpoint was finalized after the Bishop auction.,658
FantasyPros ECR,2024,2024-09-06,draft,half_ppr,14,WR8,Puka Nacua,9493,WR,,,6,LAR,FantasyPros updated timestamp: 1725581975; average rank: 15.59; best: 8; worst: 36; stddev: 5.61; experts: 212; Sleeper match: matched_name. Near-draft proxy only; historical endpoint was finalized after the Bishop auction.,659
FantasyPros ECR,2024,2024-09-06,draft,half_ppr,15,WR9,Marvin Harrison Jr.,11628,WR,,,11,ARI,FantasyPros updated timestamp: 1725581975; average rank: 19.98; best: 7; worst: 50; stddev: 8.10; experts: 212; Sleeper match: matched_name. Near-draft proxy only; historical endpoint was finalized after the Bishop auction.,660
FantasyPros ECR,2024,2024-09-06,draft,half_ppr,16,WR10,Drake London,8112,WR,,,12,ATL,FantasyPros updated timestamp: 1725581975; average rank: 20.77; best: 9; worst: 46; stddev: 6.69; experts: 212; Sleeper match: matched_name. Near-draft proxy only; historical endpoint was finalized after the Bishop auction.,661
FantasyPros ECR,2024,2024-09-06,draft,half_ppr,17,RB7,Derrick Henry,3198,RB,,,14,BAL,FantasyPros updated timestamp: 1725581975; average rank: 21.38; best: 11; worst: 56; stddev: 9.95; experts: 211; Sleeper match: matched_name. Near-draft proxy only; historical endpoint was finalized after the Bishop auction.,662
FantasyPros ECR,2024,2024-09-06,draft,half_ppr,18,RB8,Travis Etienne Jr.,7543,RB,,,12,NO,FantasyPros updated timestamp: 1725581975; average rank: 21.80; best: 11; worst: 49; stddev: 8.53; experts: 211; Sleeper match: matched_name. Near-draft proxy only; historical endpoint was finalized after the Bishop auction.,663
FantasyPros ECR,2024,2024-09-06,draft,half_ppr,19,WR11,Davante Adams,2133,WR,,,6,LAR,FantasyPros updated timestamp: 1725581975; average rank: 23.04; best: 10; worst: 60; stddev: 8.02; experts: 212; Sleeper match: matched_name. Near-draft proxy only; historical endpoint was finalized after the Bishop auction.,664
FantasyPros ECR,2024,2024-09-06,draft,half_ppr,20,WR12,Chris Olave,8144,WR,,,12,NO,FantasyPros updated timestamp: 1725581975; average rank: 24.14; best: 13; worst: 50; stddev: 7.08; experts: 212; Sleeper match: matched_name. Near-draft proxy only; historical endpoint was finalized after the Bishop auction.,665
FantasyPros ECR,2024,2024-09-06,draft,half_ppr,21,WR13,Mike Evans,2216,WR,,,9,SF,FantasyPros updated timestamp: 1725581975; average rank: 26.01; best: 11; worst: 53; stddev: 7.87; experts: 212; Sleeper match: matched_name. Near-draft proxy only; historical endpoint was finalized after the Bishop auction.,666
FantasyPros ECR,2024,2024-09-06,draft,half_ppr,22,QB1,Josh Allen,4984,QB,,,12,BUF,FantasyPros updated timestamp: 1725581975; average rank: 26.14; best: 17; worst: 60; stddev: 8.59; experts: 211; Sleeper match: matched_name_position. Near-draft proxy only; historical endpoint was finalized after the Bishop auction.,667
FantasyPros ECR,2024,2024-09-06,draft,half_ppr,23,RB9,Kyren Williams,8150,RB,,,6,LAR,FantasyPros updated timestamp: 1725581975; average rank: 26.37; best: 6; worst: 73; stddev: 12.37; experts: 211; Sleeper match: matched_name. Near-draft proxy only; historical endpoint was finalized after the Bishop auction.,668
FantasyPros ECR,2024,2024-09-06,draft,half_ppr,24,WR14,Deebo Samuel Sr.,5872,WR,,,9,SF,FantasyPros updated timestamp: 1725581975; average rank: 27.09; best: 9; worst: 50; stddev: 7.98; experts: 212; Sleeper match: matched_name. Near-draft proxy only; historical endpoint was finalized after the Bishop auction.,669
FantasyPros ECR,2024,2024-09-06,draft,half_ppr,25,WR15,Nico Collins,7569,WR,,,14,HOU,FantasyPros updated timestamp: 1725581975; average rank: 27.91; best: 11; worst: 62; stddev: 8.65; experts: 212; Sleeper match: matched_name. Near-draft proxy only; historical endpoint was finalized after the Bishop auction.,670
FantasyPros ECR,2024,2024-09-06,draft,half_ppr,26,WR16,Brandon Aiyuk,6803,WR,,,9,SF,FantasyPros updated timestamp: 1725581975; average rank: 29.68; best: 11; worst: 53; stddev: 7.78; experts: 212; Sleeper match: matched_name. Near-draft proxy only; historical endpoint was finalized after the Bishop auction.,671
FantasyPros ECR,2024,2024-09-06,draft,half_ppr,27,WR17,Cooper Kupp,4039,WR,,,10,SEA,FantasyPros updated timestamp: 1725581975; average rank: 29.78; best: 11; worst: 72; stddev: 10.41; experts: 212; Sleeper match: matched_name. Near-draft proxy only; historical endpoint was finalized after the Bishop auction.,672
FantasyPros ECR,2024,2024-09-06,draft,half_ppr,28,QB2,Jalen Hurts,6904,QB,,,5,PHI,FantasyPros updated timestamp: 1725581975; average rank: 29.80; best: 17; worst: 89; stddev: 8.82; experts: 211; Sleeper match: matched_name. Near-draft proxy only; historical endpoint was finalized after the Bishop auction.,673
FantasyPros ECR,2024,2024-09-06,draft,half_ppr,29,WR18,Jaylen Waddle,7526,WR,,,14,DEN,FantasyPros updated timestamp: 1725581975; average rank: 30.30; best: 13; worst: 52; stddev: 7.44; experts: 212; Sleeper match: matched_name. Near-draft proxy only; historical endpoint was finalized after the Bishop auction.,674
FantasyPros ECR,2024,2024-09-06,draft,half_ppr,30,RB10,Isiah Pacheco,8205,RB,,,5,DET,FantasyPros updated timestamp: 1725581975; average rank: 30.51; best: 12; worst: 71; stddev: 10.83; experts: 211; Sleeper match: matched_name. Near-draft proxy only; historical endpoint was finalized after the Bishop auction.,675
FantasyPros ECR,2024,2024-09-06,draft,half_ppr,31,RB11,De'Von Achane,9226,RB,,,6,MIA,FantasyPros updated timestamp: 1725581975; average rank: 30.89; best: 11; worst: 104; stddev: 14.08; experts: 211; Sleeper match: matched_name. Near-draft proxy only; historical endpoint was finalized after the Bishop auction.,676
FantasyPros ECR,2024,2024-09-06,draft,half_ppr,32,TE1,Sam LaPorta,10859,TE,,,5,DET,FantasyPros updated timestamp: 1725581975; average rank: 32.94; best: 16; worst: 85; stddev: 12.51; experts: 212; Sleeper match: matched_name. Near-draft proxy only; historical endpoint was finalized after the Bishop auction.,677
FantasyPros ECR,2024,2024-09-06,draft,half_ppr,33,QB3,Patrick Mahomes II,4046,QB,,,6,KC,FantasyPros updated timestamp: 1725581975; average rank: 33.67; best: 17; worst: 69; stddev: 9.38; experts: 211; Sleeper match: matched_name. Near-draft proxy only; historical endpoint was finalized after the Bishop auction.,678
FantasyPros ECR,2024,2024-09-06,draft,half_ppr,34,WR19,DK Metcalf,5846,WR,,,9,PIT,FantasyPros updated timestamp: 1725581975; average rank: 33.75; best: 15; worst: 61; stddev: 8.03; experts: 212; Sleeper match: matched_name. Near-draft proxy only; historical endpoint was finalized after the Bishop auction.,679
FantasyPros ECR,2024,2024-09-06,draft,half_ppr,35,TE2,Travis Kelce,1466,TE,,,6,KC,FantasyPros updated timestamp: 1725581975; average rank: 34.02; best: 17; worst: 78; stddev: 11.81; experts: 212; Sleeper match: matched_name. Near-draft proxy only; historical endpoint was finalized after the Bishop auction.,680
FantasyPros ECR,2024,2024-09-06,draft,half_ppr,36,RB12,Josh Jacobs,5850,RB,,,10,GB,FantasyPros updated timestamp: 1725581975; average rank: 34.25; best: 12; worst: 75; stddev: 12.33; experts: 211; Sleeper match: matched_name. Near-draft proxy only; historical endpoint was finalized after the Bishop auction.,681
FantasyPros ECR,2024,2024-09-06,draft,half_ppr,37,WR20,DJ Moore,4983,WR,,,12,BUF,FantasyPros updated timestamp: 1725581975; average rank: 36.02; best: 11; worst: 66; stddev: 8.96; experts: 212; Sleeper match: matched_name_position. Near-draft proxy only; historical endpoint was finalized after the Bishop auction.,682
FantasyPros ECR,2024,2024-09-06,draft,half_ppr,38,QB4,Lamar Jackson,4881,QB,,,14,BAL,FantasyPros updated timestamp: 1725581975; average rank: 36.72; best: 16; worst: 87; stddev: 9.59; experts: 211; Sleeper match: matched_name_position. Near-draft proxy only; historical endpoint was finalized after the Bishop auction.,683
FantasyPros ECR,2024,2024-09-06,draft,half_ppr,39,WR21,DeVonta Smith,7525,WR,,,5,PHI,FantasyPros updated timestamp: 1725581975; average rank: 38.44; best: 16; worst: 65; stddev: 7.58; experts: 212; Sleeper match: matched_name_position. Near-draft proxy only; historical endpoint was finalized after the Bishop auction.,684
FantasyPros ECR,2024,2024-09-06,draft,half_ppr,40,WR22,Malik Nabers,11632,WR,,,11,NYG,FantasyPros updated timestamp: 1725581975; average rank: 40.26; best: 16; worst: 109; stddev: 12.70; experts: 212; Sleeper match: matched_name. Near-draft proxy only; historical endpoint was finalized after the Bishop auction.,685
FantasyPros ECR,2024,2024-09-06,draft,half_ppr,41,WR23,Michael Pittman Jr.,6819,WR,,,9,PIT,FantasyPros updated timestamp: 1725581975; average rank: 41.10; best: 11; worst: 68; stddev: 10.83; experts: 212; Sleeper match: matched_name. Near-draft proxy only; historical endpoint was finalized after the Bishop auction.,686
FantasyPros ECR,2024,2024-09-06,draft,half_ppr,42,RB13,Kenneth Walker III,8151,RB,,,6,KC,FantasyPros updated timestamp: 1725581975; average rank: 42.75; best: 17; worst: 69; stddev: 10.43; experts: 211; Sleeper match: matched_name_position. Near-draft proxy only; historical endpoint was finalized after the Bishop auction.,687
FantasyPros ECR,2024,2024-09-06,draft,half_ppr,43,RB14,James Cook III,8138,RB,,,12,BUF,FantasyPros updated timestamp: 1725581975; average rank: 45.11; best: 12; worst: 81; stddev: 11.12; experts: 211; Sleeper match: matched_name. Near-draft proxy only; historical endpoint was finalized after the Bishop auction.,688
FantasyPros ECR,2024,2024-09-06,draft,half_ppr,44,WR24,Amari Cooper,2309,WR,,,,FA,FantasyPros updated timestamp: 1725581975; average rank: 46.02; best: 23; worst: 76; stddev: 8.52; experts: 212; Sleeper match: matched_name. Near-draft proxy only; historical endpoint was finalized after the Bishop auction.,689
FantasyPros ECR,2024,2024-09-06,draft,half_ppr,45,RB15,Joe Mixon,4018,RB,,,,FA,FantasyPros updated timestamp: 1725581975; average rank: 46.88; best: 19; worst: 79; stddev: 9.47; experts: 211; Sleeper match: matched_name. Near-draft proxy only; historical endpoint was finalized after the Bishop auction.,690
FantasyPros ECR,2024,2024-09-06,draft,half_ppr,46,RB16,Rachaad White,8136,RB,,,14,WAS,FantasyPros updated timestamp: 1725581975; average rank: 46.93; best: 15; worst: 150; stddev: 13.05; experts: 211; Sleeper match: matched_name. Near-draft proxy only; historical endpoint was finalized after the Bishop auction.,691
FantasyPros ECR,2024,2024-09-06,draft,half_ppr,47,WR25,Rashee Rice,10229,WR,,,6,KC,FantasyPros updated timestamp: 1725581975; average rank: 48.78; best: 20; worst: 106; stddev: 15.29; experts: 212; Sleeper match: matched_name. Near-draft proxy only; historical endpoint was finalized after the Bishop auction.,692
FantasyPros ECR,2024,2024-09-06,draft,half_ppr,48,TE3,Trey McBride,8130,TE,,,11,ARI,FantasyPros updated timestamp: 1725581975; average rank: 50.82; best: 19; worst: 94; stddev: 16.41; experts: 212; Sleeper match: matched_name. Near-draft proxy only; historical endpoint was finalized after the Bishop auction.,693
FantasyPros ECR,2024,2024-09-06,draft,half_ppr,49,WR26,Stefon Diggs,2449,WR,,,14,WAS,FantasyPros updated timestamp: 1725581975; average rank: 50.87; best: 16; worst: 88; stddev: 12.83; experts: 212; Sleeper match: matched_name. Near-draft proxy only; historical endpoint was finalized after the Bishop auction.,694
FantasyPros ECR,2024,2024-09-06,draft,half_ppr,50,TE4,Mark Andrews,5012,TE,,,14,BAL,FantasyPros updated timestamp: 1725581975; average rank: 51.02; best: 23; worst: 78; stddev: 13.57; experts: 212; Sleeper match: matched_name. Near-draft proxy only; historical endpoint was finalized after the Bishop auction.,695
FantasyPros ECR,2024,2024-09-06,draft,half_ppr,51,WR27,Tee Higgins,6801,WR,,,12,CIN,FantasyPros updated timestamp: 1725581975; average rank: 51.29; best: 27; worst: 85; stddev: 9.81; experts: 212; Sleeper match: matched_name. Near-draft proxy only; historical endpoint was finalized after the Bishop auction.,696
FantasyPros ECR,2024,2024-09-06,draft,half_ppr,52,RB17,Alvin Kamara,4035,RB,,,12,NO,FantasyPros updated timestamp: 1725581975; average rank: 51.47; best: 18; worst: 96; stddev: 12.27; experts: 211; Sleeper match: matched_name. Near-draft proxy only; historical endpoint was finalized after the Bishop auction.,697
FantasyPros ECR,2024,2024-09-06,draft,half_ppr,53,WR28,George Pickens,8137,WR,,,7,DAL,FantasyPros updated timestamp: 1725581975; average rank: 54.26; best: 23; worst: 93; stddev: 11.82; experts: 212; Sleeper match: matched_name. Near-draft proxy only; historical endpoint was finalized after the Bishop auction.,698
FantasyPros ECR,2024,2024-09-06,draft,half_ppr,54,QB5,Anthony Richardson Sr.,9229,QB,,,14,IND,FantasyPros updated timestamp: 1725581975; average rank: 55.34; best: 29; worst: 107; stddev: 13.65; experts: 211; Sleeper match: matched_name. Near-draft proxy only; historical endpoint was finalized after the Bishop auction.,699
FantasyPros ECR,2024,2024-09-06,draft,half_ppr,55,QB6,C.J. Stroud,9758,QB,,,14,HOU,FantasyPros updated timestamp: 1725581975; average rank: 55.60; best: 23; worst: 120; stddev: 12.86; experts: 211; Sleeper match: matched_name. Near-draft proxy only; historical endpoint was finalized after the Bishop auction.,700
FantasyPros ECR,2024,2024-09-06,draft,half_ppr,56,WR29,Terry McLaurin,5927,WR,,,14,WAS,FantasyPros updated timestamp: 1725581975; average rank: 55.83; best: 13; worst: 87; stddev: 11.66; experts: 212; Sleeper match: matched_name. Near-draft proxy only; historical endpoint was finalized after the Bishop auction.,701
FantasyPros ECR,2024,2024-09-06,draft,half_ppr,57,WR30,Zay Flowers,9997,WR,,,14,BAL,FantasyPros updated timestamp: 1725581975; average rank: 57.96; best: 28; worst: 91; stddev: 10.74; experts: 212; Sleeper match: matched_name. Near-draft proxy only; historical endpoint was finalized after the Bishop auction.,702
FantasyPros ECR,2024,2024-09-06,draft,half_ppr,58,WR31,Tank Dell,9502,WR,,,14,HOU,FantasyPros updated timestamp: 1725581975; average rank: 58.79; best: 28; worst: 115; stddev: 13.65; experts: 212; Sleeper match: matched_name. Near-draft proxy only; historical endpoint was finalized after the Bishop auction.,703
FantasyPros ECR,2024,2024-09-06,draft,half_ppr,59,QB7,Kyler Murray,5849,QB,,,6,MIN,FantasyPros updated timestamp: 1725581975; average rank: 58.85; best: 30; worst: 138; stddev: 13.84; experts: 211; Sleeper match: matched_name. Near-draft proxy only; historical endpoint was finalized after the Bishop auction.,704
FantasyPros ECR,2024,2024-09-06,draft,half_ppr,60,RB18,James Conner,4137,RB,,,11,ARI,FantasyPros updated timestamp: 1725581975; average rank: 60.32; best: 25; worst: 129; stddev: 10.68; experts: 211; Sleeper match: matched_name. Near-draft proxy only; historical endpoint was finalized after the Bishop auction.,705
FantasyPros ECR,2024,2024-09-06,draft,half_ppr,61,RB19,David Montgomery,5892,RB,,,14,HOU,FantasyPros updated timestamp: 1725581975; average rank: 62.00; best: 35; worst: 121; stddev: 9.95; experts: 211; Sleeper match: matched_name. Near-draft proxy only; historical endpoint was finalized after the Bishop auction.,706
FantasyPros ECR,2024,2024-09-06,draft,half_ppr,62,RB20,Aaron Jones Sr.,4199,RB,,,6,MIN,FantasyPros updated timestamp: 1725581975; average rank: 65.50; best: 37; worst: 119; stddev: 10.29; experts: 211; Sleeper match: matched_name. Near-draft proxy only; historical endpoint was finalized after the Bishop auction.,707
FantasyPros ECR,2024,2024-09-06,draft,half_ppr,63,WR32,Christian Kirk,4950,WR,,,9,SF,FantasyPros updated timestamp: 1725581975; average rank: 65.79; best: 35; worst: 108; stddev: 12.05; experts: 212; Sleeper match: matched_name. Near-draft proxy only; historical endpoint was finalized after the Bishop auction.,708
FantasyPros ECR,2024,2024-09-06,draft,half_ppr,64,QB8,Joe Burrow,6770,QB,,,12,CIN,FantasyPros updated timestamp: 1725581975; average rank: 65.99; best: 44; worst: 125; stddev: 15.23; experts: 211; Sleeper match: matched_name. Near-draft proxy only; historical endpoint was finalized after the Bishop auction.,709
FantasyPros ECR,2024,2024-09-06,draft,half_ppr,65,TE5,Dalton Kincaid,10236,TE,,,12,BUF,FantasyPros updated timestamp: 1725581975; average rank: 66.08; best: 23; worst: 99; stddev: 16.52; experts: 212; Sleeper match: matched_name. Near-draft proxy only; historical endpoint was finalized after the Bishop auction.,710
FantasyPros ECR,2024,2024-09-06,draft,half_ppr,66,RB21,Rhamondre Stevenson,7611,RB,,,14,NE,FantasyPros updated timestamp: 1725581975; average rank: 67.09; best: 25; worst: 116; stddev: 10.77; experts: 211; Sleeper match: matched_name. Near-draft proxy only; historical endpoint was finalized after the Bishop auction.,711
FantasyPros ECR,2024,2024-09-06,draft,half_ppr,67,WR33,Chris Godwin Jr.,4037,WR,,,11,TB,FantasyPros updated timestamp: 1725581975; average rank: 68.01; best: 25; worst: 108; stddev: 12.96; experts: 212; Sleeper match: matched_name. Near-draft proxy only; historical endpoint was finalized after the Bishop auction.,712
FantasyPros ECR,2024,2024-09-06,draft,half_ppr,68,QB9,Dak Prescott,3294,QB,,,7,DAL,FantasyPros updated timestamp: 1725581975; average rank: 68.89; best: 29; worst: 134; stddev: 16.78; experts: 211; Sleeper match: matched_name. Near-draft proxy only; historical endpoint was finalized after the Bishop auction.,713
FantasyPros ECR,2024,2024-09-06,draft,half_ppr,69,WR34,Calvin Ridley,4981,WR,,,5,TEN,FantasyPros updated timestamp: 1725581975; average rank: 70.43; best: 35; worst: 99; stddev: 12.32; experts: 212; Sleeper match: matched_name. Near-draft proxy only; historical endpoint was finalized after the Bishop auction.,714
FantasyPros ECR,2024,2024-09-06,draft,half_ppr,70,RB22,Najee Harris,7528,RB,,,11,NYG,FantasyPros updated timestamp: 1725581975; average rank: 70.80; best: 37; worst: 113; stddev: 10.03; experts: 211; Sleeper match: matched_name. Near-draft proxy only; historical endpoint was finalized after the Bishop auction.,715
FantasyPros ECR,2024,2024-09-06,draft,half_ppr,71,WR35,Diontae Johnson,5937,WR,,,,FA,FantasyPros updated timestamp: 1725581975; average rank: 71.11; best: 41; worst: 120; stddev: 12.81; experts: 212; Sleeper match: matched_name. Near-draft proxy only; historical endpoint was finalized after the Bishop auction.,716
FantasyPros ECR,2024,2024-09-06,draft,half_ppr,72,QB10,Jordan Love,6804,QB,,,10,GB,FantasyPros updated timestamp: 1725581975; average rank: 72.15; best: 34; worst: 130; stddev: 14.09; experts: 211; Sleeper match: matched_name. Near-draft proxy only; historical endpoint was finalized after the Bishop auction.,717
FantasyPros ECR,2024,2024-09-06,draft,half_ppr,73,RB23,Raheem Mostert,2749,RB,,,10,LV,FantasyPros updated timestamp: 1725581975; average rank: 73.23; best: 44; worst: 130; stddev: 13.28; experts: 211; Sleeper match: matched_name. Near-draft proxy only; historical endpoint was finalized after the Bishop auction.,718
FantasyPros ECR,2024,2024-09-06,draft,half_ppr,74,RB24,D'Andre Swift,6790,RB,,,7,CHI,FantasyPros updated timestamp: 1725581975; average rank: 74.38; best: 45; worst: 134; stddev: 12.22; experts: 211; Sleeper match: matched_name. Near-draft proxy only; historical endpoint was finalized after the Bishop auction.,719
FantasyPros ECR,2024,2024-09-06,draft,half_ppr,75,TE6,Kyle Pitts Sr.,7553,TE,,,12,ATL,FantasyPros updated timestamp: 1725581975; average rank: 76.28; best: 25; worst: 124; stddev: 16.08; experts: 212; Sleeper match: matched_name. Near-draft proxy only; historical endpoint was finalized after the Bishop auction.,720
FantasyPros ECR,2024,2024-09-06,draft,half_ppr,76,RB25,Javonte Williams,7588,RB,,,7,DAL,FantasyPros updated timestamp: 1725581975; average rank: 76.82; best: 42; worst: 140; stddev: 13.33; experts: 211; Sleeper match: matched_name. Near-draft proxy only; historical endpoint was finalized after the Bishop auction.,721
FantasyPros ECR,2024,2024-09-06,draft,half_ppr,77,WR36,Keenan Allen,1479,WR,,,14,IND,FantasyPros updated timestamp: 1725581975; average rank: 78.24; best: 38; worst: 131; stddev: 15.08; experts: 212; Sleeper match: matched_name. Near-draft proxy only; historical endpoint was finalized after the Bishop auction.,722
FantasyPros ECR,2024,2024-09-06,draft,half_ppr,78,TE7,George Kittle,4217,TE,,,9,SF,FantasyPros updated timestamp: 1725581975; average rank: 78.26; best: 44; worst: 104; stddev: 12.71; experts: 212; Sleeper match: matched_name. Near-draft proxy only; historical endpoint was finalized after the Bishop auction.,723
FantasyPros ECR,2024,2024-09-06,draft,half_ppr,79,RB26,Tony Pollard,5967,RB,,,5,TEN,FantasyPros updated timestamp: 1725581975; average rank: 80.72; best: 41; worst: 143; stddev: 12.20; experts: 211; Sleeper match: matched_name. Near-draft proxy only; historical endpoint was finalized after the Bishop auction.,724
FantasyPros ECR,2024,2024-09-06,draft,half_ppr,80,RB27,Zamir White,8139,RB,,,12,NO,FantasyPros updated timestamp: 1725581975; average rank: 80.82; best: 36; worst: 126; stddev: 13.83; experts: 211; Sleeper match: matched_name. Near-draft proxy only; historical endpoint was finalized after the Bishop auction.,725
FantasyPros ECR,2024,2024-09-06,draft,half_ppr,81,WR37,Jayden Reed,10222,WR,,,10,GB,FantasyPros updated timestamp: 1725581975; average rank: 81.90; best: 48; worst: 125; stddev: 13.43; experts: 212; Sleeper match: matched_name. Near-draft proxy only; historical endpoint was finalized after the Bishop auction.,726
FantasyPros ECR,2024,2024-09-06,draft,half_ppr,82,QB11,Jayden Daniels,11566,QB,,,14,WAS,FantasyPros updated timestamp: 1725581975; average rank: 83.22; best: 48; worst: 241; stddev: 20.80; experts: 211; Sleeper match: matched_name. Near-draft proxy only; historical endpoint was finalized after the Bishop auction.,727
FantasyPros ECR,2024,2024-09-06,draft,half_ppr,83,TE8,Evan Engram,4066,TE,,,14,DEN,FantasyPros updated timestamp: 1725581975; average rank: 83.57; best: 36; worst: 111; stddev: 13.81; experts: 212; Sleeper match: matched_name. Near-draft proxy only; historical endpoint was finalized after the Bishop auction.,728
FantasyPros ECR,2024,2024-09-06,draft,half_ppr,84,RB28,Brian Robinson Jr.,8154,RB,,,12,ATL,FantasyPros updated timestamp: 1725581975; average rank: 85.18; best: 56; worst: 140; stddev: 13.08; experts: 211; Sleeper match: matched_name. Near-draft proxy only; historical endpoint was finalized after the Bishop auction.,729
FantasyPros ECR,2024,2024-09-06,draft,half_ppr,85,QB12,Brock Purdy,8183,QB,,,9,SF,FantasyPros updated timestamp: 1725581975; average rank: 89.01; best: 54; worst: 167; stddev: 19.08; experts: 211; Sleeper match: matched_name. Near-draft proxy only; historical endpoint was finalized after the Bishop auction.,730
FantasyPros ECR,2024,2024-09-06,draft,half_ppr,86,WR38,Jaxon Smith-Njigba,9488,WR,,,10,SEA,FantasyPros updated timestamp: 1725581975; average rank: 89.72; best: 36; worst: 132; stddev: 13.51; experts: 212; Sleeper match: matched_name. Near-draft proxy only; historical endpoint was finalized after the Bishop auction.,731
FantasyPros ECR,2024,2024-09-06,draft,half_ppr,87,RB29,Devin Singletary,6130,RB,,,11,NYG,FantasyPros updated timestamp: 1725581975; average rank: 90.61; best: 63; worst: 128; stddev: 12.94; experts: 211; Sleeper match: matched_name. Near-draft proxy only; historical endpoint was finalized after the Bishop auction.,732
FantasyPros ECR,2024,2024-09-06,draft,half_ppr,88,RB30,Jaylen Warren,8228,RB,,,9,PIT,FantasyPros updated timestamp: 1725581975; average rank: 92.54; best: 49; worst: 147; stddev: 14.46; experts: 211; Sleeper match: matched_name. Near-draft proxy only; historical endpoint was finalized after the Bishop auction.,733
FantasyPros ECR,2024,2024-09-06,draft,half_ppr,89,WR39,DeAndre Hopkins,1426,WR,,,14,BAL,FantasyPros updated timestamp: 1725581975; average rank: 93.83; best: 51; worst: 141; stddev: 14.99; experts: 212; Sleeper match: matched_name. Near-draft proxy only; historical endpoint was finalized after the Bishop auction.,734
FantasyPros ECR,2024,2024-09-06,draft,half_ppr,90,WR40,Christian Watson,8167,WR,,,10,GB,FantasyPros updated timestamp: 1725581975; average rank: 94.44; best: 47; worst: 167; stddev: 17.49; experts: 212; Sleeper match: matched_name. Near-draft proxy only; historical endpoint was finalized after the Bishop auction.,735
FantasyPros ECR,2024,2024-09-06,draft,half_ppr,91,TE9,Jake Ferguson,8110,TE,,,7,DAL,FantasyPros updated timestamp: 1725581975; average rank: 94.61; best: 52; worst: 134; stddev: 10.56; experts: 212; Sleeper match: matched_name. Near-draft proxy only; historical endpoint was finalized after the Bishop auction.,736
FantasyPros ECR,2024,2024-09-06,draft,half_ppr,92,QB13,Caleb Williams,11560,QB,,,7,CHI,FantasyPros updated timestamp: 1725581975; average rank: 94.75; best: 58; worst: 178; stddev: 17.40; experts: 211; Sleeper match: matched_name. Near-draft proxy only; historical endpoint was finalized after the Bishop auction.,737
FantasyPros ECR,2024,2024-09-06,draft,half_ppr,93,WR41,Xavier Worthy,11624,WR,,,6,KC,FantasyPros updated timestamp: 1725581975; average rank: 95.73; best: 50; worst: 204; stddev: 25.24; experts: 211; Sleeper match: matched_name. Near-draft proxy only; historical endpoint was finalized after the Bishop auction.,738
FantasyPros ECR,2024,2024-09-06,draft,half_ppr,94,WR42,Rome Odunze,11620,WR,,,7,CHI,FantasyPros updated timestamp: 1725581975; average rank: 96.48; best: 50; worst: 173; stddev: 21.21; experts: 212; Sleeper match: matched_name. Near-draft proxy only; historical endpoint was finalized after the Bishop auction.,739
FantasyPros ECR,2024,2024-09-06,draft,half_ppr,95,TE10,David Njoku,4033,TE,,,5,LAC,FantasyPros updated timestamp: 1725581975; average rank: 96.58; best: 56; worst: 126; stddev: 10.47; experts: 212; Sleeper match: matched_name. Near-draft proxy only; historical endpoint was finalized after the Bishop auction.,740
FantasyPros ECR,2024,2024-09-06,draft,half_ppr,96,WR43,Courtland Sutton,5045,WR,,,14,DEN,FantasyPros updated timestamp: 1725581975; average rank: 97.71; best: 50; worst: 135; stddev: 14.26; experts: 212; Sleeper match: matched_name. Near-draft proxy only; historical endpoint was finalized after the Bishop auction.,741
FantasyPros ECR,2024,2024-09-06,draft,half_ppr,97,RB31,Tyjae Spears,9508,RB,,,5,TEN,FantasyPros updated timestamp: 1725581975; average rank: 97.82; best: 61; worst: 146; stddev: 13.70; experts: 211; Sleeper match: matched_name. Near-draft proxy only; historical endpoint was finalized after the Bishop auction.,742
FantasyPros ECR,2024,2024-09-06,draft,half_ppr,98,QB14,Jared Goff,3163,QB,,,5,DET,FantasyPros updated timestamp: 1725581975; average rank: 100.16; best: 64; worst: 168; stddev: 19.66; experts: 211; Sleeper match: matched_name. Near-draft proxy only; historical endpoint was finalized after the Bishop auction.,743
FantasyPros ECR,2024,2024-09-06,draft,half_ppr,99,RB32,Zack Moss,6845,RB,,,,FA,FantasyPros updated timestamp: 1725581975; average rank: 100.37; best: 57; worst: 151; stddev: 15.22; experts: 211; Sleeper match: matched_name. Near-draft proxy only; historical endpoint was finalized after the Bishop auction.,744
FantasyPros ECR,2024,2024-09-06,draft,half_ppr,100,QB15,Trevor Lawrence,7523,QB,,,12,JAC,FantasyPros updated timestamp: 1725581975; average rank: 100.40; best: 59; worst: 206; stddev: 20.31; experts: 211; Sleeper match: matched_name. Near-draft proxy only; historical endpoint was finalized after the Bishop auction.,745
FantasyPros ECR,2024,2024-09-06,draft,half_ppr,101,WR44,Brian Thomas Jr.,11631,WR,,,12,JAC,FantasyPros updated timestamp: 1725581975; average rank: 101.64; best: 58; worst: 173; stddev: 19.86; experts: 212; Sleeper match: matched_name. Near-draft proxy only; historical endpoint was finalized after the Bishop auction.,746
FantasyPros ECR,2024,2024-09-06,draft,half_ppr,102,RB33,Chase Brown,9224,RB,,,12,CIN,FantasyPros updated timestamp: 1725581975; average rank: 104.56; best: 73; worst: 155; stddev: 15.47; experts: 211; Sleeper match: matched_name. Near-draft proxy only; historical endpoint was finalized after the Bishop auction.,747
FantasyPros ECR,2024,2024-09-06,draft,half_ppr,103,QB16,Tua Tagovailoa,6768,QB,,,12,ATL,FantasyPros updated timestamp: 1725581975; average rank: 99.00; best: 62; worst: 225; stddev: 21.66; experts: 209; Sleeper match: matched_name. Near-draft proxy only; historical endpoint was finalized after the Bishop auction.,748
FantasyPros ECR,2024,2024-09-06,draft,half_ppr,104,RB34,Jerome Ford,8143,RB,,,14,WAS,FantasyPros updated timestamp: 1725581975; average rank: 106.55; best: 71; worst: 151; stddev: 16.21; experts: 211; Sleeper match: matched_name. Near-draft proxy only; historical endpoint was finalized after the Bishop auction.,749
FantasyPros ECR,2024,2024-09-06,draft,half_ppr,105,TE11,Brock Bowers,11604,TE,,,10,LV,FantasyPros updated timestamp: 1725581975; average rank: 106.86; best: 53; worst: 181; stddev: 15.54; experts: 212; Sleeper match: matched_name. Near-draft proxy only; historical endpoint was finalized after the Bishop auction.,750
FantasyPros ECR,2024,2024-09-06,draft,half_ppr,106,WR45,Ladd McConkey,11635,WR,,,5,LAC,FantasyPros updated timestamp: 1725581975; average rank: 107.91; best: 66; worst: 218; stddev: 20.89; experts: 212; Sleeper match: matched_name. Near-draft proxy only; historical endpoint was finalized after the Bishop auction.,751
FantasyPros ECR,2024,2024-09-06,draft,half_ppr,107,WR46,Jordan Addison,9756,WR,,,6,MIN,FantasyPros updated timestamp: 1725581975; average rank: 109.42; best: 65; worst: 173; stddev: 16.88; experts: 212; Sleeper match: matched_name. Near-draft proxy only; historical endpoint was finalized after the Bishop auction.,752
FantasyPros ECR,2024,2024-09-06,draft,half_ppr,108,WR47,Hollywood Brown,,WR,,,5,PHI,FantasyPros updated timestamp: 1725581975; average rank: 109.79; best: 55; worst: 196; stddev: 19.79; experts: 211; Sleeper match: unmatched. Near-draft proxy only; historical endpoint was finalized after the Bishop auction.,753
FantasyPros ECR,2024,2024-09-06,draft,half_ppr,109,TE12,Dallas Goedert,5022,TE,,,5,PHI,FantasyPros updated timestamp: 1725581975; average rank: 109.92; best: 78; worst: 157; stddev: 12.67; experts: 212; Sleeper match: matched_name. Near-draft proxy only; historical endpoint was finalized after the Bishop auction.,754
FantasyPros ECR,2024,2024-09-06,draft,half_ppr,110,RB35,Gus Edwards,5248,RB,,,,FA,FantasyPros updated timestamp: 1725581975; average rank: 114.81; best: 71; worst: 186; stddev: 16.53; experts: 211; Sleeper match: matched_name. Near-draft proxy only; historical endpoint was finalized after the Bishop auction.,755
FantasyPros ECR,2024,2024-09-06,draft,half_ppr,111,WR48,Jameson Williams,8148,WR,,,5,DET,FantasyPros updated timestamp: 1725581975; average rank: 114.96; best: 64; worst: 187; stddev: 17.80; experts: 212; Sleeper match: matched_name. Near-draft proxy only; historical endpoint was finalized after the Bishop auction.,756
FantasyPros ECR,2024,2024-09-06,draft,half_ppr,112,RB36,Austin Ekeler,4663,RB,,,,FA,FantasyPros updated timestamp: 1725581975; average rank: 112.17; best: 73; worst: 165; stddev: 15.80; experts: 210; Sleeper match: matched_name. Near-draft proxy only; historical endpoint was finalized after the Bishop auction.,757
FantasyPros ECR,2024,2024-09-06,draft,half_ppr,113,RB37,Jonathon Brooks,11583,RB,,,11,CAR,FantasyPros updated timestamp: 1725581975; average rank: 113.33; best: 56; worst: 220; stddev: 23.52; experts: 210; Sleeper match: matched_name. Near-draft proxy only; historical endpoint was finalized after the Bishop auction.,758
FantasyPros ECR,2024,2024-09-06,draft,half_ppr,114,WR49,Keon Coleman,11637,WR,,,12,BUF,FantasyPros updated timestamp: 1725581975; average rank: 121.47; best: 60; worst: 217; stddev: 24.13; experts: 212; Sleeper match: matched_name. Near-draft proxy only; historical endpoint was finalized after the Bishop auction.,759
FantasyPros ECR,2024,2024-09-06,draft,half_ppr,115,WR50,Joshua Palmer,7670,WR,,,12,BUF,FantasyPros updated timestamp: 1725581975; average rank: 122.34; best: 57; worst: 203; stddev: 20.66; experts: 212; Sleeper match: matched_name. Near-draft proxy only; historical endpoint was finalized after the Bishop auction.,760
FantasyPros ECR,2024,2024-09-06,draft,half_ppr,116,QB17,Kirk Cousins,1166,QB,,,10,LV,FantasyPros updated timestamp: 1725581975; average rank: 117.71; best: 62; worst: 265; stddev: 23.13; experts: 209; Sleeper match: matched_name. Near-draft proxy only; historical endpoint was finalized after the Bishop auction.,761
FantasyPros ECR,2024,2024-09-06,draft,half_ppr,117,TE13,Pat Freiermuth,7600,TE,,,9,PIT,FantasyPros updated timestamp: 1725581975; average rank: 123.65; best: 84; worst: 203; stddev: 20.51; experts: 211; Sleeper match: matched_name. Near-draft proxy only; historical endpoint was finalized after the Bishop auction.,762
FantasyPros ECR,2024,2024-09-06,draft,half_ppr,118,WR51,Tyler Lockett,2374,WR,,,10,LV,FantasyPros updated timestamp: 1725581975; average rank: 123.83; best: 81; worst: 193; stddev: 16.98; experts: 212; Sleeper match: matched_name. Near-draft proxy only; historical endpoint was finalized after the Bishop auction.,763
FantasyPros ECR,2024,2024-09-06,draft,half_ppr,119,QB18,Justin Herbert,6797,QB,,,5,LAC,FantasyPros updated timestamp: 1725581975; average rank: 118.45; best: 72; worst: 227; stddev: 23.14; experts: 209; Sleeper match: matched_name. Near-draft proxy only; historical endpoint was finalized after the Bishop auction.,764
FantasyPros ECR,2024,2024-09-06,draft,half_ppr,120,WR52,Jakobi Meyers,5947,WR,,,12,JAC,FantasyPros updated timestamp: 1725581975; average rank: 124.49; best: 80; worst: 190; stddev: 15.58; experts: 212; Sleeper match: matched_name. Near-draft proxy only; historical endpoint was finalized after the Bishop auction.,765
FantasyPros ECR,2024,2024-09-06,draft,half_ppr,121,TE14,Dalton Schultz,5001,TE,,,14,HOU,FantasyPros updated timestamp: 1725581975; average rank: 125.07; best: 93; worst: 208; stddev: 18.29; experts: 212; Sleeper match: matched_name. Near-draft proxy only; historical endpoint was finalized after the Bishop auction.,766
FantasyPros ECR,2024,2024-09-06,draft,half_ppr,122,RB38,Chuba Hubbard,7594,RB,,,11,CAR,FantasyPros updated timestamp: 1725581975; average rank: 126.85; best: 73; worst: 172; stddev: 15.61; experts: 211; Sleeper match: matched_name. Near-draft proxy only; historical endpoint was finalized after the Bishop auction.,767
FantasyPros ECR,2024,2024-09-06,draft,half_ppr,123,WR53,Romeo Doubs,8121,WR,,,14,NE,FantasyPros updated timestamp: 1725581975; average rank: 127.50; best: 72; worst: 195; stddev: 17.68; experts: 212; Sleeper match: matched_name. Near-draft proxy only; historical endpoint was finalized after the Bishop auction.,768
FantasyPros ECR,2024,2024-09-06,draft,half_ppr,124,RB39,Ezekiel Elliott,3164,RB,,,,FA,FantasyPros updated timestamp: 1725581975; average rank: 127.92; best: 79; worst: 236; stddev: 21.75; experts: 211; Sleeper match: matched_name. Near-draft proxy only; historical endpoint was finalized after the Bishop auction.,769
FantasyPros ECR,2024,2024-09-06,draft,half_ppr,125,WR54,Khalil Shakir,8134,WR,,,12,BUF,FantasyPros updated timestamp: 1725581975; average rank: 129.14; best: 77; worst: 208; stddev: 21.87; experts: 212; Sleeper match: matched_name. Near-draft proxy only; historical endpoint was finalized after the Bishop auction.,770
FantasyPros ECR,2024,2024-09-06,draft,half_ppr,126,RB40,Blake Corum,11586,RB,,,6,LAR,FantasyPros updated timestamp: 1725581975; average rank: 126.31; best: 79; worst: 246; stddev: 21.12; experts: 210; Sleeper match: matched_name. Near-draft proxy only; historical endpoint was finalized after the Bishop auction.,771
FantasyPros ECR,2024,2024-09-06,draft,half_ppr,127,QB19,Matthew Stafford,421,QB,,,6,LAR,FantasyPros updated timestamp: 1725581975; average rank: 123.56; best: 74; worst: 268; stddev: 22.74; experts: 209; Sleeper match: matched_name. Near-draft proxy only; historical endpoint was finalized after the Bishop auction.,772
FantasyPros ECR,2024,2024-09-06,draft,half_ppr,128,WR55,Rashid Shaheed,8676,WR,,,10,SEA,FantasyPros updated timestamp: 1725581975; average rank: 132.78; best: 88; worst: 176; stddev: 16.69; experts: 212; Sleeper match: matched_name. Near-draft proxy only; historical endpoint was finalized after the Bishop auction.,773
FantasyPros ECR,2024,2024-09-06,draft,half_ppr,129,WR56,Curtis Samuel,4082,WR,,,,FA,FantasyPros updated timestamp: 1725581975; average rank: 134.54; best: 78; worst: 198; stddev: 19.33; experts: 212; Sleeper match: matched_name. Near-draft proxy only; historical endpoint was finalized after the Bishop auction.,774
FantasyPros ECR,2024,2024-09-06,draft,half_ppr,130,RB41,Zach Charbonnet,9753,RB,,,10,SEA,FantasyPros updated timestamp: 1725581975; average rank: 134.65; best: 100; worst: 190; stddev: 14.20; experts: 211; Sleeper match: matched_name. Near-draft proxy only; historical endpoint was finalized after the Bishop auction.,775
FantasyPros ECR,2024,2024-09-06,draft,half_ppr,131,RB42,Rico Dowdle,7021,RB,,,9,PIT,FantasyPros updated timestamp: 1725581975; average rank: 135.47; best: 76; worst: 283; stddev: 27.23; experts: 211; Sleeper match: matched_name. Near-draft proxy only; historical endpoint was finalized after the Bishop auction.,776
FantasyPros ECR,2024,2024-09-06,draft,half_ppr,132,WR57,Brandin Cooks,2197,WR,,,,FA,FantasyPros updated timestamp: 1725581975; average rank: 136.29; best: 80; worst: 194; stddev: 18.15; experts: 212; Sleeper match: matched_name. Near-draft proxy only; historical endpoint was finalized after the Bishop auction.,777
FantasyPros ECR,2024,2024-09-06,draft,half_ppr,133,RB43,Nick Chubb,4988,RB,,,,FA,FantasyPros updated timestamp: 1725581975; average rank: 131.22; best: 57; worst: 237; stddev: 25.40; experts: 209; Sleeper match: matched_name. Near-draft proxy only; historical endpoint was finalized after the Bishop auction.,778
FantasyPros ECR,2024,2024-09-06,draft,half_ppr,134,WR58,Mike Williams,,WR,,,,FA,FantasyPros updated timestamp: 1725581975; average rank: 139.49; best: 90; worst: 218; stddev: 22.50; experts: 212; Sleeper match: ambiguous_name. Near-draft proxy only; historical endpoint was finalized after the Bishop auction.,779
FantasyPros ECR,2024,2024-09-06,draft,half_ppr,135,QB20,Aaron Rodgers,96,QB,,,9,PIT,FantasyPros updated timestamp: 1725581975; average rank: 131.68; best: 83; worst: 277; stddev: 26.51; experts: 208; Sleeper match: matched_name. Near-draft proxy only; historical endpoint was finalized after the Bishop auction.,780
FantasyPros ECR,2024,2024-09-06,draft,half_ppr,136,RB44,Trey Benson,11589,RB,,,11,ARI,FantasyPros updated timestamp: 1725581975; average rank: 137.80; best: 86; worst: 231; stddev: 17.38; experts: 210; Sleeper match: matched_name. Near-draft proxy only; historical endpoint was finalized after the Bishop auction.,781
FantasyPros ECR,2024,2024-09-06,draft,half_ppr,137,RB45,Jaleel McLaughlin,11439,RB,,,14,DEN,FantasyPros updated timestamp: 1725581975; average rank: 139.65; best: 92; worst: 227; stddev: 18.38; experts: 210; Sleeper match: matched_name. Near-draft proxy only; historical endpoint was finalized after the Bishop auction.,782
FantasyPros ECR,2024,2024-09-06,draft,half_ppr,138,WR59,Jerry Jeudy,6783,WR,,,10,CLE,FantasyPros updated timestamp: 1725581975; average rank: 144.93; best: 81; worst: 201; stddev: 18.85; experts: 212; Sleeper match: matched_name. Near-draft proxy only; historical endpoint was finalized after the Bishop auction.,783
FantasyPros ECR,2024,2024-09-06,draft,half_ppr,139,QB21,Geno Smith,1373,QB,,,12,NYJ,FantasyPros updated timestamp: 1725581975; average rank: 139.60; best: 94; worst: 283; stddev: 28.53; experts: 209; Sleeper match: matched_name. Near-draft proxy only; historical endpoint was finalized after the Bishop auction.,784
FantasyPros ECR,2024,2024-09-06,draft,half_ppr,140,RB46,J.K. Dobbins,6806,RB,,,14,DEN,FantasyPros updated timestamp: 1725581975; average rank: 140.16; best: 77; worst: 236; stddev: 25.99; experts: 209; Sleeper match: matched_name. Near-draft proxy only; historical endpoint was finalized after the Bishop auction.,785
FantasyPros ECR,2024,2024-09-06,draft,half_ppr,141,TE15,T.J. Hockenson,5844,TE,,,6,MIN,FantasyPros updated timestamp: 1725581975; average rank: 147.07; best: 96; worst: 351; stddev: 34.47; experts: 211; Sleeper match: matched_name. Near-draft proxy only; historical endpoint was finalized after the Bishop auction.,786
FantasyPros ECR,2024,2024-09-06,draft,half_ppr,142,RB47,Tyler Allgeier,8132,RB,,,11,ARI,FantasyPros updated timestamp: 1725581975; average rank: 144.89; best: 95; worst: 217; stddev: 14.69; experts: 210; Sleeper match: matched_name. Near-draft proxy only; historical endpoint was finalized after the Bishop auction.,787
FantasyPros ECR,2024,2024-09-06,draft,half_ppr,143,RB48,Ty Chandler,8230,RB,,,12,NO,FantasyPros updated timestamp: 1725581975; average rank: 143.11; best: 113; worst: 292; stddev: 18.02; experts: 209; Sleeper match: matched_name. Near-draft proxy only; historical endpoint was finalized after the Bishop auction.,788
FantasyPros ECR,2024,2024-09-06,draft,half_ppr,144,QB22,Baker Mayfield,4892,QB,,,11,TB,FantasyPros updated timestamp: 1725581975; average rank: 142.39; best: 101; worst: 282; stddev: 24.54; experts: 208; Sleeper match: matched_name. Near-draft proxy only; historical endpoint was finalized after the Bishop auction.,789
FantasyPros ECR,2024,2024-09-06,draft,half_ppr,145,QB23,Deshaun Watson,4017,QB,,,10,CLE,FantasyPros updated timestamp: 1725581975; average rank: 141.32; best: 82; worst: 278; stddev: 31.39; experts: 207; Sleeper match: matched_name. Near-draft proxy only; historical endpoint was finalized after the Bishop auction.,790
FantasyPros ECR,2024,2024-09-06,draft,half_ppr,146,WR60,Gabe Davis,6943,WR,,,,FA,FantasyPros updated timestamp: 1725581975; average rank: 152.03; best: 87; worst: 222; stddev: 21.78; experts: 210; Sleeper match: matched_name. Near-draft proxy only; historical endpoint was finalized after the Bishop auction.,791
FantasyPros ECR,2024,2024-09-06,draft,half_ppr,147,TE16,Luke Musgrave,9481,TE,,,10,GB,FantasyPros updated timestamp: 1725581975; average rank: 150.55; best: 106; worst: 310; stddev: 27.03; experts: 209; Sleeper match: matched_name. Near-draft proxy only; historical endpoint was finalized after the Bishop auction.,792
FantasyPros ECR,2024,2024-09-06,draft,half_ppr,148,WR61,Dontayvion Wicks,9486,WR,,,5,PHI,FantasyPros updated timestamp: 1725581975; average rank: 156.77; best: 95; worst: 274; stddev: 27.02; experts: 211; Sleeper match: matched_name. Near-draft proxy only; historical endpoint was finalized after the Bishop auction.,793
FantasyPros ECR,2024,2024-09-06,draft,half_ppr,149,WR62,Josh Downs,9500,WR,,,14,IND,FantasyPros updated timestamp: 1725581975; average rank: 154.10; best: 75; worst: 328; stddev: 23.56; experts: 210; Sleeper match: matched_name. Near-draft proxy only; historical endpoint was finalized after the Bishop auction.,794
FantasyPros ECR,2024,2024-09-06,draft,half_ppr,150,RB49,Antonio Gibson,6945,RB,,,,FA,FantasyPros updated timestamp: 1725581975; average rank: 155.30; best: 117; worst: 257; stddev: 19.99; experts: 210; Sleeper match: matched_name. Near-draft proxy only; historical endpoint was finalized after the Bishop auction.,795
FantasyPros ECR,2024,2024-09-06,draft,half_ppr,151,TE17,Taysom Hill,4381,TE,,,,FA,FantasyPros updated timestamp: 1725581975; average rank: 148.34; best: 90; worst: 652; stddev: 51.70; experts: 206; Sleeper match: matched_name. Near-draft proxy only; historical endpoint was finalized after the Bishop auction.,796
FantasyPros ECR,2024,2024-09-06,draft,half_ppr,152,QB24,Will Levis,9999,QB,,,5,TEN,FantasyPros updated timestamp: 1725581975; average rank: 154.29; best: 107; worst: 318; stddev: 30.98; experts: 208; Sleeper match: matched_name. Near-draft proxy only; historical endpoint was finalized after the Bishop auction.,797
FantasyPros ECR,2024,2024-09-06,draft,half_ppr,153,WR63,Adam Thielen,1689,WR,,,,FA,FantasyPros updated timestamp: 1725581975; average rank: 163.07; best: 107; worst: 242; stddev: 22.10; experts: 210; Sleeper match: matched_name. Near-draft proxy only; historical endpoint was finalized after the Bishop auction.,798
FantasyPros ECR,2024,2024-09-06,draft,half_ppr,154,TE18,Hunter Henry,3214,TE,,,14,NE,FantasyPros updated timestamp: 1725581975; average rank: 157.80; best: 97; worst: 257; stddev: 25.02; experts: 208; Sleeper match: matched_name. Near-draft proxy only; historical endpoint was finalized after the Bishop auction.,799
FantasyPros ECR,2024,2024-09-06,draft,half_ppr,155,WR64,Adonai Mitchell,11625,WR,,,12,NYJ,FantasyPros updated timestamp: 1725581975; average rank: 163.40; best: 85; worst: 285; stddev: 25.21; experts: 210; Sleeper match: matched_name. Near-draft proxy only; historical endpoint was finalized after the Bishop auction.,800
FantasyPros ECR,2024,2024-09-06,draft,half_ppr,156,WR65,Darnell Mooney,7090,WR,,,11,NYG,FantasyPros updated timestamp: 1725581975; average rank: 162.62; best: 105; worst: 239; stddev: 25.03; experts: 209; Sleeper match: matched_name. Near-draft proxy only; historical endpoint was finalized after the Bishop auction.,801
FantasyPros ECR,2024,2024-09-06,draft,half_ppr,157,TE19,Cole Kmet,6826,TE,,,7,CHI,FantasyPros updated timestamp: 1725581975; average rank: 157.56; best: 93; worst: 259; stddev: 33.25; experts: 207; Sleeper match: matched_name. Near-draft proxy only; historical endpoint was finalized after the Bishop auction.,802
FantasyPros ECR,2024,2024-09-06,draft,half_ppr,158,RB50,Ray Davis,11575,RB,,,12,BUF,FantasyPros updated timestamp: 1725581975; average rank: 165.09; best: 106; worst: 296; stddev: 32.31; experts: 209; Sleeper match: matched_name. Near-draft proxy only; historical endpoint was finalized after the Bishop auction.,803
FantasyPros ECR,2024,2024-09-06,draft,half_ppr,159,TE20,Tyler Conklin,5133,TE,,,5,DET,FantasyPros updated timestamp: 1725581975; average rank: 162.41; best: 100; worst: 284; stddev: 34.01; experts: 208; Sleeper match: matched_name. Near-draft proxy only; historical endpoint was finalized after the Bishop auction.,804
FantasyPros ECR,2024,2024-09-06,draft,half_ppr,160,WR66,Ja'Lynn Polk,11619,WR,,,,FA,FantasyPros updated timestamp: 1725581975; average rank: 168.21; best: 105; worst: 262; stddev: 27.68; experts: 209; Sleeper match: matched_name. Near-draft proxy only; historical endpoint was finalized after the Bishop auction.,805
FantasyPros ECR,2024,2024-09-06,draft,half_ppr,161,WR67,DeMario Douglas,9501,WR,,,14,NE,FantasyPros updated timestamp: 1725581975; average rank: 166.72; best: 114; worst: 220; stddev: 19.51; experts: 207; Sleeper match: matched_name. Near-draft proxy only; historical endpoint was finalized after the Bishop auction.,806
FantasyPros ECR,2024,2024-09-06,draft,half_ppr,162,WR68,Michael Wilson,10232,WR,,,11,ARI,FantasyPros updated timestamp: 1725581975; average rank: 170.09; best: 114; worst: 261; stddev: 20.97; experts: 208; Sleeper match: matched_name. Near-draft proxy only; historical endpoint was finalized after the Bishop auction.,807
FantasyPros ECR,2024,2024-09-06,draft,half_ppr,163,RB51,MarShawn Lloyd,11581,RB,,,10,GB,FantasyPros updated timestamp: 1725581975; average rank: 164.69; best: 100; worst: 296; stddev: 28.68; experts: 205; Sleeper match: matched_name. Near-draft proxy only; historical endpoint was finalized after the Bishop auction.,808
FantasyPros ECR,2024,2024-09-06,draft,half_ppr,164,RB52,Khalil Herbert,7608,RB,,,9,SF,FantasyPros updated timestamp: 1725581975; average rank: 171.02; best: 113; worst: 290; stddev: 30.14; experts: 207; Sleeper match: matched_name. Near-draft proxy only; historical endpoint was finalized after the Bishop auction.,809
FantasyPros ECR,2024,2024-09-06,draft,half_ppr,165,RB53,Jaylen Wright,11643,RB,,,6,MIA,FantasyPros updated timestamp: 1725581975; average rank: 166.75; best: 95; worst: 300; stddev: 34.05; experts: 204; Sleeper match: matched_name. Near-draft proxy only; historical endpoint was finalized after the Bishop auction.,810
FantasyPros ECR,2024,2024-09-06,draft,half_ppr,166,RB54,Bucky Irving,11584,RB,,,11,TB,FantasyPros updated timestamp: 1725581975; average rank: 174.05; best: 118; worst: 303; stddev: 31.19; experts: 205; Sleeper match: matched_name. Near-draft proxy only; historical endpoint was finalized after the Bishop auction.,811
FantasyPros ECR,2024,2024-09-06,draft,half_ppr,167,TE21,Cade Otton,8111,TE,,,11,TB,FantasyPros updated timestamp: 1725581975; average rank: 182.17; best: 123; worst: 280; stddev: 27.61; experts: 207; Sleeper match: matched_name. Near-draft proxy only; historical endpoint was finalized after the Bishop auction.,812
FantasyPros ECR,2024,2024-09-06,draft,half_ppr,168,WR69,Rashod Bateman,7571,WR,,,14,BAL,FantasyPros updated timestamp: 1725581975; average rank: 181.01; best: 99; worst: 295; stddev: 25.36; experts: 205; Sleeper match: matched_name. Near-draft proxy only; historical endpoint was finalized after the Bishop auction.,813
FantasyPros ECR,2024,2024-09-06,draft,half_ppr,169,QB25,Daniel Jones,5870,QB,,,14,IND,FantasyPros updated timestamp: 1725581975; average rank: 175.03; best: 87; worst: 343; stddev: 40.30; experts: 201; Sleeper match: matched_name. Near-draft proxy only; historical endpoint was finalized after the Bishop auction.,814
FantasyPros ECR,2024,2024-09-06,draft,half_ppr,170,WR70,Wan'Dale Robinson,8126,WR,,,5,TEN,FantasyPros updated timestamp: 1725581975; average rank: 183.80; best: 125; worst: 263; stddev: 21.42; experts: 202; Sleeper match: matched_name. Near-draft proxy only; historical endpoint was finalized after the Bishop auction.,815
FantasyPros ECR,2024,2024-09-06,draft,half_ppr,171,RB55,Braelon Allen,11576,RB,,,12,NYJ,FantasyPros updated timestamp: 1725581975; average rank: 186.56; best: 131; worst: 280; stddev: 30.88; experts: 203; Sleeper match: matched_name. Near-draft proxy only; historical endpoint was finalized after the Bishop auction.,816
FantasyPros ECR,2024,2024-09-06,draft,half_ppr,172,QB26,Bryce Young,9228,QB,,,11,CAR,FantasyPros updated timestamp: 1725581975; average rank: 184.30; best: 124; worst: 316; stddev: 36.99; experts: 202; Sleeper match: matched_name. Near-draft proxy only; historical endpoint was finalized after the Bishop auction.,817
FantasyPros ECR,2024,2024-09-06,draft,half_ppr,173,WR71,Xavier Legette,11626,WR,,,11,CAR,FantasyPros updated timestamp: 1725581975; average rank: 190.28; best: 127; worst: 283; stddev: 27.18; experts: 204; Sleeper match: matched_name. Near-draft proxy only; historical endpoint was finalized after the Bishop auction.,818
FantasyPros ECR,2024,2024-09-06,draft,half_ppr,174,RB56,Jordan Mason,8408,RB,,,6,MIN,FantasyPros updated timestamp: 1725581975; average rank: 192.75; best: 120; worst: 353; stddev: 47.34; experts: 204; Sleeper match: matched_name. Near-draft proxy only; historical endpoint was finalized after the Bishop auction.,819
FantasyPros ECR,2024,2024-09-06,draft,half_ppr,175,TE22,Noah Fant,5857,TE,,,12,NO,FantasyPros updated timestamp: 1725581975; average rank: 190.69; best: 101; worst: 299; stddev: 36.24; experts: 203; Sleeper match: matched_name. Near-draft proxy only; historical endpoint was finalized after the Bishop auction.,820
FantasyPros ECR,2024,2024-09-06,draft,half_ppr,176,TE23,Isaiah Likely,8131,TE,,,11,NYG,FantasyPros updated timestamp: 1725581975; average rank: 199.00; best: 111; worst: 294; stddev: 32.79; experts: 205; Sleeper match: matched_name. Near-draft proxy only; historical endpoint was finalized after the Bishop auction.,821
FantasyPros ECR,2024,2024-09-06,draft,half_ppr,177,TE24,Juwan Johnson,7002,TE,,,12,NO,FantasyPros updated timestamp: 1725581975; average rank: 197.41; best: 112; worst: 291; stddev: 31.22; experts: 204; Sleeper match: matched_name. Near-draft proxy only; historical endpoint was finalized after the Bishop auction.,822
FantasyPros ECR,2024,2024-09-06,draft,half_ppr,178,QB27,Sam Darnold,4943,QB,,,10,SEA,FantasyPros updated timestamp: 1725581975; average rank: 188.24; best: 124; worst: 322; stddev: 48.10; experts: 200; Sleeper match: matched_name. Near-draft proxy only; historical endpoint was finalized after the Bishop auction.,823
FantasyPros ECR,2024,2024-09-06,draft,half_ppr,179,WR72,Marvin Mims Jr.,9494,WR,,,14,DEN,FantasyPros updated timestamp: 1725581975; average rank: 191.23; best: 103; worst: 298; stddev: 26.56; experts: 201; Sleeper match: matched_name. Near-draft proxy only; historical endpoint was finalized after the Bishop auction.,824
FantasyPros ECR,2024,2024-09-06,draft,half_ppr,180,WR73,Demarcus Robinson,3286,WR,,,9,SF,FantasyPros updated timestamp: 1725581975; average rank: 193.94; best: 133; worst: 290; stddev: 33.60; experts: 201; Sleeper match: matched_name. Near-draft proxy only; historical endpoint was finalized after the Bishop auction.,825
FantasyPros ECR,2024,2024-09-06,draft,half_ppr,181,QB28,Derek Carr,2028,QB,,,,FA,FantasyPros updated timestamp: 1725581975; average rank: 185.22; best: 124; worst: 317; stddev: 41.72; experts: 197; Sleeper match: matched_name. Near-draft proxy only; historical endpoint was finalized after the Bishop auction.,826
FantasyPros ECR,2024,2024-09-06,draft,half_ppr,182,QB29,Bo Nix,11563,QB,,,14,DEN,FantasyPros updated timestamp: 1725581975; average rank: 199.84; best: 117; worst: 346; stddev: 44.13; experts: 201; Sleeper match: matched_name. Near-draft proxy only; historical endpoint was finalized after the Bishop auction.,827
FantasyPros ECR,2024,2024-09-06,draft,half_ppr,183,DST1,Baltimore Ravens,BAL,DEF,,,14,BAL,FantasyPros updated timestamp: 1725581975; average rank: 163.52; best: 116; worst: 341; stddev: 28.17; experts: 188; Sleeper match: team_abbreviation. Near-draft proxy only; historical endpoint was finalized after the Bishop auction.,828
FantasyPros ECR,2024,2024-09-06,draft,half_ppr,184,WR74,Jahan Dotson,8119,WR,,,12,ATL,FantasyPros updated timestamp: 1725581975; average rank: 193.68; best: 107; worst: 297; stddev: 31.89; experts: 196; Sleeper match: matched_name. Near-draft proxy only; historical endpoint was finalized after the Bishop auction.,829
FantasyPros ECR,2024,2024-09-06,draft,half_ppr,185,DST2,New York Jets,NYJ,DEF,,,12,NYJ,FantasyPros updated timestamp: 1725581975; average rank: 171.71; best: 132; worst: 347; stddev: 28.67; experts: 188; Sleeper match: team_abbreviation. Near-draft proxy only; historical endpoint was finalized after the Bishop auction.,830
FantasyPros ECR,2024,2024-09-06,draft,half_ppr,186,DST3,San Francisco 49ers,SF,DEF,,,9,SF,FantasyPros updated timestamp: 1725581975; average rank: 171.96; best: 141; worst: 347; stddev: 25.40; experts: 188; Sleeper match: team_abbreviation. Near-draft proxy only; historical endpoint was finalized after the Bishop auction.,831
FantasyPros ECR,2024,2024-09-06,draft,half_ppr,187,RB57,Roschon Johnson,10235,RB,,,7,CHI,FantasyPros updated timestamp: 1725581975; average rank: 188.71; best: 129; worst: 271; stddev: 29.00; experts: 193; Sleeper match: matched_name. Near-draft proxy only; historical endpoint was finalized after the Bishop auction.,832
FantasyPros ECR,2024,2024-09-06,draft,half_ppr,188,DST4,Dallas Cowboys,DAL,DEF,,,7,DAL,FantasyPros updated timestamp: 1725581975; average rank: 177.03; best: 141; worst: 343; stddev: 26.40; experts: 188; Sleeper match: team_abbreviation. Near-draft proxy only; historical endpoint was finalized after the Bishop auction.,833
FantasyPros ECR,2024,2024-09-06,draft,half_ppr,189,DST5,Cleveland Browns,CLE,DEF,,,10,CLE,FantasyPros updated timestamp: 1725581975; average rank: 178.40; best: 150; worst: 345; stddev: 25.76; experts: 188; Sleeper match: team_abbreviation. Near-draft proxy only; historical endpoint was finalized after the Bishop auction.,834
FantasyPros ECR,2024,2024-09-06,draft,half_ppr,190,WR75,Jalen McMillan,11618,WR,,,11,TB,FantasyPros updated timestamp: 1725581975; average rank: 212.27; best: 112; worst: 314; stddev: 37.50; experts: 197; Sleeper match: matched_name. Near-draft proxy only; historical endpoint was finalized after the Bishop auction.,835
FantasyPros ECR,2024,2024-09-06,draft,half_ppr,191,DST6,Pittsburgh Steelers,PIT,DEF,,,9,PIT,FantasyPros updated timestamp: 1725581975; average rank: 189.79; best: 160; worst: 352; stddev: 24.04; experts: 188; Sleeper match: team_abbreviation. Near-draft proxy only; historical endpoint was finalized after the Bishop auction.,836
FantasyPros ECR,2024,2024-09-06,draft,half_ppr,192,WR76,Tyler Boyd,3225,WR,,,,FA,FantasyPros updated timestamp: 1725581975; average rank: 211.81; best: 141; worst: 298; stddev: 26.26; experts: 196; Sleeper match: matched_name. Near-draft proxy only; historical endpoint was finalized after the Bishop auction.,837
FantasyPros ECR,2024,2024-09-06,draft,half_ppr,193,DST7,Kansas City Chiefs,KC,DEF,,,6,KC,FantasyPros updated timestamp: 1725581975; average rank: 190.12; best: 166; worst: 342; stddev: 22.81; experts: 188; Sleeper match: team_abbreviation. Near-draft proxy only; historical endpoint was finalized after the Bishop auction.,838
FantasyPros ECR,2024,2024-09-06,draft,half_ppr,194,RB58,Tank Bigsby,9225,RB,,,5,PHI,FantasyPros updated timestamp: 1725581975; average rank: 215.60; best: 142; worst: 290; stddev: 33.59; experts: 197; Sleeper match: matched_name. Near-draft proxy only; historical endpoint was finalized after the Bishop auction.,839
FantasyPros ECR,2024,2024-09-06,draft,half_ppr,195,TE25,Chig Okonkwo,8210,TE,,,14,WAS,FantasyPros updated timestamp: 1725581975; average rank: 207.22; best: 123; worst: 348; stddev: 33.81; experts: 192; Sleeper match: matched_name. Near-draft proxy only; historical endpoint was finalized after the Bishop auction.,840
FantasyPros ECR,2024,2024-09-06,draft,half_ppr,196,K1,Justin Tucker,1264,K,,,,FA,FantasyPros updated timestamp: 1725581975; average rank: 191.25; best: 133; worst: 370; stddev: 25.56; experts: 186; Sleeper match: matched_name. Near-draft proxy only; historical endpoint was finalized after the Bishop auction.,841
FantasyPros ECR,2024,2024-09-06,draft,half_ppr,197,WR77,Quentin Johnston,9754,WR,,,5,LAC,FantasyPros updated timestamp: 1725581975; average rank: 204.20; best: 130; worst: 377; stddev: 33.30; experts: 190; Sleeper match: matched_name. Near-draft proxy only; historical endpoint was finalized after the Bishop auction.,842
FantasyPros ECR,2024,2024-09-06,draft,half_ppr,198,K2,Brandon Aubrey,11533,K,,,7,DAL,FantasyPros updated timestamp: 1725581975; average rank: 194.77; best: 137; worst: 368; stddev: 27.06; experts: 186; Sleeper match: matched_name. Near-draft proxy only; historical endpoint was finalized after the Bishop auction.,843
FantasyPros ECR,2024,2024-09-06,draft,half_ppr,199,RB59,Alexander Mattison,5987,RB,,,,FA,FantasyPros updated timestamp: 1725581975; average rank: 210.90; best: 144; worst: 312; stddev: 29.80; experts: 191; Sleeper match: matched_name. Near-draft proxy only; historical endpoint was finalized after the Bishop auction.,844
FantasyPros ECR,2024,2024-09-06,draft,half_ppr,200,RB60,Kimani Vidal,11647,RB,,,5,LAC,FantasyPros updated timestamp: 1725581975; average rank: 202.70; best: 123; worst: 309; stddev: 39.01; experts: 188; Sleeper match: matched_name. Near-draft proxy only; historical endpoint was finalized after the Bishop auction.,845
FantasyPros ECR,2024,2024-09-06,draft,half_ppr,201,DST8,Buffalo Bills,BUF,DEF,,,12,BUF,FantasyPros updated timestamp: 1725581975; average rank: 194.83; best: 158; worst: 350; stddev: 28.23; experts: 185; Sleeper match: team_abbreviation. Near-draft proxy only; historical endpoint was finalized after the Bishop auction.,846
FantasyPros ECR,2024,2024-09-06,draft,half_ppr,202,QB30,Russell Wilson,1234,QB,,,,FA,FantasyPros updated timestamp: 1725581975; average rank: 220.32; best: 124; worst: 316; stddev: 45.03; experts: 194; Sleeper match: matched_name. Near-draft proxy only; historical endpoint was finalized after the Bishop auction.,847
FantasyPros ECR,2024,2024-09-06,draft,half_ppr,203,K3,Harrison Butker,4227,K,,,6,KC,FantasyPros updated timestamp: 1725581975; average rank: 199.09; best: 173; worst: 369; stddev: 24.22; experts: 186; Sleeper match: matched_name. Near-draft proxy only; historical endpoint was finalized after the Bishop auction.,848
FantasyPros ECR,2024,2024-09-06,draft,half_ppr,204,RB61,Justice Hill,5995,RB,,,14,BAL,FantasyPros updated timestamp: 1725581975; average rank: 215.83; best: 144; worst: 357; stddev: 33.07; experts: 192; Sleeper match: matched_name. Near-draft proxy only; historical endpoint was finalized after the Bishop auction.,849
FantasyPros ECR,2024,2024-09-06,draft,half_ppr,205,RB62,Audric Estime,11579,RB,,,12,NO,FantasyPros updated timestamp: 1725581975; average rank: 221.23; best: 130; worst: 380; stddev: 30.65; experts: 194; Sleeper match: matched_name. Near-draft proxy only; historical endpoint was finalized after the Bishop auction.,850
FantasyPros ECR,2024,2024-09-06,draft,half_ppr,206,RB63,Samaje Perine,4147,RB,,,12,CIN,FantasyPros updated timestamp: 1725581975; average rank: 220.63; best: 126; worst: 337; stddev: 46.29; experts: 193; Sleeper match: matched_name. Near-draft proxy only; historical endpoint was finalized after the Bishop auction.,851
FantasyPros ECR,2024,2024-09-06,draft,half_ppr,207,RB64,Tyrone Tracy Jr.,11655,RB,,,11,NYG,FantasyPros updated timestamp: 1725581975; average rank: 207.03; best: 124; worst: 331; stddev: 42.31; experts: 187; Sleeper match: matched_name. Near-draft proxy only; historical endpoint was finalized after the Bishop auction.,852
FantasyPros ECR,2024,2024-09-06,draft,half_ppr,208,WR78,Andrei Iosivas,10226,WR,,,12,CIN,FantasyPros updated timestamp: 1725581975; average rank: 216.04; best: 135; worst: 308; stddev: 36.88; experts: 190; Sleeper match: matched_name. Near-draft proxy only; historical endpoint was finalized after the Bishop auction.,853
FantasyPros ECR,2024,2024-09-06,draft,half_ppr,209,WR79,Darius Slayton,6149,WR,,,11,NYG,FantasyPros updated timestamp: 1725581975; average rank: 216.72; best: 137; worst: 312; stddev: 24.11; experts: 190; Sleeper match: matched_name. Near-draft proxy only; historical endpoint was finalized after the Bishop auction.,854
FantasyPros ECR,2024,2024-09-06,draft,half_ppr,210,DST9,Houston Texans,HOU,DEF,,,14,HOU,FantasyPros updated timestamp: 1725581975; average rank: 200.56; best: 166; worst: 348; stddev: 26.89; experts: 184; Sleeper match: team_abbreviation. Near-draft proxy only; historical endpoint was finalized after the Bishop auction.,855
FantasyPros ECR,2024,2024-09-06,draft,half_ppr,211,DST10,Philadelphia Eagles,PHI,DEF,,,5,PHI,FantasyPros updated timestamp: 1725581975; average rank: 200.04; best: 162; worst: 357; stddev: 27.88; experts: 183; Sleeper match: team_abbreviation. Near-draft proxy only; historical endpoint was finalized after the Bishop auction.,856
FantasyPros ECR,2024,2024-09-06,draft,half_ppr,212,DST11,New Orleans Saints,NO,DEF,,,12,NO,FantasyPros updated timestamp: 1725581975; average rank: 207.89; best: 179; worst: 354; stddev: 30.07; experts: 184; Sleeper match: team_abbreviation. Near-draft proxy only; historical endpoint was finalized after the Bishop auction.,857
FantasyPros ECR,2024,2024-09-06,draft,half_ppr,213,K4,Jason Sanders,5119,K,,,12,NYJ,FantasyPros updated timestamp: 1725581975; average rank: 207.99; best: 181; worst: 371; stddev: 25.26; experts: 184; Sleeper match: matched_name. Near-draft proxy only; historical endpoint was finalized after the Bishop auction.,858
FantasyPros ECR,2024,2024-09-06,draft,half_ppr,214,K5,Jake Elliott,4195,K,,,5,PHI,FantasyPros updated timestamp: 1725581975; average rank: 213.63; best: 180; worst: 385; stddev: 26.82; experts: 186; Sleeper match: matched_name. Near-draft proxy only; historical endpoint was finalized after the Bishop auction.,859
FantasyPros ECR,2024,2024-09-06,draft,half_ppr,215,WR80,Jalin Hyatt,9497,WR,,,11,NYG,FantasyPros updated timestamp: 1725581975; average rank: 221.41; best: 143; worst: 315; stddev: 24.77; experts: 188; Sleeper match: matched_name. Near-draft proxy only; historical endpoint was finalized after the Bishop auction.,860
FantasyPros ECR,2024,2024-09-06,draft,half_ppr,216,K6,Younghoe Koo,4666,K,,,,FA,FantasyPros updated timestamp: 1725581975; average rank: 216.87; best: 186; worst: 374; stddev: 23.72; experts: 186; Sleeper match: matched_name. Near-draft proxy only; historical endpoint was finalized after the Bishop auction.,861
FantasyPros ECR,2024,2024-09-06,draft,half_ppr,217,DST12,Chicago Bears,CHI,DEF,,,7,CHI,FantasyPros updated timestamp: 1725581975; average rank: 211.64; best: 166; worst: 371; stddev: 31.12; experts: 184; Sleeper match: team_abbreviation. Near-draft proxy only; historical endpoint was finalized after the Bishop auction.,862
FantasyPros ECR,2024,2024-09-06,draft,half_ppr,218,TE26,Ben Sinnott,11596,TE,,,14,WAS,FantasyPros updated timestamp: 1725581975; average rank: 222.58; best: 123; worst: 352; stddev: 36.43; experts: 188; Sleeper match: matched_name. Near-draft proxy only; historical endpoint was finalized after the Bishop auction.,863
FantasyPros ECR,2024,2024-09-06,draft,half_ppr,219,K7,Ka'imi Fairbairn,3451,K,,,14,HOU,FantasyPros updated timestamp: 1725581975; average rank: 209.20; best: 180; worst: 373; stddev: 27.42; experts: 183; Sleeper match: matched_name. Near-draft proxy only; historical endpoint was finalized after the Bishop auction.,864
FantasyPros ECR,2024,2024-09-06,draft,half_ppr,220,K8,Tyler Bass,7042,K,,,12,BUF,FantasyPros updated timestamp: 1725581975; average rank: 218.27; best: 172; worst: 376; stddev: 26.51; experts: 186; Sleeper match: matched_name. Near-draft proxy only; historical endpoint was finalized after the Bishop auction.,865
FantasyPros ECR,2024,2024-09-06,draft,half_ppr,221,WR81,Elijah Moore,7596,WR,,,5,PHI,FantasyPros updated timestamp: 1725581975; average rank: 218.36; best: 143; worst: 313; stddev: 26.92; experts: 186; Sleeper match: matched_name. Near-draft proxy only; historical endpoint was finalized after the Bishop auction.,866
FantasyPros ECR,2024,2024-09-06,draft,half_ppr,222,K9,Jake Moody,10937,K,,,,FA,FantasyPros updated timestamp: 1725581975; average rank: 213.40; best: 184; worst: 372; stddev: 23.52; experts: 184; Sleeper match: matched_name. Near-draft proxy only; historical endpoint was finalized after the Bishop auction.,867
FantasyPros ECR,2024,2024-09-06,draft,half_ppr,223,RB65,Dameon Pierce,8129,RB,,,5,PHI,FantasyPros updated timestamp: 1725581975; average rank: 221.49; best: 144; worst: 339; stddev: 37.07; experts: 186; Sleeper match: matched_name. Near-draft proxy only; historical endpoint was finalized after the Bishop auction.,868
FantasyPros ECR,2024,2024-09-06,draft,half_ppr,224,DST13,Miami Dolphins,MIA,DEF,,,6,MIA,FantasyPros updated timestamp: 1725581975; average rank: 202.21; best: 163; worst: 355; stddev: 34.65; experts: 179; Sleeper match: team_abbreviation. Near-draft proxy only; historical endpoint was finalized after the Bishop auction.,869
FantasyPros ECR,2024,2024-09-06,draft,half_ppr,225,TE27,Mike Gesicki,4993,TE,,,12,CIN,FantasyPros updated timestamp: 1725581975; average rank: 230.10; best: 130; worst: 325; stddev: 29.24; experts: 189; Sleeper match: matched_name. Near-draft proxy only; historical endpoint was finalized after the Bishop auction.,870
FantasyPros ECR,2024,2024-09-06,draft,half_ppr,226,TE28,Tucker Kraft,9484,TE,,,10,GB,FantasyPros updated timestamp: 1725581975; average rank: 231.57; best: 137; worst: 305; stddev: 34.60; experts: 188; Sleeper match: matched_name. Near-draft proxy only; historical endpoint was finalized after the Bishop auction.,871
FantasyPros ECR,2024,2024-09-06,draft,half_ppr,227,K10,Evan McPherson,7839,K,,,12,CIN,FantasyPros updated timestamp: 1725581975; average rank: 221.51; best: 184; worst: 375; stddev: 23.35; experts: 184; Sleeper match: matched_name. Near-draft proxy only; historical endpoint was finalized after the Bishop auction.,872
FantasyPros ECR,2024,2024-09-06,draft,half_ppr,228,WR82,Jermaine Burton,11640,WR,,,,FA,FantasyPros updated timestamp: 1725581975; average rank: 214.93; best: 134; worst: 343; stddev: 32.69; experts: 181; Sleeper match: matched_name. Near-draft proxy only; historical endpoint was finalized after the Bishop auction.,873
FantasyPros ECR,2024,2024-09-06,draft,half_ppr,229,WR83,Roman Wilson,11630,WR,,,,FA,FantasyPros updated timestamp: 1725581975; average rank: 224.95; best: 131; worst: 359; stddev: 28.98; experts: 184; Sleeper match: matched_name. Near-draft proxy only; historical endpoint was finalized after the Bishop auction.,874
FantasyPros ECR,2024,2024-09-06,draft,half_ppr,230,RB66,Kenny Gainwell,7567,RB,,,11,TB,FantasyPros updated timestamp: 1725581975; average rank: 230.37; best: 158; worst: 307; stddev: 27.49; experts: 184; Sleeper match: matched_name. Near-draft proxy only; historical endpoint was finalized after the Bishop auction.,875
FantasyPros ECR,2024,2024-09-06,draft,half_ppr,231,WR84,DJ Chark Jr.,4951,WR,,,,FA,FantasyPros updated timestamp: 1725581975; average rank: 234.79; best: 129; worst: 362; stddev: 32.70; experts: 183; Sleeper match: matched_name. Near-draft proxy only; historical endpoint was finalized after the Bishop auction.,876
FantasyPros ECR,2024,2024-09-06,draft,half_ppr,232,QB31,Drake Maye,11564,QB,,,14,NE,FantasyPros updated timestamp: 1725581975; average rank: 249.42; best: 138; worst: 328; stddev: 36.73; experts: 188; Sleeper match: matched_name. Near-draft proxy only; historical endpoint was finalized after the Bishop auction.,877
FantasyPros ECR,2024,2024-09-06,draft,half_ppr,233,RB67,Kendre Miller,9757,RB,,,12,NO,FantasyPros updated timestamp: 1725581975; average rank: 221.47; best: 140; worst: 327; stddev: 46.42; experts: 177; Sleeper match: matched_name. Near-draft proxy only; historical endpoint was finalized after the Bishop auction.,878
FantasyPros ECR,2024,2024-09-06,draft,half_ppr,234,RB68,Jamaal Williams,4149,RB,,,,FA,FantasyPros updated timestamp: 1725581975; average rank: 233.59; best: 154; worst: 309; stddev: 28.71; experts: 181; Sleeper match: matched_name. Near-draft proxy only; historical endpoint was finalized after the Bishop auction.,879
FantasyPros ECR,2024,2024-09-06,draft,half_ppr,235,TE29,Jonnu Smith,4144,TE,,,10,GB,FantasyPros updated timestamp: 1725581975; average rank: 215.38; best: 111; worst: 400; stddev: 43.33; experts: 174; Sleeper match: matched_name. Near-draft proxy only; historical endpoint was finalized after the Bishop auction.,880
FantasyPros ECR,2024,2024-09-06,draft,half_ppr,236,K11,Cameron Dicker,8259,K,,,5,LAC,FantasyPros updated timestamp: 1725581975; average rank: 238.12; best: 198; worst: 387; stddev: 23.20; experts: 182; Sleeper match: matched_name. Near-draft proxy only; historical endpoint was finalized after the Bishop auction.,881
FantasyPros ECR,2024,2024-09-06,draft,half_ppr,237,DST14,Indianapolis Colts,IND,DEF,,,14,IND,FantasyPros updated timestamp: 1725581975; average rank: 228.62; best: 181; worst: 356; stddev: 33.45; experts: 178; Sleeper match: team_abbreviation. Near-draft proxy only; historical endpoint was finalized after the Bishop auction.,882
FantasyPros ECR,2024,2024-09-06,draft,half_ppr,238,WR85,Ricky Pearsall,11638,WR,,,9,SF,FantasyPros updated timestamp: 1725581975; average rank: 227.41; best: 151; worst: 402; stddev: 39.50; experts: 176; Sleeper match: matched_name. Near-draft proxy only; historical endpoint was finalized after the Bishop auction.,883
FantasyPros ECR,2024,2024-09-06,draft,half_ppr,239,K12,Matt Gay,6083,K,,,10,LV,FantasyPros updated timestamp: 1725581975; average rank: 235.89; best: 191; worst: 377; stddev: 22.66; experts: 179; Sleeper match: matched_name. Near-draft proxy only; historical endpoint was finalized after the Bishop auction.,884
FantasyPros ECR,2024,2024-09-06,draft,half_ppr,240,WR86,Malachi Corley,11617,WR,,,10,CLE,FantasyPros updated timestamp: 1725581975; average rank: 233.36; best: 136; worst: 347; stddev: 33.05; experts: 177; Sleeper match: matched_name. Near-draft proxy only; historical endpoint was finalized after the Bishop auction.,885
FantasyPros ECR,2024,2024-09-06,draft,half_ppr,241,RB69,Will Shipley,11577,RB,,,5,PHI,FantasyPros updated timestamp: 1725581975; average rank: 247.64; best: 162; worst: 313; stddev: 27.08; experts: 182; Sleeper match: matched_name. Near-draft proxy only; historical endpoint was finalized after the Bishop auction.,886
FantasyPros ECR,2024,2024-09-06,draft,half_ppr,242,RB70,Miles Sanders,6151,RB,,,,FA,FantasyPros updated timestamp: 1725581975; average rank: 240.40; best: 155; worst: 366; stddev: 32.67; experts: 179; Sleeper match: matched_name. Near-draft proxy only; historical endpoint was finalized after the Bishop auction.,887
FantasyPros ECR,2024,2024-09-06,draft,half_ppr,243,DST15,Detroit Lions,DET,DEF,,,5,DET,FantasyPros updated timestamp: 1725581975; average rank: 239.51; best: 182; worst: 377; stddev: 37.70; experts: 178; Sleeper match: team_abbreviation. Near-draft proxy only; historical endpoint was finalized after the Bishop auction.,888
FantasyPros ECR,2024,2024-09-06,draft,half_ppr,244,QB32,Gardner Minshew II,6011,QB,,,11,ARI,FantasyPros updated timestamp: 1725581975; average rank: 258.24; best: 146; worst: 508; stddev: 38.26; experts: 185; Sleeper match: matched_name. Near-draft proxy only; historical endpoint was finalized after the Bishop auction.,889
FantasyPros ECR,2024,2024-09-06,draft,half_ppr,245,RB71,Trey Sermon,7593,RB,,,12,ATL,FantasyPros updated timestamp: 1725581975; average rank: 256.94; best: 168; worst: 322; stddev: 31.80; experts: 184; Sleeper match: matched_name. Near-draft proxy only; historical endpoint was finalized after the Bishop auction.,890
FantasyPros ECR,2024,2024-09-06,draft,half_ppr,246,WR87,Greg Dortch,5970,WR,,,5,DET,FantasyPros updated timestamp: 1725581975; average rank: 215.54; best: 136; worst: 315; stddev: 40.29; experts: 168; Sleeper match: matched_name. Near-draft proxy only; historical endpoint was finalized after the Bishop auction.,891
FantasyPros ECR,2024,2024-09-06,draft,half_ppr,247,K13,Cairo Santos,2020,K,,,7,CHI,FantasyPros updated timestamp: 1725581975; average rank: 247.28; best: 198; worst: 384; stddev: 26.87; experts: 179; Sleeper match: matched_name. Near-draft proxy only; historical endpoint was finalized after the Bishop auction.,892
FantasyPros ECR,2024,2024-09-06,draft,half_ppr,248,WR88,Kendrick Bourne,4454,WR,,,11,ARI,FantasyPros updated timestamp: 1725581975; average rank: 245.32; best: 148; worst: 388; stddev: 33.22; experts: 178; Sleeper match: matched_name. Near-draft proxy only; historical endpoint was finalized after the Bishop auction.,893
FantasyPros ECR,2024,2024-09-06,draft,half_ppr,249,QB33,Justin Fields,7591,QB,,,6,KC,FantasyPros updated timestamp: 1725581975; average rank: 264.03; best: 138; worst: 651; stddev: 49.85; experts: 185; Sleeper match: matched_name. Near-draft proxy only; historical endpoint was finalized after the Bishop auction.,894
FantasyPros ECR,2024,2024-09-06,draft,half_ppr,250,WR89,Josh Reynolds,4171,WR,,,,FA,FantasyPros updated timestamp: 1725581975; average rank: 243.61; best: 128; worst: 386; stddev: 33.28; experts: 176; Sleeper match: matched_name. Near-draft proxy only; historical endpoint was finalized after the Bishop auction.,895
FantasyPros ECR,2024,2024-09-06,draft,half_ppr,251,TE30,Michael Mayer,9482,TE,,,10,LV,FantasyPros updated timestamp: 1725581975; average rank: 248.03; best: 137; worst: 325; stddev: 33.09; experts: 177; Sleeper match: matched_name. Near-draft proxy only; historical endpoint was finalized after the Bishop auction.,896
FantasyPros ECR,2024,2024-09-06,draft,half_ppr,252,WR90,Troy Franklin,11627,WR,,,14,DEN,FantasyPros updated timestamp: 1725581975; average rank: 235.19; best: 155; worst: 328; stddev: 30.84; experts: 172; Sleeper match: matched_name. Near-draft proxy only; historical endpoint was finalized after the Bishop auction.,897
FantasyPros ECR,2024,2024-09-06,draft,half_ppr,253,K14,Dustin Hopkins,1348,K,,,,FA,FantasyPros updated timestamp: 1725581975; average rank: 246.62; best: 197; worst: 381; stddev: 29.01; experts: 174; Sleeper match: matched_name. Near-draft proxy only; historical endpoint was finalized after the Bishop auction.,898
FantasyPros ECR,2024,2024-09-06,draft,half_ppr,254,RB72,Dylan Laube,11574,RB,,,10,LV,FantasyPros updated timestamp: 1725581975; average rank: 256.28; best: 156; worst: 366; stddev: 37.39; experts: 176; Sleeper match: matched_name. Near-draft proxy only; historical endpoint was finalized after the Bishop auction.,899
FantasyPros ECR,2024,2024-09-06,draft,half_ppr,255,RB73,Keaton Mitchell,9511,RB,,,5,LAC,FantasyPros updated timestamp: 1725581975; average rank: 247.81; best: 161; worst: 360; stddev: 38.36; experts: 172; Sleeper match: matched_name. Near-draft proxy only; historical endpoint was finalized after the Bishop auction.,900
FantasyPros ECR,2024,2024-09-06,draft,half_ppr,256,WR91,Luke McCaffrey,11650,WR,,,14,WAS,FantasyPros updated timestamp: 1725581975; average rank: 231.05; best: 122; worst: 346; stddev: 41.65; experts: 166; Sleeper match: matched_name. Near-draft proxy only; historical endpoint was finalized after the Bishop auction.,901
FantasyPros ECR,2024,2024-09-06,draft,half_ppr,257,TE31,Zach Ertz,1339,TE,,,,FA,FantasyPros updated timestamp: 1725581975; average rank: 231.49; best: 123; worst: 326; stddev: 37.01; experts: 166; Sleeper match: matched_name. Near-draft proxy only; historical endpoint was finalized after the Bishop auction.,902
FantasyPros ECR,2024,2024-09-06,draft,half_ppr,258,RB74,D'Onta Foreman,4111,RB,,,,FA,FantasyPros updated timestamp: 1725581975; average rank: 244.44; best: 147; worst: 373; stddev: 34.76; experts: 170; Sleeper match: matched_name. Near-draft proxy only; historical endpoint was finalized after the Bishop auction.,903
FantasyPros ECR,2024,2024-09-06,draft,half_ppr,259,WR92,Jalen Tolbert,8117,WR,,,6,MIA,FantasyPros updated timestamp: 1725581975; average rank: 229.95; best: 153; worst: 386; stddev: 40.43; experts: 162; Sleeper match: matched_name. Near-draft proxy only; historical endpoint was finalized after the Bishop auction.,904
FantasyPros ECR,2024,2024-09-06,draft,half_ppr,260,DST16,Cincinnati Bengals,CIN,DEF,,,12,CIN,FantasyPros updated timestamp: 1725581975; average rank: 252.33; best: 166; worst: 362; stddev: 37.24; experts: 169; Sleeper match: team_abbreviation. Near-draft proxy only; historical endpoint was finalized after the Bishop auction.,905
FantasyPros ECR,2024,2024-09-06,draft,half_ppr,261,WR93,Javon Baker,11645,WR,,,,FA,FantasyPros updated timestamp: 1725581975; average rank: 241.59; best: 141; worst: 390; stddev: 40.73; experts: 165; Sleeper match: matched_name. Near-draft proxy only; historical endpoint was finalized after the Bishop auction.,906
FantasyPros ECR,2024,2024-09-06,draft,half_ppr,262,TE32,Ja'Tavion Sanders,11600,TE,,,11,CAR,FantasyPros updated timestamp: 1725581975; average rank: 257.80; best: 145; worst: 308; stddev: 26.13; experts: 170; Sleeper match: matched_name. Near-draft proxy only; historical endpoint was finalized after the Bishop auction.,907
FantasyPros ECR,2024,2024-09-06,draft,half_ppr,263,K15,Jason Myers,2747,K,,,10,SEA,FantasyPros updated timestamp: 1725581975; average rank: 250.41; best: 196; worst: 382; stddev: 26.46; experts: 166; Sleeper match: matched_name. Near-draft proxy only; historical endpoint was finalized after the Bishop auction.,908
FantasyPros ECR,2024,2024-09-06,draft,half_ppr,264,RB75,Clyde Edwards-Helaire,6820,RB,,,,FA,FantasyPros updated timestamp: 1725581975; average rank: 255.22; best: 168; worst: 486; stddev: 36.31; experts: 167; Sleeper match: matched_name. Near-draft proxy only; historical endpoint was finalized after the Bishop auction.,909
FantasyPros ECR,2024,2024-09-06,draft,half_ppr,265,WR94,Jonathan Mingo,10225,WR,,,7,DAL,FantasyPros updated timestamp: 1725581975; average rank: 257.20; best: 169; worst: 320; stddev: 28.30; experts: 165; Sleeper match: matched_name. Near-draft proxy only; historical endpoint was finalized after the Bishop auction.,910
FantasyPros ECR,2024,2024-09-06,draft,half_ppr,266,WR95,Odell Beckham Jr.,2078,WR,,,11,NYG,FantasyPros updated timestamp: 1725581975; average rank: 257.31; best: 173; worst: 358; stddev: 30.47; experts: 165; Sleeper match: matched_name. Near-draft proxy only; historical endpoint was finalized after the Bishop auction.,911
FantasyPros ECR,2024,2024-09-06,draft,half_ppr,267,RB76,Cam Akers,6938,RB,,,,FA,FantasyPros updated timestamp: 1725581975; average rank: 260.03; best: 156; worst: 344; stddev: 42.37; experts: 163; Sleeper match: matched_name. Near-draft proxy only; historical endpoint was finalized after the Bishop auction.,912
FantasyPros ECR,2024,2024-09-06,draft,half_ppr,268,TE33,Gerald Everett,4089,TE,,,,FA,FantasyPros updated timestamp: 1725581975; average rank: 260.88; best: 157; worst: 360; stddev: 29.23; experts: 163; Sleeper match: matched_name. Near-draft proxy only; historical endpoint was finalized after the Bishop auction.,913
FantasyPros ECR,2024,2024-09-06,draft,half_ppr,269,WR96,Treylon Burks,8135,WR,,,14,WAS,FantasyPros updated timestamp: 1725581975; average rank: 257.59; best: 186; worst: 376; stddev: 28.78; experts: 161; Sleeper match: matched_name. Near-draft proxy only; historical endpoint was finalized after the Bishop auction.,914
FantasyPros ECR,2024,2024-09-06,draft,half_ppr,270,TE34,Dawson Knox,5906,TE,,,12,BUF,FantasyPros updated timestamp: 1725581975; average rank: 262.25; best: 192; worst: 335; stddev: 21.54; experts: 162; Sleeper match: matched_name. Near-draft proxy only; historical endpoint was finalized after the Bishop auction.,915
FantasyPros ECR,2024,2024-09-06,draft,half_ppr,271,TE35,Greg Dulcich,8172,TE,,,6,MIA,FantasyPros updated timestamp: 1725581975; average rank: 239.00; best: 123; worst: 333; stddev: 41.29; experts: 154; Sleeper match: matched_name. Near-draft proxy only; historical endpoint was finalized after the Bishop auction.,916
FantasyPros ECR,2024,2024-09-06,draft,half_ppr,272,WR97,A.T. Perry,10863,WR,,,,FA,FantasyPros updated timestamp: 1725581975; average rank: 259.08; best: 135; worst: 371; stddev: 31.68; experts: 158; Sleeper match: matched_name. Near-draft proxy only; historical endpoint was finalized after the Bishop auction.,917
FantasyPros ECR,2024,2024-09-06,draft,half_ppr,273,K16,Greg Zuerlein,1266,K,,,,FA,FantasyPros updated timestamp: 1725581975; average rank: 263.18; best: 192; worst: 389; stddev: 35.00; experts: 159; Sleeper match: matched_name. Near-draft proxy only; historical endpoint was finalized after the Bishop auction.,918
FantasyPros ECR,2024,2024-09-06,draft,half_ppr,274,RB77,Cordarrelle Patterson,1535,RB,,,,FA,FantasyPros updated timestamp: 1725581975; average rank: 273.27; best: 171; worst: 345; stddev: 32.94; experts: 162; Sleeper match: matched_name. Near-draft proxy only; historical endpoint was finalized after the Bishop auction.,919
FantasyPros ECR,2024,2024-09-06,draft,half_ppr,275,RB78,Eric Gray,10223,RB,,,11,NYG,FantasyPros updated timestamp: 1725581975; average rank: 273.50; best: 172; worst: 331; stddev: 29.67; experts: 162; Sleeper match: matched_name. Near-draft proxy only; historical endpoint was finalized after the Bishop auction.,920
FantasyPros ECR,2024,2024-09-06,draft,half_ppr,276,WR98,K.J. Osborn,7066,WR,,,5,TEN,FantasyPros updated timestamp: 1725581975; average rank: 270.86; best: 168; worst: 444; stddev: 34.61; experts: 161; Sleeper match: matched_name. Near-draft proxy only; historical endpoint was finalized after the Bishop auction.,921
FantasyPros ECR,2024,2024-09-06,draft,half_ppr,277,K17,Daniel Carlson,5095,K,,,12,NO,FantasyPros updated timestamp: 1725581975; average rank: 265.32; best: 199; worst: 396; stddev: 29.95; experts: 159; Sleeper match: matched_name. Near-draft proxy only; historical endpoint was finalized after the Bishop auction.,922
FantasyPros ECR,2024,2024-09-06,draft,half_ppr,278,DST17,Jacksonville Jaguars,JAC,DEF,,,12,JAC,FantasyPros updated timestamp: 1725581975; average rank: 251.27; best: 189; worst: 365; stddev: 35.37; experts: 154; Sleeper match: team_abbreviation. Near-draft proxy only; historical endpoint was finalized after the Bishop auction.,923
FantasyPros ECR,2024,2024-09-06,draft,half_ppr,279,DST18,Minnesota Vikings,MIN,DEF,,,6,MIN,FantasyPros updated timestamp: 1725581975; average rank: 253.32; best: 175; worst: 367; stddev: 47.05; experts: 153; Sleeper match: team_abbreviation. Near-draft proxy only; historical endpoint was finalized after the Bishop auction.,924
FantasyPros ECR,2024,2024-09-06,draft,half_ppr,280,WR99,Alec Pierce,8142,WR,,,14,IND,FantasyPros updated timestamp: 1725581975; average rank: 265.33; best: 178; worst: 345; stddev: 26.43; experts: 151; Sleeper match: matched_name. Near-draft proxy only; historical endpoint was finalized after the Bishop auction.,925
FantasyPros ECR,2024,2024-09-06,draft,half_ppr,281,WR100,Zay Jones,4080,WR,,,14,HOU,FantasyPros updated timestamp: 1725581975; average rank: 263.61; best: 151; worst: 403; stddev: 48.14; experts: 146; Sleeper match: matched_name. Near-draft proxy only; historical endpoint was finalized after the Bishop auction.,926
FantasyPros ECR,2024,2024-09-06,draft,half_ppr,282,RB79,Pierre Strong Jr.,8116,RB,,,10,GB,FantasyPros updated timestamp: 1725581975; average rank: 280.21; best: 206; worst: 359; stddev: 24.82; experts: 149; Sleeper match: matched_name. Near-draft proxy only; historical endpoint was finalized after the Bishop auction.,927
FantasyPros ECR,2024,2024-09-06,draft,half_ppr,283,DST19,Green Bay Packers,GB,DEF,,,10,GB,FantasyPros updated timestamp: 1725581975; average rank: 259.99; best: 187; worst: 375; stddev: 38.29; experts: 142; Sleeper match: team_abbreviation. Near-draft proxy only; historical endpoint was finalized after the Bishop auction.,928
FantasyPros ECR,2024,2024-09-06,draft,half_ppr,284,WR101,Cedric Tillman,10444,WR,,,,FA,FantasyPros updated timestamp: 1725581975; average rank: 273.74; best: 204; worst: 378; stddev: 28.30; experts: 146; Sleeper match: matched_name. Near-draft proxy only; historical endpoint was finalized after the Bishop auction.,929
FantasyPros ECR,2024,2024-09-06,draft,half_ppr,285,RB80,Deuce Vaughn,9505,RB,,,,FA,FantasyPros updated timestamp: 1725581975; average rank: 288.24; best: 227; worst: 404; stddev: 27.64; experts: 148; Sleeper match: matched_name. Near-draft proxy only; historical endpoint was finalized after the Bishop auction.,930
FantasyPros ECR,2024,2024-09-06,draft,half_ppr,286,TE36,Colby Parkinson,6865,TE,,,6,LAR,FantasyPros updated timestamp: 1725581975; average rank: 232.33; best: 110; worst: 398; stddev: 45.79; experts: 131; Sleeper match: matched_name. Near-draft proxy only; historical endpoint was finalized after the Bishop auction.,931
FantasyPros ECR,2024,2024-09-06,draft,half_ppr,287,WR102,Trey Palmer,9492,WR,,,12,NO,FantasyPros updated timestamp: 1725581975; average rank: 276.94; best: 178; worst: 333; stddev: 24.47; experts: 143; Sleeper match: matched_name. Near-draft proxy only; historical endpoint was finalized after the Bishop auction.,932
FantasyPros ECR,2024,2024-09-06,draft,half_ppr,288,QB34,Jacoby Brissett,3257,QB,,,11,ARI,FantasyPros updated timestamp: 1725581975; average rank: 292.18; best: 194; worst: 683; stddev: 42.05; experts: 148; Sleeper match: matched_name. Near-draft proxy only; historical endpoint was finalized after the Bishop auction.,933
FantasyPros ECR,2024,2024-09-06,draft,half_ppr,289,WR103,Noah Brown,4234,WR,,,,FA,FantasyPros updated timestamp: 1725581975; average rank: 272.09; best: 151; worst: 336; stddev: 36.95; experts: 141; Sleeper match: matched_name. Near-draft proxy only; historical endpoint was finalized after the Bishop auction.,934
FantasyPros ECR,2024,2024-09-06,draft,half_ppr,290,WR104,Devontez Walker,11629,WR,,,14,BAL,FantasyPros updated timestamp: 1725581975; average rank: 282.68; best: 192; worst: 372; stddev: 33.04; experts: 144; Sleeper match: matched_name. Near-draft proxy only; historical endpoint was finalized after the Bishop auction.,935
FantasyPros ECR,2024,2024-09-06,draft,half_ppr,291,RB81,D'Ernest Johnson,6694,RB,,,5,TEN,FantasyPros updated timestamp: 1725581975; average rank: 291.04; best: 230; worst: 399; stddev: 20.26; experts: 142; Sleeper match: matched_name. Near-draft proxy only; historical endpoint was finalized after the Bishop auction.,936
FantasyPros ECR,2024,2024-09-06,draft,half_ppr,292,RB82,Isaac Guerendo,11651,RB,,,9,SF,FantasyPros updated timestamp: 1725581975; average rank: 288.17; best: 190; worst: 478; stddev: 31.62; experts: 139; Sleeper match: matched_name. Near-draft proxy only; historical endpoint was finalized after the Bishop auction.,937
FantasyPros ECR,2024,2024-09-06,draft,half_ppr,293,RB83,Emari Demercado,11199,RB,,,6,KC,FantasyPros updated timestamp: 1725581975; average rank: 298.10; best: 235; worst: 514; stddev: 27.06; experts: 141; Sleeper match: matched_name. Near-draft proxy only; historical endpoint was finalized after the Bishop auction.,938
FantasyPros ECR,2024,2024-09-06,draft,half_ppr,294,K18,Blake Grupe,11058,K,,,14,IND,FantasyPros updated timestamp: 1725581975; average rank: 285.59; best: 206; worst: 392; stddev: 33.21; experts: 136; Sleeper match: matched_name. Near-draft proxy only; historical endpoint was finalized after the Bishop auction.,939
FantasyPros ECR,2024,2024-09-06,draft,half_ppr,295,QB35,Aidan O'Connell,10866,QB,,,10,LV,FantasyPros updated timestamp: 1725581975; average rank: 302.03; best: 231; worst: 653; stddev: 38.10; experts: 140; Sleeper match: matched_name. Near-draft proxy only; historical endpoint was finalized after the Bishop auction.,940
FantasyPros ECR,2024,2024-09-06,draft,half_ppr,296,TE37,Theo Johnson,11597,TE,,,11,NYG,FantasyPros updated timestamp: 1725581975; average rank: 262.81; best: 157; worst: 371; stddev: 33.26; experts: 122; Sleeper match: matched_name. Near-draft proxy only; historical endpoint was finalized after the Bishop auction.,941
FantasyPros ECR,2024,2024-09-06,draft,half_ppr,297,RB84,Dalvin Cook,4029,RB,,,,FA,FantasyPros updated timestamp: 1725581975; average rank: 274.97; best: 136; worst: 390; stddev: 42.97; experts: 124; Sleeper match: matched_name. Near-draft proxy only; historical endpoint was finalized after the Bishop auction.,942
FantasyPros ECR,2024,2024-09-06,draft,half_ppr,298,RB85,Jeff Wilson Jr.,5284,RB,,,,FA,FantasyPros updated timestamp: 1725581975; average rank: 298.35; best: 231; worst: 525; stddev: 37.28; experts: 130; Sleeper match: matched_name. Near-draft proxy only; historical endpoint was finalized after the Bishop auction.,943
FantasyPros ECR,2024,2024-09-06,draft,half_ppr,299,DST20,Las Vegas Raiders,LV,DEF,,,10,LV,FantasyPros updated timestamp: 1725581975; average rank: 266.65; best: 187; worst: 384; stddev: 41.85; experts: 121; Sleeper match: team_abbreviation. Near-draft proxy only; historical endpoint was finalized after the Bishop auction.,944
FantasyPros ECR,2024,2024-09-06,draft,half_ppr,300,WR105,Brenden Rice,11621,WR,,,,FA,FantasyPros updated timestamp: 1725581975; average rank: 291.22; best: 191; worst: 397; stddev: 32.00; experts: 126; Sleeper match: matched_name. Near-draft proxy only; historical endpoint was finalized after the Bishop auction.,945
FantasyPros ECR,2024,2024-09-06,draft,half_ppr,301,RB86,Israel Abanikanda,9227,RB,,,7,DAL,FantasyPros updated timestamp: 1725581975; average rank: 301.36; best: 232; worst: 485; stddev: 29.45; experts: 127; Sleeper match: matched_name. Near-draft proxy only; historical endpoint was finalized after the Bishop auction.,946
FantasyPros ECR,2024,2024-09-06,draft,half_ppr,302,RB87,Ronnie Rivers,8195,RB,,,6,LAR,FantasyPros updated timestamp: 1725581975; average rank: 309.33; best: 243; worst: 492; stddev: 26.27; experts: 129; Sleeper match: matched_name. Near-draft proxy only; historical endpoint was finalized after the Bishop auction.,947
FantasyPros ECR,2024,2024-09-06,draft,half_ppr,303,WR106,Jacob Cowing,11616,WR,,,9,SF,FantasyPros updated timestamp: 1725581975; average rank: 295.22; best: 203; worst: 443; stddev: 34.25; experts: 123; Sleeper match: matched_name. Near-draft proxy only; historical endpoint was finalized after the Bishop auction.,948
FantasyPros ECR,2024,2024-09-06,draft,half_ppr,304,RB88,Evan Hull,9220,RB,,,11,ARI,FantasyPros updated timestamp: 1725581975; average rank: 295.25; best: 189; worst: 494; stddev: 41.60; experts: 119; Sleeper match: matched_name. Near-draft proxy only; historical endpoint was finalized after the Bishop auction.,949
FantasyPros ECR,2024,2024-09-06,draft,half_ppr,305,DST21,Denver Broncos,DEN,DEF,,,14,DEN,FantasyPros updated timestamp: 1725581975; average rank: 265.75; best: 182; worst: 367; stddev: 47.90; experts: 105; Sleeper match: team_abbreviation. Near-draft proxy only; historical endpoint was finalized after the Bishop auction.,950
FantasyPros ECR,2024,2024-09-06,draft,half_ppr,306,TE38,Hayden Hurst,4973,TE,,,,FA,FantasyPros updated timestamp: 1725581975; average rank: 274.48; best: 179; worst: 359; stddev: 33.69; experts: 106; Sleeper match: matched_name. Near-draft proxy only; historical endpoint was finalized after the Bishop auction.,951
FantasyPros ECR,2024,2024-09-06,draft,half_ppr,307,RB89,Chris Rodriguez Jr.,10219,RB,,,12,JAC,FantasyPros updated timestamp: 1725581975; average rank: 306.03; best: 251; worst: 488; stddev: 31.41; experts: 109; Sleeper match: matched_name. Near-draft proxy only; historical endpoint was finalized after the Bishop auction.,952
FantasyPros ECR,2024,2024-09-06,draft,half_ppr,308,WR107,Robert Woods,1352,WR,,,,FA,FantasyPros updated timestamp: 1725581975; average rank: 309.07; best: 238; worst: 511; stddev: 34.46; experts: 109; Sleeper match: matched_name. Near-draft proxy only; historical endpoint was finalized after the Bishop auction.,953
FantasyPros ECR,2024,2024-09-06,draft,half_ppr,309,RB90,Carson Steele,11582,RB,,,,FA,FantasyPros updated timestamp: 1725581975; average rank: 276.14; best: 163; worst: 416; stddev: 46.63; experts: 101; Sleeper match: matched_name. Near-draft proxy only; historical endpoint was finalized after the Bishop auction.,954
FantasyPros ECR,2024,2024-09-06,draft,half_ppr,310,RB91,Michael Carter,7607,RB,,,5,TEN,FantasyPros updated timestamp: 1725581975; average rank: 298.97; best: 237; worst: 433; stddev: 35.16; experts: 106; Sleeper match: matched_name_position. Near-draft proxy only; historical endpoint was finalized after the Bishop auction.,955
FantasyPros ECR,2024,2024-09-06,draft,half_ppr,311,TE39,Tyler Higbee,3271,TE,,,6,LAR,FantasyPros updated timestamp: 1725581975; average rank: 288.06; best: 202; worst: 385; stddev: 38.56; experts: 102; Sleeper match: matched_name. Near-draft proxy only; historical endpoint was finalized after the Bishop auction.,956
FantasyPros ECR,2024,2024-09-06,draft,half_ppr,312,WR108,Malik Washington,11610,WR,,,6,MIA,FantasyPros updated timestamp: 1725581975; average rank: 265.64; best: 149; worst: 373; stddev: 47.13; experts: 97; Sleeper match: matched_name. Near-draft proxy only; historical endpoint was finalized after the Bishop auction.,957
FantasyPros ECR,2024,2024-09-06,draft,half_ppr,313,WR109,Tyler Scott,9490,WR,,,6,LAR,FantasyPros updated timestamp: 1725581975; average rank: 309.72; best: 254; worst: 473; stddev: 32.44; experts: 107; Sleeper match: matched_name. Near-draft proxy only; historical endpoint was finalized after the Bishop auction.,958
FantasyPros ECR,2024,2024-09-06,draft,half_ppr,314,WR110,Dyami Brown,7587,WR,,,14,WAS,FantasyPros updated timestamp: 1725581975; average rank: 258.68; best: 153; worst: 403; stddev: 50.82; experts: 93; Sleeper match: matched_name. Near-draft proxy only; historical endpoint was finalized after the Bishop auction.,959
FantasyPros ECR,2024,2024-09-06,draft,half_ppr,315,TE40,Kylen Granson,7602,TE,,,5,TEN,FantasyPros updated timestamp: 1725581975; average rank: 285.86; best: 157; worst: 385; stddev: 40.54; experts: 97; Sleeper match: matched_name. Near-draft proxy only; historical endpoint was finalized after the Bishop auction.,960
FantasyPros ECR,2024,2024-09-06,draft,half_ppr,316,WR111,Kalif Raymond,3634,WR,,,7,CHI,FantasyPros updated timestamp: 1725581975; average rank: 267.53; best: 171; worst: 395; stddev: 38.47; experts: 91; Sleeper match: matched_name. Near-draft proxy only; historical endpoint was finalized after the Bishop auction.,961
FantasyPros ECR,2024,2024-09-06,draft,half_ppr,317,WR112,Tre Tucker,10213,WR,,,10,LV,FantasyPros updated timestamp: 1725581975; average rank: 259.56; best: 161; worst: 378; stddev: 44.66; experts: 87; Sleeper match: matched_name. Near-draft proxy only; historical endpoint was finalized after the Bishop auction.,962
FantasyPros ECR,2024,2024-09-06,draft,half_ppr,318,TE41,Daniel Bellinger,8225,TE,,,5,TEN,FantasyPros updated timestamp: 1725581975; average rank: 289.51; best: 173; worst: 379; stddev: 37.10; experts: 92; Sleeper match: matched_name. Near-draft proxy only; historical endpoint was finalized after the Bishop auction.,963
FantasyPros ECR,2024,2024-09-06,draft,half_ppr,319,WR113,Tutu Atwell,7562,WR,,,6,LAR,FantasyPros updated timestamp: 1725581975; average rank: 302.82; best: 164; worst: 559; stddev: 42.92; experts: 94; Sleeper match: matched_name. Near-draft proxy only; historical endpoint was finalized after the Bishop auction.,964
FantasyPros ECR,2024,2024-09-06,draft,half_ppr,320,RB92,Ty Johnson,6039,RB,,,12,BUF,FantasyPros updated timestamp: 1725581975; average rank: 302.42; best: 231; worst: 388; stddev: 30.23; experts: 92; Sleeper match: matched_name. Near-draft proxy only; historical endpoint was finalized after the Bishop auction.,965
FantasyPros ECR,2024,2024-09-06,draft,half_ppr,321,RB93,Rasheen Ali,11570,RB,,,14,BAL,FantasyPros updated timestamp: 1725581975; average rank: 309.04; best: 199; worst: 405; stddev: 32.60; experts: 93; Sleeper match: matched_name. Near-draft proxy only; historical endpoint was finalized after the Bishop auction.,966
FantasyPros ECR,2024,2024-09-06,draft,half_ppr,322,WR114,Van Jefferson,6853,WR,,,14,WAS,FantasyPros updated timestamp: 1725581975; average rank: 276.32; best: 149; worst: 371; stddev: 47.17; experts: 86; Sleeper match: matched_name. Near-draft proxy only; historical endpoint was finalized after the Bishop auction.,967
FantasyPros ECR,2024,2024-09-06,draft,half_ppr,323,RB94,Emanuel Wilson,11435,RB,,,10,SEA,FantasyPros updated timestamp: 1725581975; average rank: 282.70; best: 187; worst: 459; stddev: 49.35; experts: 87; Sleeper match: matched_name. Near-draft proxy only; historical endpoint was finalized after the Bishop auction.,968
FantasyPros ECR,2024,2024-09-06,draft,half_ppr,324,WR115,Jauan Jennings,7049,WR,,,6,MIN,FantasyPros updated timestamp: 1725581975; average rank: 290.63; best: 194; worst: 394; stddev: 36.40; experts: 79; Sleeper match: matched_name. Near-draft proxy only; historical endpoint was finalized after the Bishop auction.,969
FantasyPros ECR,2024,2024-09-06,draft,half_ppr,325,DST22,New England Patriots,NE,DEF,,,14,NE,FantasyPros updated timestamp: 1725581975; average rank: 258.78; best: 185; worst: 369; stddev: 50.65; experts: 73; Sleeper match: team_abbreviation. Near-draft proxy only; historical endpoint was finalized after the Bishop auction.,970
FantasyPros ECR,2024,2024-09-06,draft,half_ppr,326,WR116,Jordan Whittington,11623,WR,,,6,LAR,FantasyPros updated timestamp: 1725581975; average rank: 282.86; best: 178; worst: 380; stddev: 50.86; experts: 75; Sleeper match: matched_name. Near-draft proxy only; historical endpoint was finalized after the Bishop auction.,971
FantasyPros ECR,2024,2024-09-06,draft,half_ppr,327,TE42,Will Dissly,5010,TE,,,,FA,FantasyPros updated timestamp: 1725581975; average rank: 294.85; best: 146; worst: 388; stddev: 42.25; experts: 75; Sleeper match: matched_name. Near-draft proxy only; historical endpoint was finalized after the Bishop auction.,972
FantasyPros ECR,2024,2024-09-06,draft,half_ppr,328,WR117,Nelson Agholor,2325,WR,,,,FA,FantasyPros updated timestamp: 1725581975; average rank: 279.50; best: 148; worst: 383; stddev: 39.93; experts: 71; Sleeper match: matched_name. Near-draft proxy only; historical endpoint was finalized after the Bishop auction.,973
FantasyPros ECR,2024,2024-09-06,draft,half_ppr,329,WR118,Tim Patrick,4351,WR,,,12,NYJ,FantasyPros updated timestamp: 1725581975; average rank: 300.61; best: 180; worst: 604; stddev: 67.36; experts: 73; Sleeper match: matched_name. Near-draft proxy only; historical endpoint was finalized after the Bishop auction.,974
FantasyPros ECR,2024,2024-09-06,draft,half_ppr,330,QB36,Michael Penix Jr.,11559,QB,,,12,ATL,FantasyPros updated timestamp: 1725581975; average rank: 322.75; best: 241; worst: 658; stddev: 51.76; experts: 76; Sleeper match: matched_name. Near-draft proxy only; historical endpoint was finalized after the Bishop auction.,975
FantasyPros ECR,2024,2024-09-06,draft,half_ppr,331,WR119,Jalen Nailor,8180,WR,,,10,LV,FantasyPros updated timestamp: 1725581975; average rank: 270.32; best: 177; worst: 382; stddev: 45.94; experts: 66; Sleeper match: matched_name. Near-draft proxy only; historical endpoint was finalized after the Bishop auction.,976
FantasyPros ECR,2024,2024-09-06,draft,half_ppr,332,WR120,Calvin Austin III,8125,WR,,,11,NYG,FantasyPros updated timestamp: 1725581975; average rank: 296.74; best: 166; worst: 387; stddev: 42.42; experts: 70; Sleeper match: matched_name. Near-draft proxy only; historical endpoint was finalized after the Bishop auction.,977
FantasyPros ECR,2024,2024-09-06,draft,half_ppr,333,RB95,Kareem Hunt,4098,RB,,,,FA,FantasyPros updated timestamp: 1725581975; average rank: 310.59; best: 250; worst: 553; stddev: 42.68; experts: 72; Sleeper match: matched_name. Near-draft proxy only; historical endpoint was finalized after the Bishop auction.,978
FantasyPros ECR,2024,2024-09-06,draft,half_ppr,334,RB96,Jerick McKinnon,2161,RB,,,,FA,FantasyPros updated timestamp: 1725581975; average rank: 316.79; best: 237; worst: 516; stddev: 44.85; experts: 73; Sleeper match: matched_name. Near-draft proxy only; historical endpoint was finalized after the Bishop auction.,979
FantasyPros ECR,2024,2024-09-06,draft,half_ppr,335,WR121,Allen Lazard,5185,WR,,,,FA,FantasyPros updated timestamp: 1725581975; average rank: 292.01; best: 183; worst: 495; stddev: 47.37; experts: 68; Sleeper match: matched_name. Near-draft proxy only; historical endpoint was finalized after the Bishop auction.,980
FantasyPros ECR,2024,2024-09-06,draft,half_ppr,336,K19,Jake Bates,11539,K,,,5,DET,FantasyPros updated timestamp: 1725581975; average rank: 264.69; best: 186; worst: 432; stddev: 53.42; experts: 63; Sleeper match: matched_name. Near-draft proxy only; historical endpoint was finalized after the Bishop auction.,981
FantasyPros ECR,2024,2024-09-06,draft,half_ppr,337,WR122,Ray-Ray McCloud III,5096,WR,,,7,CHI,FantasyPros updated timestamp: 1725581975; average rank: 269.21; best: 188; worst: 369; stddev: 51.02; experts: 62; Sleeper match: matched_name. Near-draft proxy only; historical endpoint was finalized after the Bishop auction.,982
FantasyPros ECR,2024,2024-09-06,draft,half_ppr,338,RB97,Isaiah Spiller,8153,RB,,,,FA,FantasyPros updated timestamp: 1725581975; average rank: 317.25; best: 280; worst: 481; stddev: 33.62; experts: 69; Sleeper match: matched_name. Near-draft proxy only; historical endpoint was finalized after the Bishop auction.,983
FantasyPros ECR,2024,2024-09-06,draft,half_ppr,339,DST23,Tampa Bay Buccaneers,TB,DEF,,,11,TB,FantasyPros updated timestamp: 1725581975; average rank: 276.86; best: 187; worst: 362; stddev: 41.50; experts: 60; Sleeper match: team_abbreviation. Near-draft proxy only; historical endpoint was finalized after the Bishop auction.,984
FantasyPros ECR,2024,2024-09-06,draft,half_ppr,340,DST24,Seattle Seahawks,SEA,DEF,,,10,SEA,FantasyPros updated timestamp: 1725581975; average rank: 279.56; best: 182; worst: 395; stddev: 52.73; experts: 58; Sleeper match: team_abbreviation. Near-draft proxy only; historical endpoint was finalized after the Bishop auction.,985
FantasyPros ECR,2024,2024-09-06,draft,half_ppr,341,WR123,Marquez Valdes-Scantling,5086,WR,,,7,DAL,FantasyPros updated timestamp: 1725581975; average rank: 319.15; best: 195; worst: 563; stddev: 52.78; experts: 63; Sleeper match: matched_name. Near-draft proxy only; historical endpoint was finalized after the Bishop auction.,986
FantasyPros ECR,2024,2024-09-06,draft,half_ppr,342,DST25,Atlanta Falcons,ATL,DEF,,,12,ATL,FantasyPros updated timestamp: 1725581975; average rank: 279.36; best: 193; worst: 393; stddev: 53.79; experts: 57; Sleeper match: team_abbreviation. Near-draft proxy only; historical endpoint was finalized after the Bishop auction.,987
FantasyPros ECR,2024,2024-09-06,draft,half_ppr,343,WR124,Kadarius Toney,7606,WR,,,,FA,FantasyPros updated timestamp: 1725581975; average rank: 307.47; best: 249; worst: 508; stddev: 48.32; experts: 60; Sleeper match: matched_name. Near-draft proxy only; historical endpoint was finalized after the Bishop auction.,988
FantasyPros ECR,2024,2024-09-06,draft,half_ppr,344,RB98,Craig Reynolds,6659,RB,,,,FA,FantasyPros updated timestamp: 1725581975; average rank: 325.23; best: 249; worst: 490; stddev: 35.86; experts: 62; Sleeper match: matched_name. Near-draft proxy only; historical endpoint was finalized after the Bishop auction.,989
FantasyPros ECR,2024,2024-09-06,draft,half_ppr,345,WR125,Bo Melton,8204,WR,,,10,GB,FantasyPros updated timestamp: 1725581975; average rank: 319.55; best: 216; worst: 487; stddev: 50.09; experts: 61; Sleeper match: matched_name. Near-draft proxy only; historical endpoint was finalized after the Bishop auction.,990
FantasyPros ECR,2024,2024-09-06,draft,half_ppr,346,TE43,Noah Gray,7828,TE,,,6,KC,FantasyPros updated timestamp: 1725581975; average rank: 314.49; best: 174; worst: 402; stddev: 38.11; experts: 60; Sleeper match: matched_name. Near-draft proxy only; historical endpoint was finalized after the Bishop auction.,991
FantasyPros ECR,2024,2024-09-06,draft,half_ppr,347,WR126,Xavier Gipson,11306,WR,,,11,NYG,FantasyPros updated timestamp: 1725581975; average rank: 299.69; best: 206; worst: 351; stddev: 41.50; experts: 56; Sleeper match: matched_name. Near-draft proxy only; historical endpoint was finalized after the Bishop auction.,992
FantasyPros ECR,2024,2024-09-06,draft,half_ppr,348,RB99,Salvon Ahmed,6918,RB,,,7,CHI,FantasyPros updated timestamp: 1725581975; average rank: 324.83; best: 291; worst: 551; stddev: 38.86; experts: 59; Sleeper match: matched_name. Near-draft proxy only; historical endpoint was finalized after the Bishop auction.,993
FantasyPros ECR,2024,2024-09-06,draft,half_ppr,349,WR127,John Metchie III,8147,WR,,,11,CAR,FantasyPros updated timestamp: 1725581975; average rank: 325.09; best: 214; worst: 415; stddev: 45.97; experts: 58; Sleeper match: matched_name. Near-draft proxy only; historical endpoint was finalized after the Bishop auction.,994
FantasyPros ECR,2024,2024-09-06,draft,half_ppr,350,QB37,Sam Howell,8162,QB,,,7,DAL,FantasyPros updated timestamp: 1725581975; average rank: 330.67; best: 254; worst: 654; stddev: 54.10; experts: 56; Sleeper match: matched_name. Near-draft proxy only; historical endpoint was finalized after the Bishop auction.,995
FantasyPros ECR,2024,2024-09-06,draft,half_ppr,351,QB38,Drew Lock,5854,QB,,,10,SEA,FantasyPros updated timestamp: 1725581975; average rank: 333.20; best: 247; worst: 655; stddev: 53.27; experts: 56; Sleeper match: matched_name. Near-draft proxy only; historical endpoint was finalized after the Bishop auction.,996
FantasyPros ECR,2024,2024-09-06,draft,half_ppr,352,WR128,Justin Watson,5374,WR,,,14,HOU,FantasyPros updated timestamp: 1725581975; average rank: 321.62; best: 220; worst: 392; stddev: 39.29; experts: 54; Sleeper match: matched_name. Near-draft proxy only; historical endpoint was finalized after the Bishop auction.,997
FantasyPros ECR,2024,2024-09-06,draft,half_ppr,353,RB100,Deneric Prince,10870,RB,,,,FA,FantasyPros updated timestamp: 1725581975; average rank: 329.81; best: 215; worst: 550; stddev: 54.83; experts: 54; Sleeper match: matched_name. Near-draft proxy only; historical endpoint was finalized after the Bishop auction.,998
FantasyPros ECR,2024,2024-09-06,draft,half_ppr,354,TE44,Tanner Hudson,5409,TE,,,12,CIN,FantasyPros updated timestamp: 1725581975; average rank: 327.48; best: 222; worst: 391; stddev: 39.54; experts: 53; Sleeper match: matched_name. Near-draft proxy only; historical endpoint was finalized after the Bishop auction.,999
FantasyPros ECR,2024,2024-09-06,draft,half_ppr,355,RB101,Isaiah Davis,11571,RB,,,12,NYJ,FantasyPros updated timestamp: 1725581975; average rank: 313.94; best: 249; worst: 384; stddev: 35.62; experts: 51; Sleeper match: matched_name. Near-draft proxy only; historical endpoint was finalized after the Bishop auction.,1000
FantasyPros ECR,2024,2024-09-06,draft,half_ppr,356,WR129,Olamide Zaccheaus,6271,WR,,,12,ATL,FantasyPros updated timestamp: 1725581975; average rank: 309.49; best: 212; worst: 464; stddev: 50.25; experts: 50; Sleeper match: matched_name. Near-draft proxy only; historical endpoint was finalized after the Bishop auction.,1001
FantasyPros ECR,2024,2024-09-06,draft,half_ppr,357,WR130,Cedrick Wilson Jr.,5113,WR,,,,FA,FantasyPros updated timestamp: 1725581975; average rank: 320.02; best: 219; worst: 437; stddev: 48.16; experts: 51; Sleeper match: matched_name. Near-draft proxy only; historical endpoint was finalized after the Bishop auction.,1002
FantasyPros ECR,2024,2024-09-06,draft,half_ppr,358,K20,Matt Prater,17,K,,,,FA,FantasyPros updated timestamp: 1725581975; average rank: 291.78; best: 204; worst: 381; stddev: 53.88; experts: 47; Sleeper match: matched_name. Near-draft proxy only; historical endpoint was finalized after the Bishop auction.,1003
FantasyPros ECR,2024,2024-09-06,draft,half_ppr,359,TE45,Erick All Jr.,11592,TE,,,12,CIN,FantasyPros updated timestamp: 1725581975; average rank: 336.04; best: 230; worst: 412; stddev: 40.02; experts: 52; Sleeper match: matched_name. Near-draft proxy only; historical endpoint was finalized after the Bishop auction.,1004
FantasyPros ECR,2024,2024-09-06,draft,half_ppr,360,WR131,Parker Washington,9487,WR,,,12,JAC,FantasyPros updated timestamp: 1725581975; average rank: 333.65; best: 244; worst: 394; stddev: 42.22; experts: 50; Sleeper match: matched_name. Near-draft proxy only; historical endpoint was finalized after the Bishop auction.,1005
FantasyPros ECR,2024,2024-09-06,draft,half_ppr,361,WR132,Mack Hollins,4177,WR,,,14,NE,FantasyPros updated timestamp: 1725581975; average rank: 318.47; best: 180; worst: 406; stddev: 49.20; experts: 48; Sleeper match: matched_name. Near-draft proxy only; historical endpoint was finalized after the Bishop auction.,1006
FantasyPros ECR,2024,2024-09-06,draft,half_ppr,362,TE46,Johnny Mundt,4314,TE,,,5,PHI,FantasyPros updated timestamp: 1725581975; average rank: 326.26; best: 237; worst: 400; stddev: 39.46; experts: 48; Sleeper match: matched_name. Near-draft proxy only; historical endpoint was finalized after the Bishop auction.,1007
FantasyPros ECR,2024,2024-09-06,draft,half_ppr,363,TE47,Tommy Tremble,7694,TE,,,11,CAR,FantasyPros updated timestamp: 1725581975; average rank: 343.35; best: 254; worst: 417; stddev: 36.38; experts: 50; Sleeper match: matched_name. Near-draft proxy only; historical endpoint was finalized after the Bishop auction.,1008
FantasyPros ECR,2024,2024-09-06,draft,half_ppr,364,QB39,Jameis Winston,2306,QB,,,11,NYG,FantasyPros updated timestamp: 1725581975; average rank: 346.90; best: 257; worst: 656; stddev: 58.60; experts: 50; Sleeper match: matched_name. Near-draft proxy only; historical endpoint was finalized after the Bishop auction.,1009
FantasyPros ECR,2024,2024-09-06,draft,half_ppr,365,RB102,Royce Freeman,5046,RB,,,,FA,FantasyPros updated timestamp: 1725581975; average rank: 330.94; best: 283; worst: 428; stddev: 36.50; experts: 48; Sleeper match: matched_name. Near-draft proxy only; historical endpoint was finalized after the Bishop auction.,1010
FantasyPros ECR,2024,2024-09-06,draft,half_ppr,366,K21,Chris Boswell,1945,K,,,9,PIT,FantasyPros updated timestamp: 1725581975; average rank: 304.89; best: 228; worst: 398; stddev: 43.27; experts: 45; Sleeper match: matched_name. Near-draft proxy only; historical endpoint was finalized after the Bishop auction.,1011
FantasyPros ECR,2024,2024-09-06,draft,half_ppr,367,TE48,Brevin Jordan,7568,TE,,,14,HOU,FantasyPros updated timestamp: 1725581975; average rank: 345.38; best: 270; worst: 421; stddev: 33.86; experts: 49; Sleeper match: matched_name. Near-draft proxy only; historical endpoint was finalized after the Bishop auction.,1012
FantasyPros ECR,2024,2024-09-06,draft,half_ppr,368,WR133,Michael Thomas,3199,WR,,,,FA,FantasyPros updated timestamp: 1725581975; average rank: 321.16; best: 226; worst: 505; stddev: 59.91; experts: 46; Sleeper match: matched_name. Near-draft proxy only; historical endpoint was finalized after the Bishop auction.,1013
FantasyPros ECR,2024,2024-09-06,draft,half_ppr,369,K22,Joshua Karty,11789,K,,,,FA,FantasyPros updated timestamp: 1725581975; average rank: 286.17; best: 206; worst: 469; stddev: 58.14; experts: 42; Sleeper match: matched_name. Near-draft proxy only; historical endpoint was finalized after the Bishop auction.,1014
FantasyPros ECR,2024,2024-09-06,draft,half_ppr,370,TE49,Jeremy Ruckert,8145,TE,,,12,NYJ,FantasyPros updated timestamp: 1725581975; average rank: 343.40; best: 223; worst: 399; stddev: 35.32; experts: 46; Sleeper match: matched_name. Near-draft proxy only; historical endpoint was finalized after the Bishop auction.,1015
FantasyPros ECR,2024,2024-09-06,draft,half_ppr,371,DST26,New York Giants,NYG,DEF,,,11,NYG,FantasyPros updated timestamp: 1725581975; average rank: 297.68; best: 210; worst: 397; stddev: 50.20; experts: 41; Sleeper match: team_abbreviation. Near-draft proxy only; historical endpoint was finalized after the Bishop auction.,1016
FantasyPros ECR,2024,2024-09-06,draft,half_ppr,372,TE50,Josh Oliver,5973,TE,,,6,MIN,FantasyPros updated timestamp: 1725581975; average rank: 344.98; best: 260; worst: 402; stddev: 32.14; experts: 45; Sleeper match: matched_name. Near-draft proxy only; historical endpoint was finalized after the Bishop auction.,1017
FantasyPros ECR,2024,2024-09-06,draft,half_ppr,373,DST27,Los Angeles Chargers,LAC,DEF,,,5,LAC,FantasyPros updated timestamp: 1725581975; average rank: 293.08; best: 189; worst: 400; stddev: 51.01; experts: 39; Sleeper match: team_abbreviation. Near-draft proxy only; historical endpoint was finalized after the Bishop auction.,1018
FantasyPros ECR,2024,2024-09-06,draft,half_ppr,374,QB40,Joe Flacco,19,QB,,,12,CIN,FantasyPros updated timestamp: 1725581975; average rank: 345.07; best: 243; worst: 686; stddev: 63.88; experts: 44; Sleeper match: matched_name. Near-draft proxy only; historical endpoint was finalized after the Bishop auction.,1019
FantasyPros ECR,2024,2024-09-06,draft,half_ppr,375,K23,Chase McLaughlin,6650,K,,,11,TB,FantasyPros updated timestamp: 1725581975; average rank: 310.26; best: 246; worst: 389; stddev: 37.05; experts: 40; Sleeper match: matched_name. Near-draft proxy only; historical endpoint was finalized after the Bishop auction.,1020
FantasyPros ECR,2024,2024-09-06,draft,half_ppr,376,RB103,Joshua Kelley,7045,RB,,,,FA,FantasyPros updated timestamp: 1725581975; average rank: 327.58; best: 273; worst: 455; stddev: 41.19; experts: 41; Sleeper match: matched_name. Near-draft proxy only; historical endpoint was finalized after the Bishop auction.,1021
FantasyPros ECR,2024,2024-09-06,draft,half_ppr,377,WR134,Brandon Powell,5695,WR,,,,FA,FantasyPros updated timestamp: 1725581975; average rank: 337.40; best: 224; worst: 418; stddev: 40.84; experts: 41; Sleeper match: matched_name. Near-draft proxy only; historical endpoint was finalized after the Bishop auction.,1022
FantasyPros ECR,2024,2024-09-06,draft,half_ppr,378,DST28,Los Angeles Rams,LAR,DEF,,,6,LAR,FantasyPros updated timestamp: 1725581975; average rank: 306.78; best: 237; worst: 376; stddev: 37.85; experts: 38; Sleeper match: team_abbreviation. Near-draft proxy only; historical endpoint was finalized after the Bishop auction.,1023
FantasyPros ECR,2024,2024-09-06,draft,half_ppr,379,K24,Wil Lutz,3678,K,,,14,DEN,FantasyPros updated timestamp: 1725581975; average rank: 296.56; best: 236; worst: 395; stddev: 43.69; experts: 37; Sleeper match: matched_name. Near-draft proxy only; historical endpoint was finalized after the Bishop auction.,1024
FantasyPros ECR,2024,2024-09-06,draft,half_ppr,380,TE51,Cade Stover,11599,TE,,,14,HOU,FantasyPros updated timestamp: 1725581975; average rank: 340.18; best: 225; worst: 480; stddev: 48.90; experts: 41; Sleeper match: matched_name. Near-draft proxy only; historical endpoint was finalized after the Bishop auction.,1025
FantasyPros ECR,2024,2024-09-06,draft,half_ppr,381,WR135,Jake Bobo,10867,WR,,,10,SEA,FantasyPros updated timestamp: 1725581975; average rank: 337.59; best: 247; worst: 427; stddev: 47.24; experts: 40; Sleeper match: matched_name. Near-draft proxy only; historical endpoint was finalized after the Bishop auction.,1026
FantasyPros ECR,2024,2024-09-06,draft,half_ppr,382,RB104,Sean Tucker,9506,RB,,,11,TB,FantasyPros updated timestamp: 1725581975; average rank: 347.33; best: 251; worst: 426; stddev: 42.90; experts: 41; Sleeper match: matched_name. Near-draft proxy only; historical endpoint was finalized after the Bishop auction.,1027
FantasyPros ECR,2024,2024-09-06,draft,half_ppr,383,WR136,Tyquan Thornton,8188,WR,,,6,KC,FantasyPros updated timestamp: 1725581975; average rank: 332.03; best: 234; worst: 442; stddev: 53.65; experts: 39; Sleeper match: matched_name. Near-draft proxy only; historical endpoint was finalized after the Bishop auction.,1028
FantasyPros ECR,2024,2024-09-06,draft,half_ppr,384,WR137,Skyy Moore,8168,WR,,,10,GB,FantasyPros updated timestamp: 1725581975; average rank: 353.98; best: 269; worst: 570; stddev: 48.58; experts: 41; Sleeper match: matched_name. Near-draft proxy only; historical endpoint was finalized after the Bishop auction.,1029
FantasyPros ECR,2024,2024-09-06,draft,half_ppr,385,WR138,KaVontae Turpin,8917,WR,,,7,DAL,FantasyPros updated timestamp: 1725581975; average rank: 341.97; best: 253; worst: 418; stddev: 45.15; experts: 39; Sleeper match: matched_name. Near-draft proxy only; historical endpoint was finalized after the Bishop auction.,1030
FantasyPros ECR,2024,2024-09-06,draft,half_ppr,386,TE52,Darnell Washington,9479,TE,,,9,PIT,FantasyPros updated timestamp: 1725581975; average rank: 351.68; best: 229; worst: 454; stddev: 51.07; experts: 39; Sleeper match: matched_name. Near-draft proxy only; historical endpoint was finalized after the Bishop auction.,1031
FantasyPros ECR,2024,2024-09-06,draft,half_ppr,387,TE53,Davis Allen,10214,TE,,,6,LAR,FantasyPros updated timestamp: 1725581975; average rank: 343.78; best: 176; worst: 441; stddev: 60.65; experts: 38; Sleeper match: matched_name. Near-draft proxy only; historical endpoint was finalized after the Bishop auction.,1032
FantasyPros ECR,2024,2024-09-06,draft,half_ppr,388,WR139,Johnny Wilson,11636,WR,,,5,PHI,FantasyPros updated timestamp: 1725581975; average rank: 335.78; best: 221; worst: 567; stddev: 63.39; experts: 37; Sleeper match: matched_name. Near-draft proxy only; historical endpoint was finalized after the Bishop auction.,1033
FantasyPros ECR,2024,2024-09-06,draft,half_ppr,389,WR140,JuJu Smith-Schuster,4040,WR,,,,FA,FantasyPros updated timestamp: 1725581975; average rank: 350.81; best: 172; worst: 623; stddev: 70.22; experts: 38; Sleeper match: matched_name. Near-draft proxy only; historical endpoint was finalized after the Bishop auction.,1034
FantasyPros ECR,2024,2024-09-06,draft,half_ppr,390,RB105,Sione Vaki,11729,RB,,,5,DET,FantasyPros updated timestamp: 1725581975; average rank: 342.03; best: 249; worst: 455; stddev: 49.71; experts: 37; Sleeper match: matched_name. Near-draft proxy only; historical endpoint was finalized after the Bishop auction.,1035
FantasyPros ECR,2024,2024-09-06,draft,half_ppr,391,RB106,Ameer Abdullah,2359,RB,,,12,JAC,FantasyPros updated timestamp: 1725581975; average rank: 338.14; best: 235; worst: 401; stddev: 47.20; experts: 36; Sleeper match: matched_name. Near-draft proxy only; historical endpoint was finalized after the Bishop auction.,1036
FantasyPros ECR,2024,2024-09-06,draft,half_ppr,392,TE54,Adam Trautman,6869,TE,,,14,DEN,FantasyPros updated timestamp: 1725581975; average rank: 350.11; best: 250; worst: 436; stddev: 42.44; experts: 37; Sleeper match: matched_name. Near-draft proxy only; historical endpoint was finalized after the Bishop auction.,1037
FantasyPros ECR,2024,2024-09-06,draft,half_ppr,393,RB107,Kenny McIntosh,10216,RB,,,,FA,FantasyPros updated timestamp: 1725581975; average rank: 345.83; best: 263; worst: 417; stddev: 34.11; experts: 36; Sleeper match: matched_name. Near-draft proxy only; historical endpoint was finalized after the Bishop auction.,1038
FantasyPros ECR,2024,2024-09-06,draft,half_ppr,394,RB108,Kyle Juszczyk,1379,RB,,,9,SF,FantasyPros updated timestamp: 1725581975; average rank: 341.09; best: 274; worst: 408; stddev: 33.77; experts: 35; Sleeper match: matched_name. Near-draft proxy only; historical endpoint was finalized after the Bishop auction.,1039
FantasyPros ECR,2024,2024-09-06,draft,half_ppr,395,RB109,Matt Breida,4455,RB,,,,FA,FantasyPros updated timestamp: 1725581975; average rank: 324.75; best: 287; worst: 482; stddev: 40.62; experts: 33; Sleeper match: matched_name. Near-draft proxy only; historical endpoint was finalized after the Bishop auction.,1040
FantasyPros ECR,2024,2024-09-06,draft,half_ppr,396,K25,Cam Little,11786,K,,,12,JAC,FantasyPros updated timestamp: 1725581975; average rank: 313.58; best: 223; worst: 524; stddev: 69.60; experts: 32; Sleeper match: matched_name. Near-draft proxy only; historical endpoint was finalized after the Bishop auction.,1041
FantasyPros ECR,2024,2024-09-06,draft,half_ppr,397,TE55,Austin Hooper,3202,TE,,,12,ATL,FantasyPros updated timestamp: 1725581975; average rank: 352.62; best: 254; worst: 414; stddev: 38.23; experts: 35; Sleeper match: matched_name. Near-draft proxy only; historical endpoint was finalized after the Bishop auction.,1042
FantasyPros ECR,2024,2024-09-06,draft,half_ppr,398,RB110,Tyler Goodson,8207,RB,,,12,ATL,FantasyPros updated timestamp: 1725581975; average rank: 343.24; best: 245; worst: 491; stddev: 53.40; experts: 34; Sleeper match: matched_name. Near-draft proxy only; historical endpoint was finalized after the Bishop auction.,1043
FantasyPros ECR,2024,2024-09-06,draft,half_ppr,399,TE56,Mo Alie-Cox,4054,TE,,,14,IND,FantasyPros updated timestamp: 1725581975; average rank: 354.65; best: 266; worst: 492; stddev: 46.74; experts: 35; Sleeper match: matched_name. Near-draft proxy only; historical endpoint was finalized after the Bishop auction.,1044
FantasyPros ECR,2024,2024-09-06,draft,half_ppr,400,TE57,Josh Whyle,10212,TE,,,10,GB,FantasyPros updated timestamp: 1725581975; average rank: 345.73; best: 273; worst: 426; stddev: 37.38; experts: 34; Sleeper match: matched_name. Near-draft proxy only; historical endpoint was finalized after the Bishop auction.,1045
FantasyPros ECR,2024,2024-09-06,draft,half_ppr,401,TE58,Donald Parham Jr.,6074,TE,,,,FA,FantasyPros updated timestamp: 1725581975; average rank: 341.75; best: 274; worst: 452; stddev: 39.21; experts: 33; Sleeper match: matched_name. Near-draft proxy only; historical endpoint was finalized after the Bishop auction.,1046
FantasyPros ECR,2024,2024-09-06,draft,half_ppr,402,WR141,Trenton Irwin,6598,WR,,,9,SF,FantasyPros updated timestamp: 1725581975; average rank: 365.82; best: 269; worst: 482; stddev: 45.88; experts: 35; Sleeper match: matched_name. Near-draft proxy only; historical endpoint was finalized after the Bishop auction.,1047
FantasyPros ECR,2024,2024-09-06,draft,half_ppr,403,WR142,Ryan Flournoy,11783,WR,,,7,DAL,FantasyPros updated timestamp: 1725581975; average rank: 369.50; best: 264; worst: 518; stddev: 53.80; experts: 35; Sleeper match: matched_name. Near-draft proxy only; historical endpoint was finalized after the Bishop auction.,1048
FantasyPros ECR,2024,2024-09-06,draft,half_ppr,404,TE59,Foster Moreau,5985,TE,,,14,HOU,FantasyPros updated timestamp: 1725581975; average rank: 362.91; best: 317; worst: 433; stddev: 32.96; experts: 34; Sleeper match: matched_name. Near-draft proxy only; historical endpoint was finalized after the Bishop auction.,1049
FantasyPros ECR,2024,2024-09-06,draft,half_ppr,405,RB111,Jase McClellan,11590,RB,,,,FA,FantasyPros updated timestamp: 1725581975; average rank: 367.06; best: 296; worst: 421; stddev: 38.94; experts: 34; Sleeper match: matched_name. Near-draft proxy only; historical endpoint was finalized after the Bishop auction.,1050
FantasyPros ECR,2024,2024-09-06,draft,half_ppr,406,QB41,Nick Mullens,4464,QB,,,,FA,FantasyPros updated timestamp: 1725581975; average rank: 360.75; best: 292; worst: 662; stddev: 65.68; experts: 33; Sleeper match: matched_name. Near-draft proxy only; historical endpoint was finalized after the Bishop auction.,1051
FantasyPros ECR,2024,2024-09-06,draft,half_ppr,407,QB42,Jake Browning,6111,QB,,,,FA,FantasyPros updated timestamp: 1725581975; average rank: 372.41; best: 305; worst: 670; stddev: 61.72; experts: 33; Sleeper match: matched_name. Near-draft proxy only; historical endpoint was finalized after the Bishop auction.,1052
FantasyPros ECR,2024,2024-09-06,draft,half_ppr,408,RB112,Trayveon Williams,6144,RB,,,5,DET,FantasyPros updated timestamp: 1725581975; average rank: 352.53; best: 292; worst: 421; stddev: 36.40; experts: 31; Sleeper match: matched_name. Near-draft proxy only; historical endpoint was finalized after the Bishop auction.,1053
FantasyPros ECR,2024,2024-09-06,draft,half_ppr,409,TE60,Luke Schoonmaker,10871,TE,,,7,DAL,FantasyPros updated timestamp: 1725581975; average rank: 372.16; best: 286; worst: 444; stddev: 39.79; experts: 32; Sleeper match: matched_name. Near-draft proxy only; historical endpoint was finalized after the Bishop auction.,1054
FantasyPros ECR,2024,2024-09-06,draft,half_ppr,410,RB113,Jaret Patterson,7537,RB,,,5,LAC,FantasyPros updated timestamp: 1725581975; average rank: 350.83; best: 264; worst: 517; stddev: 54.69; experts: 30; Sleeper match: matched_name. Near-draft proxy only; historical endpoint was finalized after the Bishop auction.,1055
FantasyPros ECR,2024,2024-09-06,draft,half_ppr,411,RB114,Nyheim Miller-Hines,5347,RB,,,,FA,FantasyPros updated timestamp: 1725581975; average rank: 358.79; best: 242; worst: 442; stddev: 47.22; experts: 29; Sleeper match: matched_name. Near-draft proxy only; historical endpoint was finalized after the Bishop auction.,1056
FantasyPros ECR,2024,2024-09-06,draft,half_ppr,412,RB115,Keaontay Ingram,8221,RB,,,,FA,FantasyPros updated timestamp: 1725581975; average rank: 349.78; best: 294; worst: 548; stddev: 63.56; experts: 28; Sleeper match: matched_name. Near-draft proxy only; historical endpoint was finalized after the Bishop auction.,1057
FantasyPros ECR,2024,2024-09-06,draft,half_ppr,413,QB43,Jarrett Stidham,6136,QB,,,14,DEN,FantasyPros updated timestamp: 1725581975; average rank: 366.29; best: 279; worst: 664; stddev: 68.37; experts: 29; Sleeper match: matched_name. Near-draft proxy only; historical endpoint was finalized after the Bishop auction.,1058
FantasyPros ECR,2024,2024-09-06,draft,half_ppr,414,TE61,Jaheim Bell,11605,TE,,,,FA,FantasyPros updated timestamp: 1725581975; average rank: 363.00; best: 281; worst: 484; stddev: 45.50; experts: 28; Sleeper match: matched_name. Near-draft proxy only; historical endpoint was finalized after the Bishop auction.,1059
FantasyPros ECR,2024,2024-09-06,draft,half_ppr,415,WR143,Jamison Crowder,2410,WR,,,,FA,FantasyPros updated timestamp: 1725581975; average rank: 368.15; best: 224; worst: 474; stddev: 62.76; experts: 28; Sleeper match: matched_name. Near-draft proxy only; historical endpoint was finalized after the Bishop auction.,1060
FantasyPros ECR,2024,2024-09-06,draft,half_ppr,416,RB116,Blake Watson,11568,RB,,,,FA,FantasyPros updated timestamp: 1725581975; average rank: 357.50; best: 267; worst: 474; stddev: 49.64; experts: 27; Sleeper match: matched_name. Near-draft proxy only; historical endpoint was finalized after the Bishop auction.,1061
FantasyPros ECR,2024,2024-09-06,draft,half_ppr,417,QB44,Kenny Pickett,8160,QB,,,11,CAR,FantasyPros updated timestamp: 1725581975; average rank: 371.26; best: 250; worst: 661; stddev: 73.03; experts: 28; Sleeper match: matched_name. Near-draft proxy only; historical endpoint was finalized after the Bishop auction.,1062
FantasyPros ECR,2024,2024-09-06,draft,half_ppr,418,K26,Brayden Narveson,11949,K,,,,FA,FantasyPros updated timestamp: 1725581975; average rank: 296.73; best: 224; worst: 381; stddev: 52.78; experts: 23; Sleeper match: matched_name. Near-draft proxy only; historical endpoint was finalized after the Bishop auction.,1063
FantasyPros ECR,2024,2024-09-06,draft,half_ppr,419,QB45,Spencer Rattler,11562,QB,,,12,NO,FantasyPros updated timestamp: 1725581975; average rank: 349.24; best: 275; worst: 657; stddev: 74.01; experts: 26; Sleeper match: matched_name. Near-draft proxy only; historical endpoint was finalized after the Bishop auction.,1064
FantasyPros ECR,2024,2024-09-06,draft,half_ppr,420,DST29,Carolina Panthers,CAR,DEF,,,11,CAR,FantasyPros updated timestamp: 1725581975; average rank: 327.05; best: 219; worst: 497; stddev: 64.62; experts: 23; Sleeper match: team_abbreviation. Near-draft proxy only; historical endpoint was finalized after the Bishop auction.,1065
FantasyPros ECR,2024,2024-09-06,draft,half_ppr,421,TE62,Will Mallory,10220,TE,,,14,IND,FantasyPros updated timestamp: 1725581975; average rank: 377.56; best: 273; worst: 486; stddev: 49.55; experts: 26; Sleeper match: matched_name. Near-draft proxy only; historical endpoint was finalized after the Bishop auction.,1066
FantasyPros ECR,2024,2024-09-06,draft,half_ppr,422,TE63,Durham Smythe,5008,TE,,,14,BAL,FantasyPros updated timestamp: 1725581975; average rank: 377.75; best: 265; worst: 487; stddev: 47.62; experts: 25; Sleeper match: matched_name. Near-draft proxy only; historical endpoint was finalized after the Bishop auction.,1067
FantasyPros ECR,2024,2024-09-06,draft,half_ppr,423,WR144,KhaDarel Hodge,5773,WR,,,9,SF,FantasyPros updated timestamp: 1725581975; average rank: 365.35; best: 299; worst: 579; stddev: 62.88; experts: 24; Sleeper match: matched_name. Near-draft proxy only; historical endpoint was finalized after the Bishop auction.,1068
FantasyPros ECR,2024,2024-09-06,draft,half_ppr,424,TE64,Logan Thomas,2251,TE,,,,FA,FantasyPros updated timestamp: 1725581975; average rank: 332.90; best: 214; worst: 483; stddev: 72.07; experts: 22; Sleeper match: matched_name. Near-draft proxy only; historical endpoint was finalized after the Bishop auction.,1069
FantasyPros ECR,2024,2024-09-06,draft,half_ppr,425,TE65,Elijah Higgins,10231,TE,,,11,ARI,FantasyPros updated timestamp: 1725581975; average rank: 386.38; best: 308; worst: 473; stddev: 39.08; experts: 25; Sleeper match: matched_name. Near-draft proxy only; historical endpoint was finalized after the Bishop auction.,1070
FantasyPros ECR,2024,2024-09-06,draft,half_ppr,426,DST30,Tennessee Titans,TEN,DEF,,,5,TEN,FantasyPros updated timestamp: 1725581975; average rank: 331.05; best: 234; worst: 437; stddev: 61.03; experts: 21; Sleeper match: team_abbreviation. Near-draft proxy only; historical endpoint was finalized after the Bishop auction.,1071
FantasyPros ECR,2024,2024-09-06,draft,half_ppr,427,WR145,Parris Campbell,5880,WR,,,,FA,FantasyPros updated timestamp: 1725581975; average rank: 369.36; best: 286; worst: 569; stddev: 63.45; experts: 23; Sleeper match: matched_name. Near-draft proxy only; historical endpoint was finalized after the Bishop auction.,1072
FantasyPros ECR,2024,2024-09-06,draft,half_ppr,428,WR146,Bub Means,11748,WR,,,,FA,FantasyPros updated timestamp: 1725581975; average rank: 385.30; best: 304; worst: 470; stddev: 42.15; experts: 24; Sleeper match: matched_name. Near-draft proxy only; historical endpoint was finalized after the Bishop auction.,1073
FantasyPros ECR,2024,2024-09-06,draft,half_ppr,429,WR147,Mecole Hardman Jr.,5917,WR,,,,FA,FantasyPros updated timestamp: 1725581975; average rank: 378.18; best: 281; worst: 605; stddev: 70.62; experts: 23; Sleeper match: matched_name. Near-draft proxy only; historical endpoint was finalized after the Bishop auction.,1074
FantasyPros ECR,2024,2024-09-06,draft,half_ppr,430,TE66,Brock Wright,7891,TE,,,5,DET,FantasyPros updated timestamp: 1725581975; average rank: 394.61; best: 339; worst: 477; stddev: 33.44; experts: 24; Sleeper match: matched_name. Near-draft proxy only; historical endpoint was finalized after the Bishop auction.,1075
FantasyPros ECR,2024,2024-09-06,draft,half_ppr,431,WR148,Donovan Peoples-Jones,6824,WR,,,,FA,FantasyPros updated timestamp: 1725581975; average rank: 349.65; best: 286; worst: 473; stddev: 46.39; experts: 21; Sleeper match: matched_name. Near-draft proxy only; historical endpoint was finalized after the Bishop auction.,1076
FantasyPros ECR,2024,2024-09-06,draft,half_ppr,432,RB117,Latavius Murray,1476,RB,,,,FA,FantasyPros updated timestamp: 1725581975; average rank: 372.19; best: 300; worst: 520; stddev: 71.15; experts: 22; Sleeper match: matched_name. Near-draft proxy only; historical endpoint was finalized after the Bishop auction.,1077
FantasyPros ECR,2024,2024-09-06,draft,half_ppr,433,RB118,Alec Ingold,6109,RB,,,5,LAC,FantasyPros updated timestamp: 1725581975; average rank: 382.24; best: 327; worst: 455; stddev: 38.23; experts: 22; Sleeper match: matched_name. Near-draft proxy only; historical endpoint was finalized after the Bishop auction.,1078
FantasyPros ECR,2024,2024-09-06,draft,half_ppr,434,WR149,Braxton Berrios,5121,WR,,,11,NYG,FantasyPros updated timestamp: 1725581975; average rank: 384.10; best: 288; worst: 584; stddev: 57.93; experts: 22; Sleeper match: matched_name. Near-draft proxy only; historical endpoint was finalized after the Bishop auction.,1079
FantasyPros ECR,2024,2024-09-06,draft,half_ppr,435,K27,Eddy Pineiro,5189,K,,,9,SF,FantasyPros updated timestamp: 1725581975; average rank: 330.56; best: 271; worst: 404; stddev: 44.92; experts: 19; Sleeper match: matched_name. Near-draft proxy only; historical endpoint was finalized after the Bishop auction.,1080
FantasyPros ECR,2024,2024-09-06,draft,half_ppr,436,WR150,Xavier Hutchinson,10218,WR,,,14,HOU,FantasyPros updated timestamp: 1725581975; average rank: 374.50; best: 274; worst: 562; stddev: 64.61; experts: 21; Sleeper match: matched_name. Near-draft proxy only; historical endpoint was finalized after the Bishop auction.,1081
FantasyPros ECR,2024,2024-09-06,draft,half_ppr,437,WR151,Devaughn Vele,11834,WR,,,12,NO,FantasyPros updated timestamp: 1725581975; average rank: 376.15; best: 268; worst: 530; stddev: 68.32; experts: 21; Sleeper match: matched_name. Near-draft proxy only; historical endpoint was finalized after the Bishop auction.,1082
FantasyPros ECR,2024,2024-09-06,draft,half_ppr,438,WR152,Casey Washington,11806,WR,,,11,CAR,FantasyPros updated timestamp: 1725581975; average rank: 361.26; best: 285; worst: 477; stddev: 55.43; experts: 20; Sleeper match: matched_name. Near-draft proxy only; historical endpoint was finalized after the Bishop auction.,1083
FantasyPros ECR,2024,2024-09-06,draft,half_ppr,439,DST31,Washington Commanders,WAS,DEF,,,14,WAS,FantasyPros updated timestamp: 1725581975; average rank: 325.76; best: 214; worst: 407; stddev: 58.98; experts: 18; Sleeper match: team_abbreviation. Near-draft proxy only; historical endpoint was finalized after the Bishop auction.,1084
FantasyPros ECR,2024,2024-09-06,draft,half_ppr,440,QB46,Tyrod Taylor,827,QB,,,10,GB,FantasyPros updated timestamp: 1725581975; average rank: 390.25; best: 303; worst: 665; stddev: 76.58; experts: 21; Sleeper match: matched_name. Near-draft proxy only; historical endpoint was finalized after the Bishop auction.,1085
FantasyPros ECR,2024,2024-09-06,draft,half_ppr,441,K28,Graham Gano,503,K,,,,FA,FantasyPros updated timestamp: 1725581975; average rank: 334.18; best: 243; worst: 525; stddev: 71.00; experts: 18; Sleeper match: matched_name. Near-draft proxy only; historical endpoint was finalized after the Bishop auction.,1086
FantasyPros ECR,2024,2024-09-06,draft,half_ppr,442,RB119,JaMycal Hasty,6996,RB,,,14,NE,FantasyPros updated timestamp: 1725581975; average rank: 392.95; best: 310; worst: 622; stddev: 74.18; experts: 21; Sleeper match: matched_name. Near-draft proxy only; historical endpoint was finalized after the Bishop auction.,1087
FantasyPros ECR,2024,2024-09-06,draft,half_ppr,443,RB120,Keilan Robinson,11773,RB,,,,FA,FantasyPros updated timestamp: 1725581975; average rank: 394.55; best: 306; worst: 499; stddev: 53.94; experts: 21; Sleeper match: matched_name. Near-draft proxy only; historical endpoint was finalized after the Bishop auction.,1088
FantasyPros ECR,2024,2024-09-06,draft,half_ppr,444,WR153,Jamari Thrash,11633,WR,,,10,CLE,FantasyPros updated timestamp: 1725581975; average rank: 378.74; best: 298; worst: 463; stddev: 52.02; experts: 20; Sleeper match: matched_name. Near-draft proxy only; historical endpoint was finalized after the Bishop auction.,1089
FantasyPros ECR,2024,2024-09-06,draft,half_ppr,445,WR154,Jalen Brooks,11034,WR,,,11,ARI,FantasyPros updated timestamp: 1725581975; average rank: 362.33; best: 266; worst: 446; stddev: 49.76; experts: 19; Sleeper match: matched_name. Near-draft proxy only; historical endpoint was finalized after the Bishop auction.,1090
FantasyPros ECR,2024,2024-09-06,draft,half_ppr,446,WR155,Nick Westbrook-Ikhine,7496,WR,,,14,IND,FantasyPros updated timestamp: 1725581975; average rank: 381.79; best: 313; worst: 507; stddev: 47.04; experts: 20; Sleeper match: matched_name. Near-draft proxy only; historical endpoint was finalized after the Bishop auction.,1091
FantasyPros ECR,2024,2024-09-06,draft,half_ppr,447,K29,Greg Joseph,5272,K,,,,FA,FantasyPros updated timestamp: 1725581975; average rank: 321.31; best: 237; worst: 405; stddev: 49.06; experts: 17; Sleeper match: matched_name. Near-draft proxy only; historical endpoint was finalized after the Bishop auction.,1092
FantasyPros ECR,2024,2024-09-06,draft,half_ppr,448,RB121,Jeremy McNichols,4219,RB,,,14,WAS,FantasyPros updated timestamp: 1725581975; average rank: 377.17; best: 287; worst: 491; stddev: 58.25; experts: 19; Sleeper match: matched_name. Near-draft proxy only; historical endpoint was finalized after the Bishop auction.,1093
FantasyPros ECR,2024,2024-09-06,draft,half_ppr,449,WR156,Hunter Renfrow,5955,WR,,,,FA,FantasyPros updated timestamp: 1725581975; average rank: 364.12; best: 289; worst: 506; stddev: 70.14; experts: 18; Sleeper match: matched_name. Near-draft proxy only; historical endpoint was finalized after the Bishop auction.,1094
FantasyPros ECR,2024,2024-09-06,draft,half_ppr,450,WR157,Ainias Smith,11615,WR,,,,FA,FantasyPros updated timestamp: 1725581975; average rank: 397.22; best: 315; worst: 586; stddev: 59.40; experts: 19; Sleeper match: matched_name. Near-draft proxy only; historical endpoint was finalized after the Bishop auction.,1095
FantasyPros ECR,2024,2024-09-06,draft,half_ppr,451,K30,Will Reichard,11792,K,,,6,MIN,FantasyPros updated timestamp: 1725581975; average rank: 344.73; best: 231; worst: 541; stddev: 84.53; experts: 16; Sleeper match: matched_name. Near-draft proxy only; historical endpoint was finalized after the Bishop auction.,1096
FantasyPros ECR,2024,2024-09-06,draft,half_ppr,452,TE67,Jordan Akins,5032,TE,,,,FA,FantasyPros updated timestamp: 1725581975; average rank: 402.53; best: 344; worst: 495; stddev: 47.10; experts: 18; Sleeper match: matched_name. Near-draft proxy only; historical endpoint was finalized after the Bishop auction.,1097
FantasyPros ECR,2024,2024-09-06,draft,half_ppr,453,QB47,Marcus Mariota,2307,QB,,,14,WAS,FantasyPros updated timestamp: 1725581975; average rank: 382.69; best: 254; worst: 679; stddev: 92.76; experts: 17; Sleeper match: matched_name. Near-draft proxy only; historical endpoint was finalized after the Bishop auction.,1098
FantasyPros ECR,2024,2024-09-06,draft,half_ppr,454,K31,Nick Folk,650,K,,,12,ATL,FantasyPros updated timestamp: 1725581975; average rank: 339.43; best: 272; worst: 411; stddev: 49.72; experts: 15; Sleeper match: matched_name. Near-draft proxy only; historical endpoint was finalized after the Bishop auction.,1099
FantasyPros ECR,2024,2024-09-06,draft,half_ppr,455,RB122,Jawhar Jordan,11588,RB,,,14,HOU,FantasyPros updated timestamp: 1725581975; average rank: 365.67; best: 284; worst: 515; stddev: 68.65; experts: 16; Sleeper match: matched_name. Near-draft proxy only; historical endpoint was finalized after the Bishop auction.,1100
FantasyPros ECR,2024,2024-09-06,draft,half_ppr,456,RB123,Patrick Ricard,4353,RB,,,11,NYG,FantasyPros updated timestamp: 1725581975; average rank: 403.13; best: 343; worst: 489; stddev: 42.08; experts: 17; Sleeper match: matched_name. Near-draft proxy only; historical endpoint was finalized after the Bishop auction.,1101
FantasyPros ECR,2024,2024-09-06,draft,half_ppr,457,TE68,Jared Wiley,11595,TE,,,6,KC,FantasyPros updated timestamp: 1725581975; average rank: 382.80; best: 288; worst: 488; stddev: 57.39; experts: 16; Sleeper match: matched_name. Near-draft proxy only; historical endpoint was finalized after the Bishop auction.,1102
FantasyPros ECR,2024,2024-09-06,draft,half_ppr,458,RB124,Julius Chestnut,8254,RB,,,5,TEN,FantasyPros updated timestamp: 1725581975; average rank: 394.07; best: 318; worst: 522; stddev: 66.11; experts: 16; Sleeper match: matched_name. Near-draft proxy only; historical endpoint was finalized after the Bishop auction.,1103
FantasyPros ECR,2024,2024-09-06,draft,half_ppr,459,RB125,Hassan Haskins,8123,RB,,,,FA,FantasyPros updated timestamp: 1725581975; average rank: 396.53; best: 296; worst: 515; stddev: 70.63; experts: 16; Sleeper match: matched_name. Near-draft proxy only; historical endpoint was finalized after the Bishop auction.,1104
FantasyPros ECR,2024,2024-09-06,draft,half_ppr,460,QB48,Mac Jones,7527,QB,,,9,SF,FantasyPros updated timestamp: 1725581975; average rank: 376.00; best: 292; worst: 678; stddev: 90.22; experts: 15; Sleeper match: matched_name. Near-draft proxy only; historical endpoint was finalized after the Bishop auction.,1105
FantasyPros ECR,2024,2024-09-06,draft,half_ppr,461,RB126,Leonard Fournette,3969,RB,,,,FA,FantasyPros updated timestamp: 1725581975; average rank: 391.64; best: 269; worst: 519; stddev: 84.07; experts: 15; Sleeper match: matched_name. Near-draft proxy only; historical endpoint was finalized after the Bishop auction.,1106
FantasyPros ECR,2024,2024-09-06,draft,half_ppr,462,WR158,Laviska Shenault Jr.,6814,WR,,,,FA,FantasyPros updated timestamp: 1725581975; average rank: 420.33; best: 337; worst: 647; stddev: 73.01; experts: 16; Sleeper match: matched_name. Near-draft proxy only; historical endpoint was finalized after the Bishop auction.,1107
FantasyPros ECR,2024,2024-09-06,draft,half_ppr,463,TE69,Lucas Krull,8249,TE,,,14,DEN,FantasyPros updated timestamp: 1725581975; average rank: 377.46; best: 312; worst: 437; stddev: 44.60; experts: 14; Sleeper match: matched_name. Near-draft proxy only; historical endpoint was finalized after the Bishop auction.,1108
FantasyPros ECR,2024,2024-09-06,draft,half_ppr,464,RB127,Kevin Harris,8174,RB,,,,FA,FantasyPros updated timestamp: 1725581975; average rank: 378.69; best: 302; worst: 477; stddev: 58.45; experts: 14; Sleeper match: matched_name. Near-draft proxy only; historical endpoint was finalized after the Bishop auction.,1109
FantasyPros ECR,2024,2024-09-06,draft,half_ppr,465,WR159,Derius Davis,10234,WR,,,5,LAC,FantasyPros updated timestamp: 1725581975; average rank: 403.43; best: 299; worst: 520; stddev: 62.03; experts: 15; Sleeper match: matched_name. Near-draft proxy only; historical endpoint was finalized after the Bishop auction.,1110
FantasyPros ECR,2024,2024-09-06,draft,half_ppr,466,RB128,Avery Williams,7809,RB,,,,FA,FantasyPros updated timestamp: 1725581975; average rank: 408.79; best: 296; worst: 521; stddev: 69.68; experts: 15; Sleeper match: matched_name_position. Near-draft proxy only; historical endpoint was finalized after the Bishop auction.,1111
FantasyPros ECR,2024,2024-09-06,draft,half_ppr,467,WR160,Chris Moore,3269,WR,,,,FA,FantasyPros updated timestamp: 1725581975; average rank: 408.93; best: 321; worst: 595; stddev: 70.65; experts: 15; Sleeper match: matched_name_position. Near-draft proxy only; historical endpoint was finalized after the Bishop auction.,1112
FantasyPros ECR,2024,2024-09-06,draft,half_ppr,468,WR161,Devin Duvernay,6847,WR,,,11,ARI,FantasyPros updated timestamp: 1725581975; average rank: 416.86; best: 346; worst: 531; stddev: 51.46; experts: 15; Sleeper match: matched_name. Near-draft proxy only; historical endpoint was finalized after the Bishop auction.,1113
FantasyPros ECR,2024,2024-09-06,draft,half_ppr,469,RB129,Dare Ogunbowale,4718,RB,,,,FA,FantasyPros updated timestamp: 1725581975; average rank: 400.54; best: 329; worst: 529; stddev: 57.32; experts: 14; Sleeper match: matched_name. Near-draft proxy only; historical endpoint was finalized after the Bishop auction.,1114
FantasyPros ECR,2024,2024-09-06,draft,half_ppr,470,WR162,Charlie Jones,10228,WR,,,12,CIN,FantasyPros updated timestamp: 1725581975; average rank: 401.69; best: 288; worst: 506; stddev: 61.99; experts: 14; Sleeper match: matched_name. Near-draft proxy only; historical endpoint was finalized after the Bishop auction.,1115
FantasyPros ECR,2024,2024-09-06,draft,half_ppr,471,WR163,Isaiah Williams,11608,WR,,,12,NYJ,FantasyPros updated timestamp: 1725581975; average rank: 404.85; best: 318; worst: 586; stddev: 87.60; experts: 14; Sleeper match: matched_name_position. Near-draft proxy only; historical endpoint was finalized after the Bishop auction.,1116
FantasyPros ECR,2024,2024-09-06,draft,half_ppr,472,TE70,Drew Sample,6001,TE,,,12,CIN,FantasyPros updated timestamp: 1725581975; average rank: 389.58; best: 291; worst: 522; stddev: 59.27; experts: 13; Sleeper match: matched_name. Near-draft proxy only; historical endpoint was finalized after the Bishop auction.,1117
FantasyPros ECR,2024,2024-09-06,draft,half_ppr,473,QB49,Joshua Dobbs,4179,QB,,,5,DET,FantasyPros updated timestamp: 1725581975; average rank: 393.92; best: 311; worst: 673; stddev: 90.99; experts: 13; Sleeper match: matched_name. Near-draft proxy only; historical endpoint was finalized after the Bishop auction.,1118
FantasyPros ECR,2024,2024-09-06,draft,half_ppr,474,RB130,Raheem Blackshear,8255,RB,,,,FA,FantasyPros updated timestamp: 1725581975; average rank: 423.77; best: 323; worst: 543; stddev: 72.71; experts: 14; Sleeper match: matched_name. Near-draft proxy only; historical endpoint was finalized after the Bishop auction.,1119
FantasyPros ECR,2024,2024-09-06,draft,half_ppr,475,TE71,Cole Turner,8214,TE,,,6,MIA,FantasyPros updated timestamp: 1725581975; average rank: 400.33; best: 325; worst: 487; stddev: 47.56; experts: 13; Sleeper match: matched_name. Near-draft proxy only; historical endpoint was finalized after the Bishop auction.,1120
FantasyPros ECR,2024,2024-09-06,draft,half_ppr,476,RB131,Myles Gaskin,5980,RB,,,,FA,FantasyPros updated timestamp: 1725581975; average rank: 434.00; best: 362; worst: 544; stddev: 61.45; experts: 14; Sleeper match: matched_name. Near-draft proxy only; historical endpoint was finalized after the Bishop auction.,1121
FantasyPros ECR,2024,2024-09-06,draft,half_ppr,477,WR164,Velus Jones Jr.,8223,WR,,,10,SEA,FantasyPros updated timestamp: 1725581975; average rank: 416.67; best: 247; worst: 574; stddev: 112.66; experts: 13; Sleeper match: matched_name. Near-draft proxy only; historical endpoint was finalized after the Bishop auction.,1122
FantasyPros ECR,2024,2024-09-06,draft,half_ppr,478,RB132,DeeJay Dallas,6931,RB,,,12,JAC,FantasyPros updated timestamp: 1725581975; average rank: 429.08; best: 327; worst: 535; stddev: 64.12; experts: 13; Sleeper match: matched_name. Near-draft proxy only; historical endpoint was finalized after the Bishop auction.,1123
FantasyPros ECR,2024,2024-09-06,draft,half_ppr,479,RB133,Jordan Mims,11378,RB,,,5,PHI,FantasyPros updated timestamp: 1725581975; average rank: 430.08; best: 283; worst: 654; stddev: 110.30; experts: 13; Sleeper match: matched_name. Near-draft proxy only; historical endpoint was finalized after the Bishop auction.,1124
FantasyPros ECR,2024,2024-09-06,draft,half_ppr,480,WR165,David Bell,8118,WR,,,,FA,FantasyPros updated timestamp: 1725581975; average rank: 406.27; best: 316; worst: 527; stddev: 67.12; experts: 12; Sleeper match: matched_name. Near-draft proxy only; historical endpoint was finalized after the Bishop auction.,1125
FantasyPros ECR,2024,2024-09-06,draft,half_ppr,481,RB134,Patrick Taylor Jr.,6963,RB,,,,FA,FantasyPros updated timestamp: 1725581975; average rank: 434.25; best: 300; worst: 586; stddev: 99.76; experts: 13; Sleeper match: matched_name. Near-draft proxy only; historical endpoint was finalized after the Bishop auction.,1126
FantasyPros ECR,2024,2024-09-06,draft,half_ppr,482,RB135,Frank Gore Jr.,,RB,,,12,BUF,FantasyPros updated timestamp: 1725581975; average rank: 410.27; best: 335; worst: 501; stddev: 50.37; experts: 12; Sleeper match: ambiguous_name. Near-draft proxy only; historical endpoint was finalized after the Bishop auction.,1127
FantasyPros ECR,2024,2024-09-06,draft,half_ppr,483,TE72,Pharaoh Brown,4443,TE,,,14,IND,FantasyPros updated timestamp: 1725581975; average rank: 414.82; best: 348; worst: 510; stddev: 53.23; experts: 12; Sleeper match: matched_name. Near-draft proxy only; historical endpoint was finalized after the Bishop auction.,1128
FantasyPros ECR,2024,2024-09-06,draft,half_ppr,484,TE73,Drew Ogletree,8489,TE,,,14,IND,FantasyPros updated timestamp: 1725581975; average rank: 422.18; best: 302; worst: 594; stddev: 89.74; experts: 12; Sleeper match: matched_name. Near-draft proxy only; historical endpoint was finalized after the Bishop auction.,1129
FantasyPros ECR,2024,2024-09-06,draft,half_ppr,485,K32,Cade York,8258,K,,,,FA,FantasyPros updated timestamp: 1725581975; average rank: 359.89; best: 249; worst: 446; stddev: 60.55; experts: 10; Sleeper match: matched_name. Near-draft proxy only; historical endpoint was finalized after the Bishop auction.,1130
FantasyPros ECR,2024,2024-09-06,draft,half_ppr,486,TE74,Charlie Woerner,7075,TE,,,12,ATL,FantasyPros updated timestamp: 1725581975; average rank: 428.91; best: 360; worst: 579; stddev: 66.83; experts: 12; Sleeper match: matched_name. Near-draft proxy only; historical endpoint was finalized after the Bishop auction.,1131
FantasyPros ECR,2024,2024-09-06,draft,half_ppr,487,RB136,Cody Schrader,11644,RB,,,14,DEN,FantasyPros updated timestamp: 1725581975; average rank: 411.10; best: 349; worst: 483; stddev: 48.58; experts: 11; Sleeper match: matched_name. Near-draft proxy only; historical endpoint was finalized after the Bishop auction.,1132
FantasyPros ECR,2024,2024-09-06,draft,half_ppr,488,K33,Anders Carlson,11008,K,,,,FA,FantasyPros updated timestamp: 1725581975; average rank: 335.13; best: 271; worst: 403; stddev: 48.52; experts: 9; Sleeper match: matched_name. Near-draft proxy only; historical endpoint was finalized after the Bishop auction.,1133
FantasyPros ECR,2024,2024-09-06,draft,half_ppr,489,RB137,Malik Davis,8800,RB,,,7,DAL,FantasyPros updated timestamp: 1725581975; average rank: 384.11; best: 297; worst: 445; stddev: 49.16; experts: 10; Sleeper match: matched_name. Near-draft proxy only; historical endpoint was finalized after the Bishop auction.,1134
FantasyPros ECR,2024,2024-09-06,draft,half_ppr,490,TE75,Ian Thomas,4995,TE,,,10,LV,FantasyPros updated timestamp: 1725581975; average rank: 427.80; best: 277; worst: 559; stddev: 82.71; experts: 11; Sleeper match: matched_name. Near-draft proxy only; historical endpoint was finalized after the Bishop auction.,1135
FantasyPros ECR,2024,2024-09-06,draft,half_ppr,491,TE76,Stone Smartt,8583,TE,,,5,PHI,FantasyPros updated timestamp: 1725581975; average rank: 432.10; best: 363; worst: 557; stddev: 63.52; experts: 11; Sleeper match: matched_name. Near-draft proxy only; historical endpoint was finalized after the Bishop auction.,1136
FantasyPros ECR,2024,2024-09-06,draft,half_ppr,492,TE77,Irv Smith Jr.,6126,TE,,,,FA,FantasyPros updated timestamp: 1725581975; average rank: 434.30; best: 341; worst: 528; stddev: 64.79; experts: 11; Sleeper match: matched_name. Near-draft proxy only; historical endpoint was finalized after the Bishop auction.,1137
FantasyPros ECR,2024,2024-09-06,draft,half_ppr,493,TE78,AJ Barner,11603,TE,,,10,SEA,FantasyPros updated timestamp: 1725581975; average rank: 403.89; best: 324; worst: 478; stddev: 60.38; experts: 10; Sleeper match: matched_name. Near-draft proxy only; historical endpoint was finalized after the Bishop auction.,1138
FantasyPros ECR,2024,2024-09-06,draft,half_ppr,494,RB138,C.J. Ham,3832,RB,,,,FA,FantasyPros updated timestamp: 1725581975; average rank: 436.80; best: 322; worst: 539; stddev: 68.66; experts: 11; Sleeper match: matched_name. Near-draft proxy only; historical endpoint was finalized after the Bishop auction.,1139
FantasyPros ECR,2024,2024-09-06,draft,half_ppr,495,WR166,Anthony Gould,11762,WR,,,14,IND,FantasyPros updated timestamp: 1725581975; average rank: 443.40; best: 353; worst: 564; stddev: 65.35; experts: 11; Sleeper match: matched_name. Near-draft proxy only; historical endpoint was finalized after the Bishop auction.,1140
FantasyPros ECR,2024,2024-09-06,draft,half_ppr,496,K34,Brandon McManus,1433,K,,,,FA,FantasyPros updated timestamp: 1725581975; average rank: 328.29; best: 223; worst: 432; stddev: 78.74; experts: 8; Sleeper match: matched_name. Near-draft proxy only; historical endpoint was finalized after the Bishop auction.,1141
FantasyPros ECR,2024,2024-09-06,draft,half_ppr,497,WR167,Trent Sherfield Sr.,5154,WR,,,12,BUF,FantasyPros updated timestamp: 1725581975; average rank: 430.44; best: 369; worst: 501; stddev: 48.55; experts: 10; Sleeper match: matched_name. Near-draft proxy only; historical endpoint was finalized after the Bishop auction.,1142
FantasyPros ECR,2024,2024-09-06,draft,half_ppr,498,WR168,Isaiah McKenzie,4197,WR,,,,FA,FantasyPros updated timestamp: 1725581975; average rank: 439.56; best: 313; worst: 573; stddev: 81.14; experts: 10; Sleeper match: matched_name. Near-draft proxy only; historical endpoint was finalized after the Bishop auction.,1143
FantasyPros ECR,2024,2024-09-06,draft,half_ppr,499,TE79,Payne Durham,10227,TE,,,11,TB,FantasyPros updated timestamp: 1725581975; average rank: 448.11; best: 371; worst: 528; stddev: 58.08; experts: 10; Sleeper match: matched_name. Near-draft proxy only; historical endpoint was finalized after the Bishop auction.,1144
FantasyPros ECR,2024,2024-09-06,draft,half_ppr,500,TE80,Connor Heyward,8181,TE,,,10,LV,FantasyPros updated timestamp: 1725581975; average rank: 436.13; best: 391; worst: 498; stddev: 43.70; experts: 9; Sleeper match: matched_name. Near-draft proxy only; historical endpoint was finalized after the Bishop auction.,1145
FantasyPros ECR,2024,2024-09-06,draft,half_ppr,501,TE81,John Bates,7716,TE,,,14,WAS,FantasyPros updated timestamp: 1725581975; average rank: 436.25; best: 289; worst: 591; stddev: 83.35; experts: 9; Sleeper match: matched_name. Near-draft proxy only; historical endpoint was finalized after the Bishop auction.,1146
FantasyPros ECR,2024,2024-09-06,draft,half_ppr,502,QB50,Carson Wentz,3161,QB,,,6,MIN,FantasyPros updated timestamp: 1725581975; average rank: 437.00; best: 343; worst: 701; stddev: 107.68; experts: 9; Sleeper match: matched_name. Near-draft proxy only; historical endpoint was finalized after the Bishop auction.,1147
FantasyPros ECR,2024,2024-09-06,draft,half_ppr,503,DST32,Arizona Cardinals,ARI,DEF,,,11,ARI,FantasyPros updated timestamp: 1725581975; average rank: 402.71; best: 341; worst: 518; stddev: 54.28; experts: 8; Sleeper match: team_abbreviation. Near-draft proxy only; historical endpoint was finalized after the Bishop auction.,1148
FantasyPros ECR,2024,2024-09-06,draft,half_ppr,504,TE82,Robert Tonyan,4602,TE,,,9,PIT,FantasyPros updated timestamp: 1725581975; average rank: 404.29; best: 289; worst: 496; stddev: 70.73; experts: 8; Sleeper match: matched_name. Near-draft proxy only; historical endpoint was finalized after the Bishop auction.,1149
FantasyPros ECR,2024,2024-09-06,draft,half_ppr,505,WR169,Terrace Marshall Jr.,7565,WR,,,,FA,FantasyPros updated timestamp: 1725581975; average rank: 416.00; best: 301; worst: 574; stddev: 83.71; experts: 8; Sleeper match: matched_name. Near-draft proxy only; historical endpoint was finalized after the Bishop auction.,1150
FantasyPros ECR,2024,2024-09-06,draft,half_ppr,506,QB51,Zach Wilson,7538,QB,,,12,NO,FantasyPros updated timestamp: 1725581975; average rank: 418.00; best: 330; worst: 687; stddev: 112.73; experts: 8; Sleeper match: matched_name. Near-draft proxy only; historical endpoint was finalized after the Bishop auction.,1151
FantasyPros ECR,2024,2024-09-06,draft,half_ppr,507,WR170,Robbie Chosen,3423,WR,,,,FA,FantasyPros updated timestamp: 1725581975; average rank: 424.14; best: 383; worst: 538; stddev: 53.52; experts: 8; Sleeper match: matched_name. Near-draft proxy only; historical endpoint was finalized after the Bishop auction.,1152
FantasyPros ECR,2024,2024-09-06,draft,half_ppr,508,K35,Joey Slye,6528,K,,,5,TEN,FantasyPros updated timestamp: 1725581975; average rank: 375.00; best: 291; worst: 439; stddev: 55.02; experts: 7; Sleeper match: matched_name. Near-draft proxy only; historical endpoint was finalized after the Bishop auction.,1153
FantasyPros ECR,2024,2024-09-06,draft,half_ppr,509,WR171,Allen Robinson II,1992,WR,,,,FA,FantasyPros updated timestamp: 1725581975; average rank: 466.25; best: 348; worst: 561; stddev: 69.18; experts: 9; Sleeper match: matched_name. Near-draft proxy only; historical endpoint was finalized after the Bishop auction.,1154
FantasyPros ECR,2024,2024-09-06,draft,half_ppr,510,RB139,Hunter Luepke,11510,RB,,,7,DAL,FantasyPros updated timestamp: 1725581975; average rank: 467.50; best: 336; worst: 554; stddev: 69.37; experts: 9; Sleeper match: matched_name. Near-draft proxy only; historical endpoint was finalized after the Bishop auction.,1155
FantasyPros ECR,2024,2024-09-06,draft,half_ppr,511,WR172,Jha'Quan Jackson,11808,WR,,,11,TB,FantasyPros updated timestamp: 1725581975; average rank: 468.25; best: 333; worst: 621; stddev: 96.15; experts: 9; Sleeper match: matched_name. Near-draft proxy only; historical endpoint was finalized after the Bishop auction.,1156
FantasyPros ECR,2024,2024-09-06,draft,half_ppr,512,WR173,Scotty Miller,6290,WR,,,7,CHI,FantasyPros updated timestamp: 1725581975; average rank: 468.88; best: 312; worst: 592; stddev: 91.50; experts: 9; Sleeper match: matched_name. Near-draft proxy only; historical endpoint was finalized after the Bishop auction.,1157
FantasyPros ECR,2024,2024-09-06,draft,half_ppr,513,WR174,Justyn Ross,8140,WR,,,,FA,FantasyPros updated timestamp: 1725581975; average rank: 442.00; best: 342; worst: 577; stddev: 79.79; experts: 8; Sleeper match: matched_name. Near-draft proxy only; historical endpoint was finalized after the Bishop auction.,1158
FantasyPros ECR,2024,2024-09-06,draft,half_ppr,514,WR175,Quez Watkins,6927,WR,,,5,PHI,FantasyPros updated timestamp: 1725581975; average rank: 442.43; best: 322; worst: 556; stddev: 81.44; experts: 8; Sleeper match: matched_name. Near-draft proxy only; historical endpoint was finalized after the Bishop auction.,1159
FantasyPros ECR,2024,2024-09-06,draft,half_ppr,515,TE83,MyCole Pruitt,2446,TE,,,,FA,FantasyPros updated timestamp: 1725581975; average rank: 445.71; best: 353; worst: 502; stddev: 53.38; experts: 8; Sleeper match: matched_name. Near-draft proxy only; historical endpoint was finalized after the Bishop auction.,1160
FantasyPros ECR,2024,2024-09-06,draft,half_ppr,516,QB52,Mason Rudolph,4972,QB,,,9,PIT,FantasyPros updated timestamp: 1725581975; average rank: 402.17; best: 363; worst: 481; stddev: 36.94; experts: 7; Sleeper match: matched_name. Near-draft proxy only; historical endpoint was finalized after the Bishop auction.,1161
FantasyPros ECR,2024,2024-09-06,draft,half_ppr,517,TE84,Luke Farrell,7842,TE,,,9,SF,FantasyPros updated timestamp: 1725581975; average rank: 451.57; best: 351; worst: 549; stddev: 75.39; experts: 8; Sleeper match: matched_name. Near-draft proxy only; historical endpoint was finalized after the Bishop auction.,1162
FantasyPros ECR,2024,2024-09-06,draft,half_ppr,518,WR176,David Moore,4274,WR,,,11,CAR,FantasyPros updated timestamp: 1725581975; average rank: 485.63; best: 370; worst: 640; stddev: 76.79; experts: 9; Sleeper match: matched_name_position. Near-draft proxy only; historical endpoint was finalized after the Bishop auction.,1163
FantasyPros ECR,2024,2024-09-06,draft,half_ppr,519,TE85,Tip Reiman,11716,TE,,,11,ARI,FantasyPros updated timestamp: 1725581975; average rank: 453.43; best: 371; worst: 555; stddev: 69.08; experts: 8; Sleeper match: matched_name. Near-draft proxy only; historical endpoint was finalized after the Bishop auction.,1164
FantasyPros ECR,2024,2024-09-06,draft,half_ppr,520,TE86,Harrison Bryant,6850,TE,,,,FA,FantasyPros updated timestamp: 1725581975; average rank: 454.57; best: 314; worst: 514; stddev: 64.61; experts: 8; Sleeper match: matched_name. Near-draft proxy only; historical endpoint was finalized after the Bishop auction.,1165
FantasyPros ECR,2024,2024-09-06,draft,half_ppr,521,RB140,Boston Scott,5122,RB,,,,FA,FantasyPros updated timestamp: 1725581975; average rank: 462.57; best: 397; worst: 540; stddev: 46.11; experts: 8; Sleeper match: matched_name. Near-draft proxy only; historical endpoint was finalized after the Bishop auction.,1166
FantasyPros ECR,2024,2024-09-06,draft,half_ppr,522,TE87,Dallin Holker,11606,TE,,,,FA,FantasyPros updated timestamp: 1725581975; average rank: 465.57; best: 342; worst: 534; stddev: 75.06; experts: 8; Sleeper match: matched_name. Near-draft proxy only; historical endpoint was finalized after the Bishop auction.,1167
FantasyPros ECR,2024,2024-09-06,draft,half_ppr,523,WR177,DJ Turner,7989,WR,,,,FA,FantasyPros updated timestamp: 1725581975; average rank: 471.86; best: 396; worst: 569; stddev: 67.63; experts: 8; Sleeper match: matched_name_position. Near-draft proxy only; historical endpoint was finalized after the Bishop auction.,1168
FantasyPros ECR,2024,2024-09-06,draft,half_ppr,524,TE88,Brenton Strange,9480,TE,,,12,JAC,FantasyPros updated timestamp: 1725581975; average rank: 476.29; best: 382; worst: 585; stddev: 73.87; experts: 8; Sleeper match: matched_name. Near-draft proxy only; historical endpoint was finalized after the Bishop auction.,1169
FantasyPros ECR,2024,2024-09-06,draft,half_ppr,525,TE89,Julian Hill,11371,TE,,,14,NE,FantasyPros updated timestamp: 1725581975; average rank: 476.43; best: 325; worst: 611; stddev: 85.74; experts: 8; Sleeper match: matched_name. Near-draft proxy only; historical endpoint was finalized after the Bishop auction.,1170
FantasyPros ECR,2024,2024-09-06,draft,half_ppr,526,WR178,Isaiah Williams,11608,WR,,,,FA,FantasyPros updated timestamp: 1725581975; average rank: 477.29; best: 340; worst: 606; stddev: 83.61; experts: 8; Sleeper match: matched_name_position. Near-draft proxy only; historical endpoint was finalized after the Bishop auction.,1171
FantasyPros ECR,2024,2024-09-06,draft,half_ppr,527,RB141,Ronald Jones II,,RB,,,,FA,FantasyPros updated timestamp: 1725581975; average rank: 510.50; best: 393; worst: 646; stddev: 90.55; experts: 9; Sleeper match: ambiguous_name. Near-draft proxy only; historical endpoint was finalized after the Bishop auction.,1172
FantasyPros ECR,2024,2024-09-06,draft,half_ppr,528,QB53,Jimmy Garoppolo,1837,QB,,,6,LAR,FantasyPros updated timestamp: 1725581975; average rank: 442.83; best: 343; worst: 676; stddev: 113.68; experts: 7; Sleeper match: matched_name. Near-draft proxy only; historical endpoint was finalized after the Bishop auction.,1173
FantasyPros ECR,2024,2024-09-06,draft,half_ppr,529,RB142,Kene Nwangwu,7720,RB,,,12,NYJ,FantasyPros updated timestamp: 1725581975; average rank: 449.17; best: 403; worst: 524; stddev: 37.77; experts: 7; Sleeper match: matched_name. Near-draft proxy only; historical endpoint was finalized after the Bishop auction.,1174
FantasyPros ECR,2024,2024-09-06,draft,half_ppr,530,WR179,Malik Heath,11210,WR,,,,FA,FantasyPros updated timestamp: 1725581975; average rank: 524.38; best: 395; worst: 659; stddev: 95.86; experts: 9; Sleeper match: matched_name. Near-draft proxy only; historical endpoint was finalized after the Bishop auction.,1175
FantasyPros ECR,2024,2024-09-06,draft,half_ppr,531,QB54,Josh Johnson,260,QB,,,,FA,FantasyPros updated timestamp: 1725581975; average rank: 419.00; best: 385; worst: 532; stddev: 56.59; experts: 6; Sleeper match: matched_name_position. Near-draft proxy only; historical endpoint was finalized after the Bishop auction.,1176
FantasyPros ECR,2024,2024-09-06,draft,half_ppr,532,K36,Riley Patterson,7922,K,,,6,MIA,FantasyPros updated timestamp: 1725581975; average rank: 344.25; best: 269; worst: 433; stddev: 69.56; experts: 4; Sleeper match: matched_name. Near-draft proxy only; historical endpoint was finalized after the Bishop auction.,1177
FantasyPros ECR,2024,2024-09-06,draft,half_ppr,533,RB143,Michael Burton,2471,RB,,,10,CLE,FantasyPros updated timestamp: 1725581975; average rank: 476.17; best: 386; worst: 527; stddev: 46.75; experts: 7; Sleeper match: matched_name. Near-draft proxy only; historical endpoint was finalized after the Bishop auction.,1178
FantasyPros ECR,2024,2024-09-06,draft,half_ppr,534,WR180,Isaiah Hodgins,6920,WR,,,,FA,FantasyPros updated timestamp: 1725581975; average rank: 477.83; best: 382; worst: 571; stddev: 58.42; experts: 7; Sleeper match: matched_name. Near-draft proxy only; historical endpoint was finalized after the Bishop auction.,1179
FantasyPros ECR,2024,2024-09-06,draft,half_ppr,535,WR181,Kyle Philips,8171,WR,,,,FA,FantasyPros updated timestamp: 1725581975; average rank: 478.17; best: 343; worst: 596; stddev: 85.21; experts: 7; Sleeper match: matched_name. Near-draft proxy only; historical endpoint was finalized after the Bishop auction.,1180
FantasyPros ECR,2024,2024-09-06,draft,half_ppr,536,RB144,Darrynton Evans,7064,RB,,,,FA,FantasyPros updated timestamp: 1725581975; average rank: 478.33; best: 386; worst: 542; stddev: 61.32; experts: 7; Sleeper match: matched_name. Near-draft proxy only; historical endpoint was finalized after the Bishop auction.,1181
FantasyPros ECR,2024,2024-09-06,draft,half_ppr,537,WR182,Cornelius Johnson,11815,WR,,,14,BAL,FantasyPros updated timestamp: 1725581975; average rank: 479.50; best: 371; worst: 598; stddev: 67.05; experts: 7; Sleeper match: matched_name. Near-draft proxy only; historical endpoint was finalized after the Bishop auction.,1182
FantasyPros ECR,2024,2024-09-06,draft,half_ppr,538,QB55,Andy Dalton,829,QB,,,5,PHI,FantasyPros updated timestamp: 1725581975; average rank: 435.40; best: 305; worst: 682; stddev: 130.55; experts: 5; Sleeper match: matched_name. Near-draft proxy only; historical endpoint was finalized after the Bishop auction.,1183
FantasyPros ECR,2024,2024-09-06,draft,half_ppr,539,QB56,Desmond Ridder,8159,QB,,,,FA,FantasyPros updated timestamp: 1725581975; average rank: 436.20; best: 258; worst: 680; stddev: 145.16; experts: 5; Sleeper match: matched_name. Near-draft proxy only; historical endpoint was finalized after the Bishop auction.,1184
FantasyPros ECR,2024,2024-09-06,draft,half_ppr,540,K37,Chad Ryland,10955,K,,,11,ARI,FantasyPros updated timestamp: 1725581975; average rank: 369.75; best: 249; worst: 495; stddev: 89.81; experts: 4; Sleeper match: matched_name. Near-draft proxy only; historical endpoint was finalized after the Bishop auction.,1185
FantasyPros ECR,2024,2024-09-06,draft,half_ppr,541,WR183,Kayshon Boutte,9504,WR,,,14,HOU,FantasyPros updated timestamp: 1725581975; average rank: 523.71; best: 406; worst: 638; stddev: 70.32; experts: 8; Sleeper match: matched_name. Near-draft proxy only; historical endpoint was finalized after the Bishop auction.,1186
FantasyPros ECR,2024,2024-09-06,draft,half_ppr,542,WR184,Jalen Guyton,6421,WR,,,,FA,FantasyPros updated timestamp: 1725581975; average rank: 460.60; best: 319; worst: 530; stddev: 73.80; experts: 5; Sleeper match: matched_name. Near-draft proxy only; historical endpoint was finalized after the Bishop auction.,1187
FantasyPros ECR,2024,2024-09-06,draft,half_ppr,543,WR185,Mason Tipton,11895,WR,,,12,NO,FantasyPros updated timestamp: 1725581975; average rank: 504.33; best: 365; worst: 587; stddev: 73.26; experts: 7; Sleeper match: matched_name. Near-draft proxy only; historical endpoint was finalized after the Bishop auction.,1188
FantasyPros ECR,2024,2024-09-06,draft,half_ppr,544,QB57,Mike White,5089,QB,,,,FA,FantasyPros updated timestamp: 1725581975; average rank: 463.40; best: 363; worst: 666; stddev: 113.06; experts: 5; Sleeper match: matched_name. Near-draft proxy only; historical endpoint was finalized after the Bishop auction.,1189
FantasyPros ECR,2024,2024-09-06,draft,half_ppr,545,WR186,Jamal Agnew,4198,WR,,,,FA,FantasyPros updated timestamp: 1725581975; average rank: 537.71; best: 440; worst: 624; stddev: 56.64; experts: 8; Sleeper match: matched_name. Near-draft proxy only; historical endpoint was finalized after the Bishop auction.,1190
FantasyPros ECR,2024,2024-09-06,draft,half_ppr,546,TE90,Ross Dwelley,5285,TE,,,,FA,FantasyPros updated timestamp: 1725581975; average rank: 507.17; best: 428; worst: 580; stddev: 47.26; experts: 7; Sleeper match: matched_name. Near-draft proxy only; historical endpoint was finalized after the Bishop auction.,1191
FantasyPros ECR,2024,2024-09-06,draft,half_ppr,547,RB145,Dillon Johnson,11580,RB,,,,FA,FantasyPros updated timestamp: 1725581975; average rank: 466.00; best: 376; worst: 525; stddev: 51.07; experts: 6; Sleeper match: matched_name. Near-draft proxy only; historical endpoint was finalized after the Bishop auction.,1192
FantasyPros ECR,2024,2024-09-06,draft,half_ppr,548,WR187,Sterling Shepard,3200,WR,,,14,HOU,FantasyPros updated timestamp: 1725581975; average rank: 540.00; best: 377; worst: 643; stddev: 84.37; experts: 8; Sleeper match: matched_name. Near-draft proxy only; historical endpoint was finalized after the Bishop auction.,1193
FantasyPros ECR,2024,2024-09-06,draft,half_ppr,549,RB146,Khari Blasingame,6379,RB,,,,FA,FantasyPros updated timestamp: 1725581975; average rank: 468.60; best: 322; worst: 554; stddev: 84.53; experts: 5; Sleeper match: matched_name. Near-draft proxy only; historical endpoint was finalized after the Bishop auction.,1194
FantasyPros ECR,2024,2024-09-06,draft,half_ppr,550,TE91,Stephen Sullivan,6970,TE,,,,FA,FantasyPros updated timestamp: 1725581975; average rank: 470.00; best: 351; worst: 545; stddev: 70.50; experts: 5; Sleeper match: matched_name. Near-draft proxy only; historical endpoint was finalized after the Bishop auction.,1195
FantasyPros ECR,2024,2024-09-06,draft,half_ppr,551,WR188,Zach Pascal,4319,WR,,,,FA,FantasyPros updated timestamp: 1725581975; average rank: 519.00; best: 467; worst: 599; stddev: 46.07; experts: 7; Sleeper match: matched_name. Near-draft proxy only; historical endpoint was finalized after the Bishop auction.,1196
FantasyPros ECR,2024,2024-09-06,draft,half_ppr,552,WR189,Tyler Johnson,6960,WR,,,7,DAL,FantasyPros updated timestamp: 1725581975; average rank: 483.40; best: 372; worst: 570; stddev: 89.56; experts: 5; Sleeper match: matched_name_position. Near-draft proxy only; historical endpoint was finalized after the Bishop auction.,1197
FantasyPros ECR,2024,2024-09-06,draft,half_ppr,553,TE92,Grant Calcaterra,8177,TE,,,5,PHI,FantasyPros updated timestamp: 1725581975; average rank: 523.33; best: 423; worst: 638; stddev: 84.45; experts: 7; Sleeper match: matched_name. Near-draft proxy only; historical endpoint was finalized after the Bishop auction.,1198
FantasyPros ECR,2024,2024-09-06,draft,half_ppr,554,RB147,Tyrion Davis-Price,8211,RB,,,,FA,FantasyPros updated timestamp: 1725581975; average rank: 523.50; best: 392; worst: 672; stddev: 85.61; experts: 7; Sleeper match: matched_name. Near-draft proxy only; historical endpoint was finalized after the Bishop auction.,1199
FantasyPros ECR,2024,2024-09-06,draft,half_ppr,555,TE93,Tanner McLachlan,11598,TE,,,,FA,FantasyPros updated timestamp: 1725581975; average rank: 527.00; best: 465; worst: 592; stddev: 41.53; experts: 7; Sleeper match: matched_name. Near-draft proxy only; historical endpoint was finalized after the Bishop auction.,1200
FantasyPros ECR,2024,2024-09-06,draft,half_ppr,556,RB148,Reggie Gilliam,7204,RB,,,14,NE,FantasyPros updated timestamp: 1725581975; average rank: 488.40; best: 387; worst: 568; stddev: 61.57; experts: 6; Sleeper match: matched_name. Near-draft proxy only; historical endpoint was finalized after the Bishop auction.,1201
FantasyPros ECR,2024,2024-09-06,draft,half_ppr,557,WR190,Deonte Harty,6234,WR,,,,FA,FantasyPros updated timestamp: 1725581975; average rank: 491.40; best: 404; worst: 551; stddev: 55.17; experts: 6; Sleeper match: matched_name. Near-draft proxy only; historical endpoint was finalized after the Bishop auction.,1202
FantasyPros ECR,2024,2024-09-06,draft,half_ppr,558,RB149,Kendall Milton,11649,RB,,,12,CIN,FantasyPros updated timestamp: 1725581975; average rank: 491.40; best: 446; worst: 524; stddev: 26.17; experts: 6; Sleeper match: matched_name. Near-draft proxy only; historical endpoint was finalized after the Bishop auction.,1203
FantasyPros ECR,2024,2024-09-06,draft,half_ppr,559,WR191,Bryce Ford-Wheaton,9499,WR,,,,FA,FantasyPros updated timestamp: 1725581975; average rank: 436.50; best: 317; worst: 581; stddev: 101.89; experts: 4; Sleeper match: matched_name. Near-draft proxy only; historical endpoint was finalized after the Bishop auction.,1204
FantasyPros ECR,2024,2024-09-06,draft,half_ppr,560,TE94,Albert Okwuegbunam Jr.,6843,TE,,,10,LV,FantasyPros updated timestamp: 1725581975; average rank: 532.67; best: 425; worst: 609; stddev: 57.80; experts: 7; Sleeper match: matched_name. Near-draft proxy only; historical endpoint was finalized after the Bishop auction.,1205
FantasyPros ECR,2024,2024-09-06,draft,half_ppr,561,K38,Brett Maher,4958,K,,,,FA,FantasyPros updated timestamp: 1725581975; average rank: 347.33; best: 308; worst: 420; stddev: 51.44; experts: 3; Sleeper match: matched_name. Near-draft proxy only; historical endpoint was finalized after the Bishop auction.,1206
FantasyPros ECR,2024,2024-09-06,draft,half_ppr,562,WR192,Jalen Coker,11646,WR,,,11,CAR,FantasyPros updated timestamp: 1725581975; average rank: 498.00; best: 357; worst: 567; stddev: 75.32; experts: 5; Sleeper match: matched_name. Near-draft proxy only; historical endpoint was finalized after the Bishop auction.,1207
FantasyPros ECR,2024,2024-09-06,draft,half_ppr,563,WR193,Ashton Dulin,6427,WR,,,14,IND,FantasyPros updated timestamp: 1725581975; average rank: 444.50; best: 355; worst: 559; stddev: 75.47; experts: 4; Sleeper match: matched_name. Near-draft proxy only; historical endpoint was finalized after the Bishop auction.,1208
FantasyPros ECR,2024,2024-09-06,draft,half_ppr,564,TE95,Jack Stoll,7946,TE,,,,FA,FantasyPros updated timestamp: 1725581975; average rank: 504.20; best: 394; worst: 568; stddev: 59.44; experts: 5; Sleeper match: matched_name. Near-draft proxy only; historical endpoint was finalized after the Bishop auction.,1209
FantasyPros ECR,2024,2024-09-06,draft,half_ppr,565,WR194,Joe Parker,,WR,,,,FA,FantasyPros updated timestamp: 1725581975; average rank: 506.60; best: 400; worst: 578; stddev: 58.78; experts: 5; Sleeper match: unmatched. Near-draft proxy only; historical endpoint was finalized after the Bishop auction.,1210
FantasyPros ECR,2024,2024-09-06,draft,half_ppr,566,WR195,Daurice Fountain,5102,WR,,,,FA,FantasyPros updated timestamp: 1725581975; average rank: 453.25; best: 387; worst: 493; stddev: 40.72; experts: 4; Sleeper match: matched_name. Near-draft proxy only; historical endpoint was finalized after the Bishop auction.,1211
FantasyPros ECR,2024,2024-09-06,draft,half_ppr,567,RB150,Daijun Edwards,11857,RB,,,,FA,FantasyPros updated timestamp: 1725581975; average rank: 507.60; best: 408; worst: 565; stddev: 53.67; experts: 5; Sleeper match: matched_name. Near-draft proxy only; historical endpoint was finalized after the Bishop auction.,1212
FantasyPros ECR,2024,2024-09-06,draft,half_ppr,568,RB151,Aaron Shampklin,8809,RB,,,,FA,FantasyPros updated timestamp: 1725581975; average rank: 508.40; best: 365; worst: 690; stddev: 115.22; experts: 5; Sleeper match: matched_name. Near-draft proxy only; historical endpoint was finalized after the Bishop auction.,1213
FantasyPros ECR,2024,2024-09-06,draft,half_ppr,569,RB152,Zach Evans,9222,RB,,,,FA,FantasyPros updated timestamp: 1725581975; average rank: 508.40; best: 473; worst: 558; stddev: 32.55; experts: 6; Sleeper match: matched_name. Near-draft proxy only; historical endpoint was finalized after the Bishop auction.,1214
FantasyPros ECR,2024,2024-09-06,draft,half_ppr,570,WR196,Xavier Weaver,11921,WR,,,11,ARI,FantasyPros updated timestamp: 1725581975; average rank: 545.00; best: 493; worst: 603; stddev: 36.73; experts: 7; Sleeper match: matched_name. Near-draft proxy only; historical endpoint was finalized after the Bishop auction.,1215
FantasyPros ECR,2024,2024-09-06,draft,half_ppr,571,RB153,DeWayne McBride,9512,RB,,,,FA,FantasyPros updated timestamp: 1725581975; average rank: 510.40; best: 315; worst: 674; stddev: 141.12; experts: 5; Sleeper match: matched_name. Near-draft proxy only; historical endpoint was finalized after the Bishop auction.,1216
FantasyPros ECR,2024,2024-09-06,draft,half_ppr,572,RB154,Adam Prentice,8025,RB,,,14,DEN,FantasyPros updated timestamp: 1725581975; average rank: 510.40; best: 438; worst: 554; stddev: 39.45; experts: 6; Sleeper match: matched_name. Near-draft proxy only; historical endpoint was finalized after the Bishop auction.,1217
FantasyPros ECR,2024,2024-09-06,draft,half_ppr,573,TE96,Jesper Horsted,6075,TE,,,,FA,FantasyPros updated timestamp: 1725581975; average rank: 511.20; best: 401; worst: 602; stddev: 79.09; experts: 5; Sleeper match: matched_name. Near-draft proxy only; historical endpoint was finalized after the Bishop auction.,1218
FantasyPros ECR,2024,2024-09-06,draft,half_ppr,574,TE97,Dylan Parham,8751,TE,,,,FA,FantasyPros updated timestamp: 1725581975; average rank: 459.00; best: 295; worst: 546; stddev: 97.20; experts: 4; Sleeper match: matched_name_position. Near-draft proxy only; historical endpoint was finalized after the Bishop auction.,1219
FantasyPros ECR,2024,2024-09-06,draft,half_ppr,575,WR197,Marcus Rosemy-Jacksaint,11946,WR,,,,FA,FantasyPros updated timestamp: 1725581975; average rank: 514.20; best: 379; worst: 576; stddev: 69.94; experts: 6; Sleeper match: matched_name. Near-draft proxy only; historical endpoint was finalized after the Bishop auction.,1220
FantasyPros ECR,2024,2024-09-06,draft,half_ppr,576,QB58,Tommy DeVito,11292,QB,,,14,NE,FantasyPros updated timestamp: 1725581975; average rank: 464.25; best: 340; worst: 663; stddev: 121.98; experts: 4; Sleeper match: matched_name. Near-draft proxy only; historical endpoint was finalized after the Bishop auction.,1221
FantasyPros ECR,2024,2024-09-06,draft,half_ppr,577,RB155,Dante Miller,11654,RB,,,,FA,FantasyPros updated timestamp: 1725581975; average rank: 516.60; best: 435; worst: 589; stddev: 51.06; experts: 6; Sleeper match: matched_name. Near-draft proxy only; historical endpoint was finalized after the Bishop auction.,1222
FantasyPros ECR,2024,2024-09-06,draft,half_ppr,578,RB156,Chris Brooks,11370,RB,,,10,GB,FantasyPros updated timestamp: 1725581975; average rank: 517.00; best: 391; worst: 576; stddev: 64.93; experts: 5; Sleeper match: matched_name. Near-draft proxy only; historical endpoint was finalized after the Bishop auction.,1223
FantasyPros ECR,2024,2024-09-06,draft,half_ppr,579,WR198,Emeka Egbuka,12514,WR,,,11,TB,FantasyPros updated timestamp: 1725581975; average rank: 466.50; best: 321; worst: 538; stddev: 85.24; experts: 4; Sleeper match: matched_name. Near-draft proxy only; historical endpoint was finalized after the Bishop auction.,1224
FantasyPros ECR,2024,2024-09-06,draft,half_ppr,580,WR199,Denzel Mims,6849,WR,,,,FA,FantasyPros updated timestamp: 1725581975; average rank: 518.20; best: 466; worst: 585; stddev: 49.93; experts: 6; Sleeper match: matched_name. Near-draft proxy only; historical endpoint was finalized after the Bishop auction.,1225
FantasyPros ECR,2024,2024-09-06,draft,half_ppr,581,RB157,Jakob Johnson,6202,RB,,,,FA,FantasyPros updated timestamp: 1725581975; average rank: 468.75; best: 342; worst: 590; stddev: 93.93; experts: 4; Sleeper match: matched_name. Near-draft proxy only; historical endpoint was finalized after the Bishop auction.,1226
FantasyPros ECR,2024,2024-09-06,draft,half_ppr,582,RB158,George Holani,12048,RB,,,10,SEA,FantasyPros updated timestamp: 1725581975; average rank: 520.80; best: 493; worst: 547; stddev: 20.02; experts: 5; Sleeper match: matched_name. Near-draft proxy only; historical endpoint was finalized after the Bishop auction.,1227
FantasyPros ECR,2024,2024-09-06,draft,half_ppr,583,WR200,Simi Fehoko,7812,WR,,,11,ARI,FantasyPros updated timestamp: 1725581975; average rank: 555.33; best: 476; worst: 600; stddev: 38.14; experts: 7; Sleeper match: matched_name. Near-draft proxy only; historical endpoint was finalized after the Bishop auction.,1228
FantasyPros ECR,2024,2024-09-06,draft,half_ppr,584,RB159,Emani Bailey,11998,RB,,,,FA,FantasyPros updated timestamp: 1725581975; average rank: 522.40; best: 382; worst: 576; stddev: 71.51; experts: 6; Sleeper match: matched_name. Near-draft proxy only; historical endpoint was finalized after the Bishop auction.,1229
FantasyPros ECR,2024,2024-09-06,draft,half_ppr,585,TE98,Daniel Helm,6089,TE,,,,FA,FantasyPros updated timestamp: 1725581975; average rank: 524.60; best: 384; worst: 589; stddev: 76.88; experts: 5; Sleeper match: matched_name. Near-draft proxy only; historical endpoint was finalized after the Bishop auction.,1230
FantasyPros ECR,2024,2024-09-06,draft,half_ppr,586,TE99,Chris Manhertz,3048,TE,,,11,NYG,FantasyPros updated timestamp: 1725581975; average rank: 529.00; best: 380; worst: 627; stddev: 85.79; experts: 6; Sleeper match: matched_name. Near-draft proxy only; historical endpoint was finalized after the Bishop auction.,1231
FantasyPros ECR,2024,2024-09-06,draft,half_ppr,587,TE100,Charlie Kolar,8127,TE,,,5,LAC,FantasyPros updated timestamp: 1725581975; average rank: 529.00; best: 450; worst: 598; stddev: 51.72; experts: 6; Sleeper match: matched_name. Near-draft proxy only; historical endpoint was finalized after the Bishop auction.,1232
FantasyPros ECR,2024,2024-09-06,draft,half_ppr,588,RB160,Carlos Washington Jr.,11186,RB,,,6,MIA,FantasyPros updated timestamp: 1725581975; average rank: 529.20; best: 407; worst: 586; stddev: 66.47; experts: 5; Sleeper match: matched_name. Near-draft proxy only; historical endpoint was finalized after the Bishop auction.,1233
FantasyPros ECR,2024,2024-09-06,draft,half_ppr,589,TE101,Peyton Hendershot,8197,TE,,,,FA,FantasyPros updated timestamp: 1725581975; average rank: 532.40; best: 497; worst: 588; stddev: 36.18; experts: 6; Sleeper match: matched_name. Near-draft proxy only; historical endpoint was finalized after the Bishop auction.,1234
FantasyPros ECR,2024,2024-09-06,draft,half_ppr,590,TE102,James Mitchell,8170,TE,,,11,CAR,FantasyPros updated timestamp: 1725581975; average rank: 532.80; best: 403; worst: 595; stddev: 72.12; experts: 6; Sleeper match: matched_name. Near-draft proxy only; historical endpoint was finalized after the Bishop auction.,1235
FantasyPros ECR,2024,2024-09-06,draft,half_ppr,591,TE103,Tucker Fisk,8885,TE,,,,FA,FantasyPros updated timestamp: 1725581975; average rank: 534.60; best: 405; worst: 596; stddev: 72.02; experts: 5; Sleeper match: matched_name. Near-draft proxy only; historical endpoint was finalized after the Bishop auction.,1236
FantasyPros ECR,2024,2024-09-06,draft,half_ppr,592,TE104,Zack Kuntz,9483,TE,,,7,DAL,FantasyPros updated timestamp: 1725581975; average rank: 534.60; best: 426; worst: 607; stddev: 62.19; experts: 5; Sleeper match: matched_name. Near-draft proxy only; historical endpoint was finalized after the Bishop auction.,1237
FantasyPros ECR,2024,2024-09-06,draft,half_ppr,593,QB59,Tyler Huntley,7083,QB,,,14,BAL,FantasyPros updated timestamp: 1725581975; average rank: 490.25; best: 367; worst: 668; stddev: 120.49; experts: 4; Sleeper match: matched_name. Near-draft proxy only; historical endpoint was finalized after the Bishop auction.,1238
FantasyPros ECR,2024,2024-09-06,draft,half_ppr,594,TE105,Nick Vannett,3258,TE,,,10,SEA,FantasyPros updated timestamp: 1725581975; average rank: 536.80; best: 470; worst: 604; stddev: 48.78; experts: 6; Sleeper match: matched_name. Near-draft proxy only; historical endpoint was finalized after the Bishop auction.,1239
FantasyPros ECR,2024,2024-09-06,draft,half_ppr,595,WR201,Lawrence Cager,7106,WR,,,14,WAS,FantasyPros updated timestamp: 1725581975; average rank: 537.60; best: 416; worst: 590; stddev: 63.42; experts: 5; Sleeper match: matched_name. Near-draft proxy only; historical endpoint was finalized after the Bishop auction.,1240
FantasyPros ECR,2024,2024-09-06,draft,half_ppr,596,TE106,Geoff Swaim,2545,TE,,,,FA,FantasyPros updated timestamp: 1725581975; average rank: 537.80; best: 412; worst: 599; stddev: 70.57; experts: 5; Sleeper match: matched_name. Near-draft proxy only; historical endpoint was finalized after the Bishop auction.,1241
FantasyPros ECR,2024,2024-09-06,draft,half_ppr,597,TE107,Tyler Mabry,7427,TE,,,,FA,FantasyPros updated timestamp: 1725581975; average rank: 538.00; best: 411; worst: 600; stddev: 70.96; experts: 5; Sleeper match: matched_name. Near-draft proxy only; historical endpoint was finalized after the Bishop auction.,1242
FantasyPros ECR,2024,2024-09-06,draft,half_ppr,598,TE108,Devin Culp,11820,TE,,,11,TB,FantasyPros updated timestamp: 1725581975; average rank: 538.20; best: 432; worst: 613; stddev: 65.06; experts: 6; Sleeper match: matched_name. Near-draft proxy only; historical endpoint was finalized after the Bishop auction.,1243
FantasyPros ECR,2024,2024-09-06,draft,half_ppr,599,TE109,Nick Guggemos,8038,TE,,,,FA,FantasyPros updated timestamp: 1725581975; average rank: 542.60; best: 419; worst: 603; stddev: 69.18; experts: 5; Sleeper match: matched_name. Near-draft proxy only; historical endpoint was finalized after the Bishop auction.,1244
FantasyPros ECR,2024,2024-09-06,draft,half_ppr,600,WR202,Kameron Johnson,11994,WR,,,11,TB,FantasyPros updated timestamp: 1725581975; average rank: 425.00; best: 405; worst: 457; stddev: 22.86; experts: 3; Sleeper match: matched_name. Near-draft proxy only; historical endpoint was finalized after the Bishop auction.,1245
FantasyPros ECR,2024,2024-09-06,draft,half_ppr,601,TE110,Hunter Long,7535,TE,,,11,ARI,FantasyPros updated timestamp: 1725581975; average rank: 544.60; best: 463; worst: 623; stddev: 57.50; experts: 6; Sleeper match: matched_name. Near-draft proxy only; historical endpoint was finalized after the Bishop auction.,1246
FantasyPros ECR,2024,2024-09-06,draft,half_ppr,602,TE111,Teagan Quitoriano,8227,TE,,,11,ARI,FantasyPros updated timestamp: 1725581975; average rank: 544.80; best: 423; worst: 604; stddev: 68.36; experts: 5; Sleeper match: matched_name. Near-draft proxy only; historical endpoint was finalized after the Bishop auction.,1247
FantasyPros ECR,2024,2024-09-06,draft,half_ppr,603,TE112,Ko Kieft,8484,TE,,,11,TB,FantasyPros updated timestamp: 1725581975; average rank: 545.60; best: 481; worst: 612; stddev: 51.74; experts: 6; Sleeper match: matched_name. Near-draft proxy only; historical endpoint was finalized after the Bishop auction.,1248
FantasyPros ECR,2024,2024-09-06,draft,half_ppr,604,RB161,Michael Wiley,11943,RB,,,,FA,FantasyPros updated timestamp: 1725581975; average rank: 546.60; best: 462; worst: 603; stddev: 48.59; experts: 5; Sleeper match: matched_name. Near-draft proxy only; historical endpoint was finalized after the Bishop auction.,1249
FantasyPros ECR,2024,2024-09-06,draft,half_ppr,605,RB162,Demetric Felton Jr.,7609,RB,,,,FA,FantasyPros updated timestamp: 1725581975; average rank: 547.20; best: 525; worst: 571; stddev: 16.38; experts: 6; Sleeper match: matched_name. Near-draft proxy only; historical endpoint was finalized after the Bishop auction.,1250
FantasyPros ECR,2024,2024-09-06,draft,half_ppr,606,RB163,James Robinson,6955,RB,,,,FA,FantasyPros updated timestamp: 1725581975; average rank: 504.25; best: 487; worst: 528; stddev: 16.77; experts: 4; Sleeper match: matched_name. Near-draft proxy only; historical endpoint was finalized after the Bishop auction.,1251
FantasyPros ECR,2024,2024-09-06,draft,half_ppr,607,TE113,Tyler Kroft,2390,TE,,,,FA,FantasyPros updated timestamp: 1725581975; average rank: 548.40; best: 397; worst: 616; stddev: 79.87; experts: 5; Sleeper match: matched_name. Near-draft proxy only; historical endpoint was finalized after the Bishop auction.,1252
FantasyPros ECR,2024,2024-09-06,draft,half_ppr,608,TE114,Stephen Carlson,6451,TE,,,7,CHI,FantasyPros updated timestamp: 1725581975; average rank: 548.80; best: 422; worst: 615; stddev: 72.42; experts: 5; Sleeper match: matched_name. Near-draft proxy only; historical endpoint was finalized after the Bishop auction.,1253
FantasyPros ECR,2024,2024-09-06,draft,half_ppr,609,RB164,Gary Brightwell,7529,RB,,,12,CIN,FantasyPros updated timestamp: 1725581975; average rank: 549.20; best: 392; worst: 662; stddev: 89.33; experts: 6; Sleeper match: matched_name. Near-draft proxy only; historical endpoint was finalized after the Bishop auction.,1254
FantasyPros ECR,2024,2024-09-06,draft,half_ppr,610,WR203,Chris Conley,2381,WR,,,,FA,FantasyPros updated timestamp: 1725581975; average rank: 549.40; best: 398; worst: 645; stddev: 88.63; experts: 5; Sleeper match: matched_name. Near-draft proxy only; historical endpoint was finalized after the Bishop auction.,1255
FantasyPros ECR,2024,2024-09-06,draft,half_ppr,611,TE115,Quintin Morris,7536,TE,,,12,JAC,FantasyPros updated timestamp: 1725581975; average rank: 549.80; best: 476; worst: 617; stddev: 52.71; experts: 6; Sleeper match: matched_name. Near-draft proxy only; historical endpoint was finalized after the Bishop auction.,1256
FantasyPros ECR,2024,2024-09-06,draft,half_ppr,612,TE116,Michael Jacobson,8094,TE,,,,FA,FantasyPros updated timestamp: 1725581975; average rank: 550.40; best: 421; worst: 618; stddev: 73.61; experts: 5; Sleeper match: matched_name. Near-draft proxy only; historical endpoint was finalized after the Bishop auction.,1257
FantasyPros ECR,2024,2024-09-06,draft,half_ppr,613,TE117,Ben Sims,11082,TE,,,6,MIA,FantasyPros updated timestamp: 1725581975; average rank: 550.80; best: 458; worst: 636; stddev: 70.59; experts: 5; Sleeper match: matched_name. Near-draft proxy only; historical endpoint was finalized after the Bishop auction.,1258
FantasyPros ECR,2024,2024-09-06,draft,half_ppr,614,TE118,Tommy Hudson,7439,TE,,,,FA,FantasyPros updated timestamp: 1725581975; average rank: 552.20; best: 440; worst: 610; stddev: 64.58; experts: 5; Sleeper match: matched_name. Near-draft proxy only; historical endpoint was finalized after the Bishop auction.,1259
FantasyPros ECR,2024,2024-09-06,draft,half_ppr,615,TE119,Jimmy Graham,616,TE,,,,FA,FantasyPros updated timestamp: 1725581975; average rank: 552.80; best: 467; worst: 608; stddev: 54.20; experts: 5; Sleeper match: matched_name. Near-draft proxy only; historical endpoint was finalized after the Bishop auction.,1260
FantasyPros ECR,2024,2024-09-06,draft,half_ppr,616,TE120,Kenny Yeboah,7597,TE,,,,FA,FantasyPros updated timestamp: 1725581975; average rank: 553.40; best: 447; worst: 626; stddev: 62.54; experts: 5; Sleeper match: matched_name. Near-draft proxy only; historical endpoint was finalized after the Bishop auction.,1261
FantasyPros ECR,2024,2024-09-06,draft,half_ppr,617,WR204,DeAndre Carter,2750,WR,,,,FA,FantasyPros updated timestamp: 1725581975; average rank: 581.67; best: 487; worst: 686; stddev: 70.28; experts: 7; Sleeper match: matched_name. Near-draft proxy only; historical endpoint was finalized after the Bishop auction.,1262
FantasyPros ECR,2024,2024-09-06,draft,half_ppr,618,WR205,Equanimeous St. Brown,5323,WR,,,,FA,FantasyPros updated timestamp: 1725581975; average rank: 557.80; best: 527; worst: 577; stddev: 17.77; experts: 5; Sleeper match: matched_name. Near-draft proxy only; historical endpoint was finalized after the Bishop auction.,1263
FantasyPros ECR,2024,2024-09-06,draft,half_ppr,619,TE121,Brycen Hopkins,6926,TE,,,,FA,FantasyPros updated timestamp: 1725581975; average rank: 559.00; best: 461; worst: 620; stddev: 63.31; experts: 5; Sleeper match: matched_name. Near-draft proxy only; historical endpoint was finalized after the Bishop auction.,1264
FantasyPros ECR,2024,2024-09-06,draft,half_ppr,620,TE122,Josiah Deguara,7050,TE,,,,FA,FantasyPros updated timestamp: 1725581975; average rank: 559.40; best: 519; worst: 606; stddev: 31.26; experts: 6; Sleeper match: matched_name. Near-draft proxy only; historical endpoint was finalized after the Bishop auction.,1265
FantasyPros ECR,2024,2024-09-06,draft,half_ppr,621,RB165,Lew Nichols III,9510,RB,,,9,PIT,FantasyPros updated timestamp: 1725581975; average rank: 560.00; best: 480; worst: 628; stddev: 50.81; experts: 5; Sleeper match: matched_name. Near-draft proxy only; historical endpoint was finalized after the Bishop auction.,1266
FantasyPros ECR,2024,2024-09-06,draft,half_ppr,622,QB60,Trey Lance,7610,QB,,,5,LAC,FantasyPros updated timestamp: 1725581975; average rank: 462.33; best: 329; worst: 660; stddev: 142.58; experts: 3; Sleeper match: matched_name. Near-draft proxy only; historical endpoint was finalized after the Bishop auction.,1267
FantasyPros ECR,2024,2024-09-06,draft,half_ppr,623,WR206,N'Keal Harry,5878,WR,,,,FA,FantasyPros updated timestamp: 1725581975; average rank: 571.60; best: 526; worst: 614; stddev: 30.74; experts: 6; Sleeper match: matched_name. Near-draft proxy only; historical endpoint was finalized after the Bishop auction.,1268
FantasyPros ECR,2024,2024-09-06,draft,half_ppr,624,QB61,Mitchell Trubisky,3976,QB,,,5,TEN,FantasyPros updated timestamp: 1725581975; average rank: 348.00; best: 307; worst: 389; stddev: 41.00; experts: 2; Sleeper match: matched_name. Near-draft proxy only; historical endpoint was finalized after the Bishop auction.,1269
FantasyPros ECR,2024,2024-09-06,draft,half_ppr,625,WR207,Antoine Green,11053,WR,,,,FA,FantasyPros updated timestamp: 1725581975; average rank: 573.60; best: 403; worst: 663; stddev: 90.42; experts: 5; Sleeper match: matched_name. Near-draft proxy only; historical endpoint was finalized after the Bishop auction.,1270
FantasyPros ECR,2024,2024-09-06,draft,half_ppr,626,WR208,Byron Pringle,5199,WR,,,,FA,FantasyPros updated timestamp: 1725581975; average rank: 575.80; best: 461; worst: 731; stddev: 88.36; experts: 5; Sleeper match: matched_name. Near-draft proxy only; historical endpoint was finalized after the Bishop auction.,1271
FantasyPros ECR,2024,2024-09-06,draft,half_ppr,627,RB166,Donovan Edwards,12515,RB,,,,FA,FantasyPros updated timestamp: 1725581975; average rank: 537.50; best: 517; worst: 557; stddev: 15.52; experts: 4; Sleeper match: matched_name. Near-draft proxy only; historical endpoint was finalized after the Bishop auction.,1272
FantasyPros ECR,2024,2024-09-06,draft,half_ppr,628,WR209,Chris Blair,7521,WR,,,12,ATL,FantasyPros updated timestamp: 1725581975; average rank: 540.75; best: 471; worst: 593; stddev: 45.53; experts: 4; Sleeper match: matched_name. Near-draft proxy only; historical endpoint was finalized after the Bishop auction.,1273
FantasyPros ECR,2024,2024-09-06,draft,half_ppr,629,RB167,Jonathan Ward,7087,RB,,,,FA,FantasyPros updated timestamp: 1725581975; average rank: 577.20; best: 481; worst: 630; stddev: 57.15; experts: 5; Sleeper match: matched_name. Near-draft proxy only; historical endpoint was finalized after the Bishop auction.,1274
FantasyPros ECR,2024,2024-09-06,draft,half_ppr,630,QB62,Malik Willis,8161,QB,,,6,MIA,FantasyPros updated timestamp: 1725581975; average rank: 484.67; best: 367; worst: 693; stddev: 147.73; experts: 3; Sleeper match: matched_name. Near-draft proxy only; historical endpoint was finalized after the Bishop auction.,1275
FantasyPros ECR,2024,2024-09-06,draft,half_ppr,631,TE123,Trevon Wesco,6181,TE,,,,FA,FantasyPros updated timestamp: 1725581975; average rank: 546.25; best: 404; worst: 605; stddev: 82.72; experts: 4; Sleeper match: matched_name. Near-draft proxy only; historical endpoint was finalized after the Bishop auction.,1276
FantasyPros ECR,2024,2024-09-06,draft,half_ppr,632,RB168,Nick Bawden,5116,RB,,,,FA,FantasyPros updated timestamp: 1725581975; average rank: 585.20; best: 515; worst: 669; stddev: 57.72; experts: 5; Sleeper match: matched_name. Near-draft proxy only; historical endpoint was finalized after the Bishop auction.,1277
FantasyPros ECR,2024,2024-09-06,draft,half_ppr,633,QB63,Dorian Thompson-Robinson,10862,QB,,,,FA,FantasyPros updated timestamp: 1725581975; average rank: 384.00; best: 347; worst: 421; stddev: 37.00; experts: 2; Sleeper match: matched_name. Near-draft proxy only; historical endpoint was finalized after the Bishop auction.,1278
FantasyPros ECR,2024,2024-09-06,draft,half_ppr,634,RB169,Jordan Scarlett,6167,RB,,,,FA,FantasyPros updated timestamp: 1725581975; average rank: 590.40; best: 500; worst: 647; stddev: 56.85; experts: 5; Sleeper match: matched_name. Near-draft proxy only; historical endpoint was finalized after the Bishop auction.,1279
FantasyPros ECR,2024,2024-09-06,draft,half_ppr,635,WR210,Jason Brownlee,11311,WR,,,6,KC,FantasyPros updated timestamp: 1725581975; average rank: 593.20; best: 510; worst: 679; stddev: 56.42; experts: 6; Sleeper match: matched_name. Near-draft proxy only; historical endpoint was finalized after the Bishop auction.,1280
FantasyPros ECR,2024,2024-09-06,draft,half_ppr,636,RB170,Derrick Gore,6753,RB,,,,FA,FantasyPros updated timestamp: 1725581975; average rank: 594.00; best: 504; worst: 651; stddev: 56.83; experts: 5; Sleeper match: matched_name. Near-draft proxy only; historical endpoint was finalized after the Bishop auction.,1281
FantasyPros ECR,2024,2024-09-06,draft,half_ppr,637,WR211,Tyrell Shavers,11377,WR,,,12,BUF,FantasyPros updated timestamp: 1725581975; average rank: 562.25; best: 364; worst: 653; stddev: 115.56; experts: 4; Sleeper match: matched_name. Near-draft proxy only; historical endpoint was finalized after the Bishop auction.,1282
FantasyPros ECR,2024,2024-09-06,draft,half_ppr,638,RB171,Tony Jones Jr.,6984,RB,,,,FA,FantasyPros updated timestamp: 1725581975; average rank: 595.00; best: 539; worst: 665; stddev: 47.45; experts: 5; Sleeper match: matched_name_position. Near-draft proxy only; historical endpoint was finalized after the Bishop auction.,1283
FantasyPros ECR,2024,2024-09-06,draft,half_ppr,639,RB172,Brandon Bolden,1034,RB,,,,FA,FantasyPros updated timestamp: 1725581975; average rank: 596.00; best: 512; worst: 652; stddev: 54.96; experts: 5; Sleeper match: matched_name. Near-draft proxy only; historical endpoint was finalized after the Bishop auction.,1284
FantasyPros ECR,2024,2024-09-06,draft,half_ppr,640,WR212,Grant DuBose,11024,WR,,,,FA,FantasyPros updated timestamp: 1725581975; average rank: 564.50; best: 551; worst: 578; stddev: 9.86; experts: 4; Sleeper match: matched_name. Near-draft proxy only; historical endpoint was finalized after the Bishop auction.,1285
FantasyPros ECR,2024,2024-09-06,draft,half_ppr,641,TE124,Brayden Willis,10224,TE,,,9,SF,FantasyPros updated timestamp: 1725581975; average rank: 564.75; best: 438; worst: 619; stddev: 73.89; experts: 4; Sleeper match: matched_name. Near-draft proxy only; historical endpoint was finalized after the Bishop auction.,1286
FantasyPros ECR,2024,2024-09-06,draft,half_ppr,642,RB173,Travis Homer,6012,RB,,,9,PIT,FantasyPros updated timestamp: 1725581975; average rank: 407.00; best: 342; worst: 472; stddev: 65.00; experts: 2; Sleeper match: matched_name. Near-draft proxy only; historical endpoint was finalized after the Bishop auction.,1287
FantasyPros ECR,2024,2024-09-06,draft,half_ppr,643,WR213,Ronnie Bell,10221,WR,,,,FA,FantasyPros updated timestamp: 1725581975; average rank: 596.80; best: 436; worst: 677; stddev: 84.23; experts: 6; Sleeper match: matched_name. Near-draft proxy only; historical endpoint was finalized after the Bishop auction.,1288
FantasyPros ECR,2024,2024-09-06,draft,half_ppr,644,TE125,Brady Russell,11280,TE,,,10,SEA,FantasyPros updated timestamp: 1725581975; average rank: 513.33; best: 420; worst: 610; stddev: 77.60; experts: 3; Sleeper match: matched_name. Near-draft proxy only; historical endpoint was finalized after the Bishop auction.,1289
FantasyPros ECR,2024,2024-09-06,draft,half_ppr,645,RB174,Jashaun Corbin,8194,RB,,,7,DAL,FantasyPros updated timestamp: 1725581975; average rank: 598.00; best: 498; worst: 661; stddev: 61.83; experts: 5; Sleeper match: matched_name. Near-draft proxy only; historical endpoint was finalized after the Bishop auction.,1290
FantasyPros ECR,2024,2024-09-06,draft,half_ppr,646,TE126,Nick Boyle,2474,TE,,,,FA,FantasyPros updated timestamp: 1725581975; average rank: 570.00; best: 446; worst: 625; stddev: 72.33; experts: 4; Sleeper match: matched_name. Near-draft proxy only; historical endpoint was finalized after the Bishop auction.,1291
FantasyPros ECR,2024,2024-09-06,draft,half_ppr,647,RB175,Ty Montgomery II,2399,RB,,,,FA,FantasyPros updated timestamp: 1725581975; average rank: 600.80; best: 548; worst: 648; stddev: 43.19; experts: 5; Sleeper match: matched_name. Near-draft proxy only; historical endpoint was finalized after the Bishop auction.,1292
FantasyPros ECR,2024,2024-09-06,draft,half_ppr,648,RB176,Patrick Laird,6311,RB,,,,FA,FantasyPros updated timestamp: 1725581975; average rank: 601.20; best: 517; worst: 655; stddev: 52.95; experts: 5; Sleeper match: matched_name. Near-draft proxy only; historical endpoint was finalized after the Bishop auction.,1293
FantasyPros ECR,2024,2024-09-06,draft,half_ppr,649,WR214,River Cracraft,4854,WR,,,,FA,FantasyPros updated timestamp: 1725581975; average rank: 604.60; best: 419; worst: 738; stddev: 122.34; experts: 5; Sleeper match: matched_name. Near-draft proxy only; historical endpoint was finalized after the Bishop auction.,1294
FantasyPros ECR,2024,2024-09-06,draft,half_ppr,650,WR215,Tylan Wallace,7595,WR,,,10,CLE,FantasyPros updated timestamp: 1725581975; average rank: 602.40; best: 485; worst: 711; stddev: 85.58; experts: 6; Sleeper match: matched_name. Near-draft proxy only; historical endpoint was finalized after the Bishop auction.,1295
FantasyPros ECR,2024,2024-09-06,draft,half_ppr,651,QB64,Cooper Rush,4574,QB,,,12,ATL,FantasyPros updated timestamp: 1725581975; average rank: 522.33; best: 348; worst: 702; stddev: 144.57; experts: 3; Sleeper match: matched_name. Near-draft proxy only; historical endpoint was finalized after the Bishop auction.,1296
FantasyPros ECR,2024,2024-09-06,draft,half_ppr,652,RB177,Mike Boone,5209,RB,,,,FA,FantasyPros updated timestamp: 1725581975; average rank: 605.00; best: 392; worst: 735; stddev: 122.79; experts: 5; Sleeper match: matched_name. Near-draft proxy only; historical endpoint was finalized after the Bishop auction.,1297
FantasyPros ECR,2024,2024-09-06,draft,half_ppr,653,TE127,Eric Tomlinson,2755,TE,,,,FA,FantasyPros updated timestamp: 1725581975; average rank: 573.00; best: 448; worst: 629; stddev: 72.89; experts: 4; Sleeper match: matched_name. Near-draft proxy only; historical endpoint was finalized after the Bishop auction.,1298
FantasyPros ECR,2024,2024-09-06,draft,half_ppr,654,RB178,Jermar Jefferson,7599,RB,,,6,MIN,FantasyPros updated timestamp: 1725581975; average rank: 603.20; best: 536; worst: 657; stddev: 52.66; experts: 5; Sleeper match: matched_name. Near-draft proxy only; historical endpoint was finalized after the Bishop auction.,1299
FantasyPros ECR,2024,2024-09-06,draft,half_ppr,655,RB179,Anthony McFarland Jr.,6878,RB,,,,FA,FantasyPros updated timestamp: 1725581975; average rank: 603.20; best: 549; worst: 651; stddev: 45.34; experts: 5; Sleeper match: matched_name. Near-draft proxy only; historical endpoint was finalized after the Bishop auction.,1300
FantasyPros ECR,2024,2024-09-06,draft,half_ppr,656,RB180,Trestan Ebner,8189,RB,,,,FA,FantasyPros updated timestamp: 1725581975; average rank: 573.50; best: 354; worst: 678; stddev: 128.61; experts: 4; Sleeper match: matched_name. Near-draft proxy only; historical endpoint was finalized after the Bishop auction.,1301
FantasyPros ECR,2024,2024-09-06,draft,half_ppr,657,RB181,Louis Rees-Zammit,11652,RB,,,,FA,FantasyPros updated timestamp: 1725581975; average rank: 525.00; best: 468; worst: 556; stddev: 40.36; experts: 3; Sleeper match: matched_name. Near-draft proxy only; historical endpoint was finalized after the Bishop auction.,1302
FantasyPros ECR,2024,2024-09-06,draft,half_ppr,658,TE128,Rodney Williams,8757,TE,,,,FA,FantasyPros updated timestamp: 1725581975; average rank: 574.75; best: 449; worst: 631; stddev: 73.32; experts: 4; Sleeper match: matched_name. Near-draft proxy only; historical endpoint was finalized after the Bishop auction.,1303
FantasyPros ECR,2024,2024-09-06,draft,half_ppr,659,RB182,Dontrell Hilliard,5536,RB,,,,FA,FantasyPros updated timestamp: 1725581975; average rank: 604.40; best: 523; worst: 662; stddev: 54.84; experts: 5; Sleeper match: matched_name. Near-draft proxy only; historical endpoint was finalized after the Bishop auction.,1304
FantasyPros ECR,2024,2024-09-06,draft,half_ppr,660,TE129,Jody Fortson Jr.,6665,TE,,,,FA,FantasyPros updated timestamp: 1725581975; average rank: 575.25; best: 499; worst: 660; stddev: 57.82; experts: 4; Sleeper match: matched_name. Near-draft proxy only; historical endpoint was finalized after the Bishop auction.,1305
FantasyPros ECR,2024,2024-09-06,draft,half_ppr,661,RB183,La'Mical Perine,6908,RB,,,,FA,FantasyPros updated timestamp: 1725581975; average rank: 575.50; best: 539; worst: 653; stddev: 45.36; experts: 4; Sleeper match: matched_name. Near-draft proxy only; historical endpoint was finalized after the Bishop auction.,1306
FantasyPros ECR,2024,2024-09-06,draft,half_ppr,662,TE130,Sean McKeon,6964,TE,,,14,IND,FantasyPros updated timestamp: 1725581975; average rank: 576.25; best: 450; worst: 633; stddev: 73.61; experts: 4; Sleeper match: matched_name. Near-draft proxy only; historical endpoint was finalized after the Bishop auction.,1307
FantasyPros ECR,2024,2024-09-06,draft,half_ppr,663,RB184,Bam Knight,,RB,,,11,ARI,FantasyPros updated timestamp: 1725581975; average rank: 527.67; best: 517; worst: 548; stddev: 14.38; experts: 3; Sleeper match: unmatched. Near-draft proxy only; historical endpoint was finalized after the Bishop auction.,1308
FantasyPros ECR,2024,2024-09-06,draft,half_ppr,664,TE131,Zach Davidson,7943,TE,,,,FA,FantasyPros updated timestamp: 1725581975; average rank: 577.50; best: 451; worst: 634; stddev: 73.75; experts: 4; Sleeper match: matched_name. Near-draft proxy only; historical endpoint was finalized after the Bishop auction.,1309
FantasyPros ECR,2024,2024-09-06,draft,half_ppr,665,TE132,Noah Togiai,7404,TE,,,,FA,FantasyPros updated timestamp: 1725581975; average rank: 578.50; best: 452; worst: 635; stddev: 73.75; experts: 4; Sleeper match: matched_name. Near-draft proxy only; historical endpoint was finalized after the Bishop auction.,1310
FantasyPros ECR,2024,2024-09-06,draft,half_ppr,666,WR216,Ihmir Smith-Marsette,7559,WR,,,11,ARI,FantasyPros updated timestamp: 1725581975; average rank: 607.60; best: 541; worst: 693; stddev: 58.85; experts: 6; Sleeper match: matched_name. Near-draft proxy only; historical endpoint was finalized after the Bishop auction.,1311
FantasyPros ECR,2024,2024-09-06,draft,half_ppr,667,WR217,Rakim Jarrett,9495,WR,,,,FA,FantasyPros updated timestamp: 1725581975; average rank: 607.80; best: 560; worst: 668; stddev: 39.60; experts: 5; Sleeper match: matched_name. Near-draft proxy only; historical endpoint was finalized after the Bishop auction.,1312
FantasyPros ECR,2024,2024-09-06,draft,half_ppr,668,TE133,Jake Tonges,8698,TE,,,9,SF,FantasyPros updated timestamp: 1725581975; average rank: 436.00; best: 374; worst: 498; stddev: 62.00; experts: 2; Sleeper match: matched_name. Near-draft proxy only; historical endpoint was finalized after the Bishop auction.,1313
FantasyPros ECR,2024,2024-09-06,draft,half_ppr,669,WR218,KJ Hamler,6805,WR,,,,FA,FantasyPros updated timestamp: 1725581975; average rank: 608.20; best: 533; worst: 660; stddev: 42.01; experts: 6; Sleeper match: matched_name. Near-draft proxy only; historical endpoint was finalized after the Bishop auction.,1314
FantasyPros ECR,2024,2024-09-06,draft,half_ppr,670,TE134,Zach Gentry,6018,TE,,,,FA,FantasyPros updated timestamp: 1725581975; average rank: 581.00; best: 453; worst: 639; stddev: 74.62; experts: 4; Sleeper match: matched_name. Near-draft proxy only; historical endpoint was finalized after the Bishop auction.,1315
FantasyPros ECR,2024,2024-09-06,draft,half_ppr,671,TE135,Anthony Firkser,4435,TE,,,,FA,FantasyPros updated timestamp: 1725581975; average rank: 581.25; best: 457; worst: 637; stddev: 72.47; experts: 4; Sleeper match: matched_name. Near-draft proxy only; historical endpoint was finalized after the Bishop auction.,1316
FantasyPros ECR,2024,2024-09-06,draft,half_ppr,672,WR219,Deven Thompkins,8253,WR,,,10,LV,FantasyPros updated timestamp: 1725581975; average rank: 610.00; best: 509; worst: 705; stddev: 65.67; experts: 6; Sleeper match: matched_name. Near-draft proxy only; historical endpoint was finalized after the Bishop auction.,1317
FantasyPros ECR,2024,2024-09-06,draft,half_ppr,673,RB185,Snoop Conner,8179,RB,,,,FA,FantasyPros updated timestamp: 1725581975; average rank: 610.80; best: 537; worst: 666; stddev: 52.27; experts: 5; Sleeper match: matched_name. Near-draft proxy only; historical endpoint was finalized after the Bishop auction.,1318
FantasyPros ECR,2024,2024-09-06,draft,half_ppr,674,TE136,Tyree Jackson,6040,TE,,,,FA,FantasyPros updated timestamp: 1725581975; average rank: 583.00; best: 455; worst: 641; stddev: 74.66; experts: 4; Sleeper match: matched_name. Near-draft proxy only; historical endpoint was finalized after the Bishop auction.,1319
FantasyPros ECR,2024,2024-09-06,draft,half_ppr,675,WR220,Russell Gage Jr.,5110,WR,,,,FA,FantasyPros updated timestamp: 1725581975; average rank: 611.20; best: 530; worst: 658; stddev: 46.95; experts: 5; Sleeper match: matched_name. Near-draft proxy only; historical endpoint was finalized after the Bishop auction.,1320
FantasyPros ECR,2024,2024-09-06,draft,half_ppr,676,WR221,Dareke Young,8527,WR,,,10,LV,FantasyPros updated timestamp: 1725581975; average rank: 444.00; best: 396; worst: 492; stddev: 48.00; experts: 2; Sleeper match: matched_name. Near-draft proxy only; historical endpoint was finalized after the Bishop auction.,1321
FantasyPros ECR,2024,2024-09-06,draft,half_ppr,677,TE137,Curtis Hodges,8192,TE,,,,FA,FantasyPros updated timestamp: 1725581975; average rank: 584.00; best: 456; worst: 642; stddev: 74.66; experts: 4; Sleeper match: matched_name. Near-draft proxy only; historical endpoint was finalized after the Bishop auction.,1322
FantasyPros ECR,2024,2024-09-06,draft,half_ppr,678,TE138,Jack Westover,12045,TE,,,14,NE,FantasyPros updated timestamp: 1725581975; average rank: 584.00; best: 505; worst: 664; stddev: 57.02; experts: 4; Sleeper match: matched_name. Near-draft proxy only; historical endpoint was finalized after the Bishop auction.,1323
FantasyPros ECR,2024,2024-09-06,draft,half_ppr,679,WR222,Josh Crockett,5760,WR,,,,FA,FantasyPros updated timestamp: 1725581975; average rank: 538.00; best: 480; worst: 627; stddev: 63.89; experts: 3; Sleeper match: matched_name. Near-draft proxy only; historical endpoint was finalized after the Bishop auction.,1324
FantasyPros ECR,2024,2024-09-06,draft,half_ppr,680,RB186,Jonathan Williams,3312,RB,,,,FA,FantasyPros updated timestamp: 1725581975; average rank: 613.40; best: 545; worst: 667; stddev: 50.51; experts: 5; Sleeper match: matched_name. Near-draft proxy only; historical endpoint was finalized after the Bishop auction.,1325
FantasyPros ECR,2024,2024-09-06,draft,half_ppr,681,WR223,Samori Toure,8235,WR,,,,FA,FantasyPros updated timestamp: 1725581975; average rank: 614.00; best: 511; worst: 724; stddev: 70.71; experts: 6; Sleeper match: matched_name. Near-draft proxy only; historical endpoint was finalized after the Bishop auction.,1326
FantasyPros ECR,2024,2024-09-06,draft,half_ppr,682,RB187,Wendell Smallwood,3309,RB,,,,FA,FantasyPros updated timestamp: 1725581975; average rank: 614.20; best: 542; worst: 670; stddev: 52.12; experts: 5; Sleeper match: matched_name. Near-draft proxy only; historical endpoint was finalized after the Bishop auction.,1327
FantasyPros ECR,2024,2024-09-06,draft,half_ppr,683,TE139,Tommy Sweeney,6137,TE,,,,FA,FantasyPros updated timestamp: 1725581975; average rank: 587.25; best: 460; worst: 644; stddev: 74.23; experts: 4; Sleeper match: matched_name. Near-draft proxy only; historical endpoint was finalized after the Bishop auction.,1328
FantasyPros ECR,2024,2024-09-06,draft,half_ppr,684,QB65,Hendon Hooker,9998,QB,,,5,TEN,FantasyPros updated timestamp: 1725581975; average rank: 543.00; best: 390; worst: 674; stddev: 116.98; experts: 3; Sleeper match: matched_name. Near-draft proxy only; historical endpoint was finalized after the Bishop auction.,1329
FantasyPros ECR,2024,2024-09-06,draft,half_ppr,685,TE140,Blake Bell,2422,TE,,,,FA,FantasyPros updated timestamp: 1725581975; average rank: 589.00; best: 462; worst: 645; stddev: 74.10; experts: 4; Sleeper match: matched_name. Near-draft proxy only; historical endpoint was finalized after the Bishop auction.,1330
FantasyPros ECR,2024,2024-09-06,draft,half_ppr,686,RB188,Pooka Williams Jr.,7560,RB,,,,FA,FantasyPros updated timestamp: 1725581975; average rank: 616.20; best: 546; worst: 671; stddev: 50.89; experts: 5; Sleeper match: matched_name. Near-draft proxy only; historical endpoint was finalized after the Bishop auction.,1331
FantasyPros ECR,2024,2024-09-06,draft,half_ppr,687,QB66,Tyson Bagent,11256,QB,,,7,CHI,FantasyPros updated timestamp: 1725581975; average rank: 546.33; best: 392; worst: 677; stddev: 117.55; experts: 3; Sleeper match: matched_name. Near-draft proxy only; historical endpoint was finalized after the Bishop auction.,1332
FantasyPros ECR,2024,2024-09-06,draft,half_ppr,688,TE141,Andrew Beck,6323,TE,,,12,NYJ,FantasyPros updated timestamp: 1725581975; average rank: 591.75; best: 497; worst: 656; stddev: 59.78; experts: 4; Sleeper match: matched_name. Near-draft proxy only; historical endpoint was finalized after the Bishop auction.,1333
FantasyPros ECR,2024,2024-09-06,draft,half_ppr,689,QB67,Stetson Bennett IV,10857,QB,,,6,LAR,FantasyPros updated timestamp: 1725581975; average rank: 548.33; best: 375; worst: 708; stddev: 136.29; experts: 3; Sleeper match: matched_name. Near-draft proxy only; historical endpoint was finalized after the Bishop auction.,1334
FantasyPros ECR,2024,2024-09-06,draft,half_ppr,690,WR224,Brandon Johnson,8756,WR,,,10,LV,FantasyPros updated timestamp: 1725581975; average rank: 619.60; best: 454; worst: 708; stddev: 87.61; experts: 6; Sleeper match: matched_name_position. Near-draft proxy only; historical endpoint was finalized after the Bishop auction.,1335
FantasyPros ECR,2024,2024-09-06,draft,half_ppr,691,WR225,Britain Covey,8414,WR,,,5,PHI,FantasyPros updated timestamp: 1725581975; average rank: 621.40; best: 451; worst: 700; stddev: 90.61; experts: 5; Sleeper match: matched_name. Near-draft proxy only; historical endpoint was finalized after the Bishop auction.,1336
FantasyPros ECR,2024,2024-09-06,draft,half_ppr,692,TE142,Logan Parker,,TE,,,,FA,FantasyPros updated timestamp: 1725581975; average rank: 599.25; best: 471; worst: 713; stddev: 99.65; experts: 4; Sleeper match: unmatched. Near-draft proxy only; historical endpoint was finalized after the Bishop auction.,1337
FantasyPros ECR,2024,2024-09-06,draft,half_ppr,693,WR226,Lil'Jordan Humphrey,5938,WR,,,14,DEN,FantasyPros updated timestamp: 1725581975; average rank: 624.40; best: 575; worst: 687; stddev: 40.55; experts: 6; Sleeper match: matched_name. Near-draft proxy only; historical endpoint was finalized after the Bishop auction.,1338
FantasyPros ECR,2024,2024-09-06,draft,half_ppr,694,WR227,Dante Pettis,4992,WR,,,,FA,FantasyPros updated timestamp: 1725581975; average rank: 561.33; best: 507; worst: 640; stddev: 56.96; experts: 3; Sleeper match: matched_name. Near-draft proxy only; historical endpoint was finalized after the Bishop auction.,1339
FantasyPros ECR,2024,2024-09-06,draft,half_ppr,695,WR228,John Ross,4038,WR,,,,FA,FantasyPros updated timestamp: 1725581975; average rank: 626.40; best: 584; worst: 664; stddev: 35.10; experts: 5; Sleeper match: matched_name. Near-draft proxy only; historical endpoint was finalized after the Bishop auction.,1340
FantasyPros ECR,2024,2024-09-06,draft,half_ppr,696,WR229,Bryan Thompson,11495,WR,,,,FA,FantasyPros updated timestamp: 1725581975; average rank: 603.00; best: 413; worst: 696; stddev: 111.44; experts: 4; Sleeper match: matched_name. Near-draft proxy only; historical endpoint was finalized after the Bishop auction.,1341
FantasyPros ECR,2024,2024-09-06,draft,half_ppr,697,WR230,Bisi Johnson,6088,WR,,,,FA,FantasyPros updated timestamp: 1725581975; average rank: 630.40; best: 568; worst: 676; stddev: 40.84; experts: 5; Sleeper match: matched_name. Near-draft proxy only; historical endpoint was finalized after the Bishop auction.,1342
FantasyPros ECR,2024,2024-09-06,draft,half_ppr,698,WR231,Tulu Griffin,11886,WR,,,,FA,FantasyPros updated timestamp: 1725581975; average rank: 630.40; best: 577; worst: 673; stddev: 38.21; experts: 5; Sleeper match: matched_name. Near-draft proxy only; historical endpoint was finalized after the Bishop auction.,1343
FantasyPros ECR,2024,2024-09-06,draft,half_ppr,699,RB189,TreVeyon Henderson,12529,RB,,,14,NE,FantasyPros updated timestamp: 1725581975; average rank: 571.00; best: 519; worst: 644; stddev: 53.15; experts: 3; Sleeper match: matched_name. Near-draft proxy only; historical endpoint was finalized after the Bishop auction.,1344
FantasyPros ECR,2024,2024-09-06,draft,half_ppr,700,WR232,Miles Boykin,5965,WR,,,,FA,FantasyPros updated timestamp: 1725581975; average rank: 631.80; best: 572; worst: 681; stddev: 42.81; experts: 5; Sleeper match: matched_name. Near-draft proxy only; historical endpoint was finalized after the Bishop auction.,1345
FantasyPros ECR,2024,2024-09-06,draft,half_ppr,701,WR233,Jalen Reagor,6798,WR,,,6,MIA,FantasyPros updated timestamp: 1725581975; average rank: 632.20; best: 556; worst: 704; stddev: 51.82; experts: 6; Sleeper match: matched_name. Near-draft proxy only; historical endpoint was finalized after the Bishop auction.,1346
FantasyPros ECR,2024,2024-09-06,draft,half_ppr,702,WR234,Dee Eskridge,7612,WR,,,,FA,FantasyPros updated timestamp: 1725581975; average rank: 634.40; best: 575; worst: 680; stddev: 39.86; experts: 5; Sleeper match: matched_name. Near-draft proxy only; historical endpoint was finalized after the Bishop auction.,1347
FantasyPros ECR,2024,2024-09-06,draft,half_ppr,703,TE143,Nick Muse,8523,TE,,,12,ATL,FantasyPros updated timestamp: 1725581975; average rank: 503.50; best: 478; worst: 529; stddev: 25.50; experts: 2; Sleeper match: matched_name. Near-draft proxy only; historical endpoint was finalized after the Bishop auction.,1348
FantasyPros ECR,2024,2024-09-06,draft,half_ppr,704,WR235,Jeff Foreman,11850,WR,,,,FA,FantasyPros updated timestamp: 1725581975; average rank: 635.80; best: 591; worst: 675; stddev: 34.38; experts: 5; Sleeper match: matched_name. Near-draft proxy only; historical endpoint was finalized after the Bishop auction.,1349
FantasyPros ECR,2024,2024-09-06,draft,half_ppr,705,WR236,Ramel Keyton,11885,WR,,,,FA,FantasyPros updated timestamp: 1725581975; average rank: 636.40; best: 594; worst: 697; stddev: 38.03; experts: 6; Sleeper match: matched_name. Near-draft proxy only; historical endpoint was finalized after the Bishop auction.,1350
FantasyPros ECR,2024,2024-09-06,draft,half_ppr,706,WR237,Alex Erickson,3433,WR,,,,FA,FantasyPros updated timestamp: 1725581975; average rank: 637.80; best: 578; worst: 685; stddev: 40.46; experts: 5; Sleeper match: matched_name. Near-draft proxy only; historical endpoint was finalized after the Bishop auction.,1351
FantasyPros ECR,2024,2024-09-06,draft,half_ppr,707,WR238,Devron Harper,11913,WR,,,,FA,FantasyPros updated timestamp: 1725581975; average rank: 639.20; best: 583; worst: 684; stddev: 38.35; experts: 5; Sleeper match: matched_name. Near-draft proxy only; historical endpoint was finalized after the Bishop auction.,1352
FantasyPros ECR,2024,2024-09-06,draft,half_ppr,708,RB190,Deon Jackson,7551,RB,,,,FA,FantasyPros updated timestamp: 1725581975; average rank: 584.00; best: 563; worst: 608; stddev: 18.49; experts: 3; Sleeper match: matched_name. Near-draft proxy only; historical endpoint was finalized after the Bishop auction.,1353
FantasyPros ECR,2024,2024-09-06,draft,half_ppr,709,WR239,Lynn Bowden Jr.,6909,WR,,,,FA,FantasyPros updated timestamp: 1725581975; average rank: 640.60; best: 588; worst: 691; stddev: 42.71; experts: 5; Sleeper match: matched_name. Near-draft proxy only; historical endpoint was finalized after the Bishop auction.,1354
FantasyPros ECR,2024,2024-09-06,draft,half_ppr,710,WR240,Nikko Remigio,11320,WR,,,6,KC,FantasyPros updated timestamp: 1725581975; average rank: 640.80; best: 596; worst: 683; stddev: 36.22; experts: 5; Sleeper match: matched_name. Near-draft proxy only; historical endpoint was finalized after the Bishop auction.,1355
FantasyPros ECR,2024,2024-09-06,draft,half_ppr,711,WR241,Ty James,11906,WR,,,,FA,FantasyPros updated timestamp: 1725581975; average rank: 641.40; best: 597; worst: 682; stddev: 34.44; experts: 5; Sleeper match: matched_name. Near-draft proxy only; historical endpoint was finalized after the Bishop auction.,1356
FantasyPros ECR,2024,2024-09-06,draft,half_ppr,712,WR242,Marquez Callaway,6989,WR,,,,FA,FantasyPros updated timestamp: 1725581975; average rank: 641.80; best: 589; worst: 692; stddev: 42.87; experts: 5; Sleeper match: matched_name. Near-draft proxy only; historical endpoint was finalized after the Bishop auction.,1357
FantasyPros ECR,2024,2024-09-06,draft,half_ppr,713,TE144,Bryson Nesbit,12941,TE,,,6,MIN,FantasyPros updated timestamp: 1725581975; average rank: 590.33; best: 542; worst: 654; stddev: 46.99; experts: 3; Sleeper match: matched_name. Near-draft proxy only; historical endpoint was finalized after the Bishop auction.,1358
FantasyPros ECR,2024,2024-09-06,draft,half_ppr,714,WR243,Jaxon Janke,12173,WR,,,,FA,FantasyPros updated timestamp: 1725581975; average rank: 593.67; best: 547; worst: 656; stddev: 45.86; experts: 3; Sleeper match: matched_name. Near-draft proxy only; historical endpoint was finalized after the Bishop auction.,1359
FantasyPros ECR,2024,2024-09-06,draft,half_ppr,715,WR244,Tejhaun Palmer,11802,WR,,,14,NE,FantasyPros updated timestamp: 1725581975; average rank: 645.40; best: 585; worst: 694; stddev: 40.68; experts: 5; Sleeper match: matched_name. Near-draft proxy only; historical endpoint was finalized after the Bishop auction.,1360
FantasyPros ECR,2024,2024-09-06,draft,half_ppr,716,WR245,Marquise Goodwin,1346,WR,,,,FA,FantasyPros updated timestamp: 1725581975; average rank: 645.60; best: 602; worst: 688; stddev: 36.01; experts: 5; Sleeper match: matched_name. Near-draft proxy only; historical endpoint was finalized after the Bishop auction.,1361
FantasyPros ECR,2024,2024-09-06,draft,half_ppr,717,WR246,Trishton Jackson,7009,WR,,,,FA,FantasyPros updated timestamp: 1725581975; average rank: 648.00; best: 608; worst: 706; stddev: 35.76; experts: 6; Sleeper match: matched_name. Near-draft proxy only; historical endpoint was finalized after the Bishop auction.,1362
FantasyPros ECR,2024,2024-09-06,draft,half_ppr,718,WR247,Richie James Jr.,5137,WR,,,,FA,FantasyPros updated timestamp: 1725581975; average rank: 599.00; best: 583; worst: 621; stddev: 16.08; experts: 3; Sleeper match: matched_name. Near-draft proxy only; historical endpoint was finalized after the Bishop auction.,1363
FantasyPros ECR,2024,2024-09-06,draft,half_ppr,719,RB191,Tyler Badie,8208,RB,,,14,DEN,FantasyPros updated timestamp: 1725581975; average rank: 540.00; best: 496; worst: 584; stddev: 44.00; experts: 2; Sleeper match: matched_name. Near-draft proxy only; historical endpoint was finalized after the Bishop auction.,1364
FantasyPros ECR,2024,2024-09-06,draft,half_ppr,720,QB68,Clayton Tune,10217,QB,,,,FA,FantasyPros updated timestamp: 1725581975; average rank: 546.00; best: 404; worst: 688; stddev: 142.00; experts: 2; Sleeper match: matched_name. Near-draft proxy only; historical endpoint was finalized after the Bishop auction.,1365
FantasyPros ECR,2024,2024-09-06,draft,half_ppr,721,WR248,Michael Strachan,7944,WR,,,,FA,FantasyPros updated timestamp: 1725581975; average rank: 652.20; best: 587; worst: 698; stddev: 39.94; experts: 5; Sleeper match: matched_name. Near-draft proxy only; historical endpoint was finalized after the Bishop auction.,1366
FantasyPros ECR,2024,2024-09-06,draft,half_ppr,722,WR249,Justin Shorter,9489,WR,,,10,LV,FantasyPros updated timestamp: 1725581975; average rank: 653.20; best: 603; worst: 701; stddev: 38.22; experts: 5; Sleeper match: matched_name. Near-draft proxy only; historical endpoint was finalized after the Bishop auction.,1367
FantasyPros ECR,2024,2024-09-06,draft,half_ppr,723,QB69,Skylar Thompson,8206,QB,,,14,BAL,FantasyPros updated timestamp: 1725581975; average rank: 550.00; best: 397; worst: 703; stddev: 153.00; experts: 2; Sleeper match: matched_name. Near-draft proxy only; historical endpoint was finalized after the Bishop auction.,1368
FantasyPros ECR,2024,2024-09-06,draft,half_ppr,724,WR250,Laquon Treadwell,3155,WR,,,14,IND,FantasyPros updated timestamp: 1725581975; average rank: 659.00; best: 613; worst: 709; stddev: 38.48; experts: 5; Sleeper match: matched_name. Near-draft proxy only; historical endpoint was finalized after the Bishop auction.,1369
FantasyPros ECR,2024,2024-09-06,draft,half_ppr,725,RB192,Ke'Shawn Vaughn,6885,RB,,,,FA,FantasyPros updated timestamp: 1725581975; average rank: 563.50; best: 535; worst: 592; stddev: 28.50; experts: 2; Sleeper match: matched_name. Near-draft proxy only; historical endpoint was finalized after the Bishop auction.,1370
FantasyPros ECR,2024,2024-09-06,draft,half_ppr,726,WR251,Lance McCutcheon,8745,WR,,,5,TEN,FantasyPros updated timestamp: 1725581975; average rank: 659.40; best: 610; worst: 699; stddev: 32.71; experts: 5; Sleeper match: matched_name. Near-draft proxy only; historical endpoint was finalized after the Bishop auction.,1371
FantasyPros ECR,2024,2024-09-06,draft,half_ppr,727,WR252,Stanley Morgan Jr.,6069,WR,,,,FA,FantasyPros updated timestamp: 1725581975; average rank: 660.00; best: 614; worst: 710; stddev: 38.48; experts: 5; Sleeper match: matched_name. Near-draft proxy only; historical endpoint was finalized after the Bishop auction.,1372
FantasyPros ECR,2024,2024-09-06,draft,half_ppr,728,WR253,Daniel Arias,11184,WR,,,,FA,FantasyPros updated timestamp: 1725581975; average rank: 661.60; best: 623; worst: 703; stddev: 31.78; experts: 5; Sleeper match: matched_name. Near-draft proxy only; historical endpoint was finalized after the Bishop auction.,1373
FantasyPros ECR,2024,2024-09-06,draft,half_ppr,729,WR254,Irv Charles,8861,WR,,,10,SEA,FantasyPros updated timestamp: 1725581975; average rank: 663.00; best: 618; worst: 712; stddev: 38.04; experts: 5; Sleeper match: matched_name. Near-draft proxy only; historical endpoint was finalized after the Bishop auction.,1374
FantasyPros ECR,2024,2024-09-06,draft,half_ppr,730,WR255,Josh Ali,8931,WR,,,,FA,FantasyPros updated timestamp: 1725581975; average rank: 649.25; best: 580; worst: 689; stddev: 41.65; experts: 4; Sleeper match: matched_name. Near-draft proxy only; historical endpoint was finalized after the Bishop auction.,1375
FantasyPros ECR,2024,2024-09-06,draft,half_ppr,731,WR256,Quintez Cephus,6895,WR,,,,FA,FantasyPros updated timestamp: 1725581975; average rank: 664.60; best: 616; worst: 716; stddev: 39.77; experts: 5; Sleeper match: matched_name. Near-draft proxy only; historical endpoint was finalized after the Bishop auction.,1376
FantasyPros ECR,2024,2024-09-06,draft,half_ppr,732,WR257,Tim Jones,8013,WR,,,12,JAC,FantasyPros updated timestamp: 1725581975; average rank: 665.00; best: 632; worst: 702; stddev: 27.91; experts: 5; Sleeper match: matched_name. Near-draft proxy only; historical endpoint was finalized after the Bishop auction.,1377
FantasyPros ECR,2024,2024-09-06,draft,half_ppr,733,WR258,Trent Taylor,4218,WR,,,,FA,FantasyPros updated timestamp: 1725581975; average rank: 670.00; best: 625; worst: 719; stddev: 37.31; experts: 5; Sleeper match: matched_name. Near-draft proxy only; historical endpoint was finalized after the Bishop auction.,1378
FantasyPros ECR,2024,2024-09-06,draft,half_ppr,734,QB70,Easton Stick,6185,QB,,,14,IND,FantasyPros updated timestamp: 1725581975; average rank: 592.50; best: 526; worst: 659; stddev: 66.50; experts: 2; Sleeper match: matched_name. Near-draft proxy only; historical endpoint was finalized after the Bishop auction.,1379
FantasyPros ECR,2024,2024-09-06,draft,half_ppr,735,WR259,Kaylon Geiger Sr.,8863,WR,,,,FA,FantasyPros updated timestamp: 1725581975; average rank: 671.60; best: 615; worst: 727; stddev: 41.65; experts: 5; Sleeper match: matched_name. Near-draft proxy only; historical endpoint was finalized after the Bishop auction.,1380
FantasyPros ECR,2024,2024-09-06,draft,half_ppr,736,WR260,Austin Trammell,7746,WR,,,12,JAC,FantasyPros updated timestamp: 1725581975; average rank: 673.80; best: 617; worst: 734; stddev: 45.62; experts: 5; Sleeper match: matched_name. Near-draft proxy only; historical endpoint was finalized after the Bishop auction.,1381
FantasyPros ECR,2024,2024-09-06,draft,half_ppr,737,QB71,Kyle Trask,7605,QB,,,,FA,FantasyPros updated timestamp: 1725581975; average rank: 596.00; best: 525; worst: 667; stddev: 71.00; experts: 2; Sleeper match: matched_name. Near-draft proxy only; historical endpoint was finalized after the Bishop auction.,1382
FantasyPros ECR,2024,2024-09-06,draft,half_ppr,738,RB193,Darrell Henderson Jr.,5916,RB,,,,FA,FantasyPros updated timestamp: 1725581975; average rank: 638.33; best: 603; worst: 680; stddev: 31.75; experts: 3; Sleeper match: matched_name. Near-draft proxy only; historical endpoint was finalized after the Bishop auction.,1383
FantasyPros ECR,2024,2024-09-06,draft,half_ppr,739,WR261,Jeff Cotton Jr.,7319,WR,,,,FA,FantasyPros updated timestamp: 1725581975; average rank: 672.60; best: 626; worst: 721; stddev: 36.69; experts: 5; Sleeper match: matched_name. Near-draft proxy only; historical endpoint was finalized after the Bishop auction.,1384
FantasyPros ECR,2024,2024-09-06,draft,half_ppr,740,WR262,Randall Cobb,928,WR,,,,FA,FantasyPros updated timestamp: 1725581975; average rank: 672.60; best: 629; worst: 722; stddev: 37.05; experts: 5; Sleeper match: matched_name. Near-draft proxy only; historical endpoint was finalized after the Bishop auction.,1385
FantasyPros ECR,2024,2024-09-06,draft,half_ppr,741,WR263,Danny Gray,8176,WR,,,5,PHI,FantasyPros updated timestamp: 1725581975; average rank: 676.40; best: 630; worst: 725; stddev: 36.29; experts: 5; Sleeper match: matched_name. Near-draft proxy only; historical endpoint was finalized after the Bishop auction.,1386
FantasyPros ECR,2024,2024-09-06,draft,half_ppr,742,WR264,Cody Thompson,6171,WR,,,,FA,FantasyPros updated timestamp: 1725581975; average rank: 676.60; best: 631; worst: 723; stddev: 35.15; experts: 5; Sleeper match: matched_name. Near-draft proxy only; historical endpoint was finalized after the Bishop auction.,1387
FantasyPros ECR,2024,2024-09-06,draft,half_ppr,743,WR265,Willie Snead IV,1911,WR,,,,FA,FantasyPros updated timestamp: 1725581975; average rank: 679.40; best: 628; worst: 733; stddev: 40.04; experts: 5; Sleeper match: matched_name. Near-draft proxy only; historical endpoint was finalized after the Bishop auction.,1388
FantasyPros ECR,2024,2024-09-06,draft,half_ppr,744,WR266,Penny Hart,5902,WR,,,,FA,FantasyPros updated timestamp: 1725581975; average rank: 679.40; best: 636; worst: 726; stddev: 34.31; experts: 5; Sleeper match: matched_name. Near-draft proxy only; historical endpoint was finalized after the Bishop auction.,1389
FantasyPros ECR,2024,2024-09-06,draft,half_ppr,745,WR267,D.J. Montgomery,6453,WR,,,14,IND,FantasyPros updated timestamp: 1725581975; average rank: 681.60; best: 637; worst: 729; stddev: 34.90; experts: 5; Sleeper match: matched_name. Near-draft proxy only; historical endpoint was finalized after the Bishop auction.,1390
FantasyPros ECR,2024,2024-09-06,draft,half_ppr,746,WR268,Marvin Jones Jr.,1067,WR,,,,FA,FantasyPros updated timestamp: 1725581975; average rank: 675.25; best: 621; worst: 740; stddev: 48.40; experts: 4; Sleeper match: matched_name_position. Near-draft proxy only; historical endpoint was finalized after the Bishop auction.,1391
FantasyPros ECR,2024,2024-09-06,draft,half_ppr,747,QB72,Taylor Heinicke,2711,QB,,,,FA,FantasyPros updated timestamp: 1725581975; average rank: 621.50; best: 553; worst: 690; stddev: 68.50; experts: 2; Sleeper match: matched_name. Near-draft proxy only; historical endpoint was finalized after the Bishop auction.,1392
FantasyPros ECR,2024,2024-09-06,draft,half_ppr,748,RB194,Devine Ozigbo,6068,RB,,,,FA,FantasyPros updated timestamp: 1725581975; average rank: 677.50; best: 566; worst: 736; stddev: 65.78; experts: 4; Sleeper match: matched_name. Near-draft proxy only; historical endpoint was finalized after the Bishop auction.,1393
FantasyPros ECR,2024,2024-09-06,draft,half_ppr,749,WR269,Hakeem Butler,5886,WR,,,,FA,FantasyPros updated timestamp: 1725581975; average rank: 677.50; best: 619; worst: 717; stddev: 36.10; experts: 4; Sleeper match: matched_name. Near-draft proxy only; historical endpoint was finalized after the Bishop auction.,1394
FantasyPros ECR,2024,2024-09-06,draft,half_ppr,750,WR270,Ben Skowronek,7757,WR,,,9,PIT,FantasyPros updated timestamp: 1725581975; average rank: 679.75; best: 618; worst: 714; stddev: 38.03; experts: 4; Sleeper match: matched_name. Near-draft proxy only; historical endpoint was finalized after the Bishop auction.,1395
FantasyPros ECR,2024,2024-09-06,draft,half_ppr,751,WR271,Keith Kirkwood,5134,WR,,,,FA,FantasyPros updated timestamp: 1725581975; average rank: 686.25; best: 598; worst: 737; stddev: 52.72; experts: 4; Sleeper match: matched_name. Near-draft proxy only; historical endpoint was finalized after the Bishop auction.,1396
FantasyPros ECR,2024,2024-09-06,draft,half_ppr,752,WR272,Anthony Miller,5013,WR,,,,FA,FantasyPros updated timestamp: 1725581975; average rank: 690.00; best: 597; worst: 743; stddev: 55.43; experts: 4; Sleeper match: matched_name. Near-draft proxy only; historical endpoint was finalized after the Bishop auction.,1397
FantasyPros ECR,2024,2024-09-06,draft,half_ppr,753,WR273,Andy Isabella,5915,WR,,,,FA,FantasyPros updated timestamp: 1725581975; average rank: 691.25; best: 613; worst: 739; stddev: 47.19; experts: 4; Sleeper match: matched_name. Near-draft proxy only; historical endpoint was finalized after the Bishop auction.,1398
FantasyPros ECR,2024,2024-09-06,draft,half_ppr,754,WR274,Damiere Byrd,2673,WR,,,,FA,FantasyPros updated timestamp: 1725581975; average rank: 695.25; best: 624; worst: 741; stddev: 43.38; experts: 4; Sleeper match: matched_name. Near-draft proxy only; historical endpoint was finalized after the Bishop auction.,1399
FantasyPros ECR,2024,2024-09-06,draft,half_ppr,755,WR275,James Proche II,6957,WR,,,,FA,FantasyPros updated timestamp: 1725581975; average rank: 693.00; best: 648; worst: 728; stddev: 29.03; experts: 4; Sleeper match: matched_name. Near-draft proxy only; historical endpoint was finalized after the Bishop auction.,1400
FantasyPros ECR,2024,2024-09-06,draft,half_ppr,756,WR276,Dax Milne,7751,WR,,,,FA,FantasyPros updated timestamp: 1725581975; average rank: 694.50; best: 649; worst: 730; stddev: 29.33; experts: 4; Sleeper match: matched_name. Near-draft proxy only; historical endpoint was finalized after the Bishop auction.,1401
FantasyPros ECR,2024,2024-09-06,draft,half_ppr,757,WR277,Marcus Kemp,4491,WR,,,,FA,FantasyPros updated timestamp: 1725581975; average rank: 695.75; best: 650; worst: 732; stddev: 29.63; experts: 4; Sleeper match: matched_name. Near-draft proxy only; historical endpoint was finalized after the Bishop auction.,1402
FantasyPros ECR,2024,2024-09-06,draft,half_ppr,758,WR278,Erik Ezukanma,8114,WR,,,5,PHI,FantasyPros updated timestamp: 1725581975; average rank: 697.00; best: 636; worst: 746; stddev: 45.70; experts: 3; Sleeper match: matched_name. Near-draft proxy only; historical endpoint was finalized after the Bishop auction.,1403
FantasyPros ECR,2024,2024-09-06,draft,half_ppr,759,WR279,Julio Jones,947,WR,,,,FA,FantasyPros updated timestamp: 1725581975; average rank: 699.00; best: 638; worst: 748; stddev: 45.70; experts: 3; Sleeper match: matched_name. Near-draft proxy only; historical endpoint was finalized after the Bishop auction.,1404
FantasyPros ECR,2024,2024-09-06,draft,half_ppr,760,TE145,Jacob Harris,7703,TE,,,,FA,FantasyPros updated timestamp: 1725581975; average rank: 695.33; best: 672; worst: 707; stddev: 16.50; experts: 3; Sleeper match: matched_name. Near-draft proxy only; historical endpoint was finalized after the Bishop auction.,1405
FantasyPros ECR,2024,2024-09-06,draft,half_ppr,761,RB195,James Butler,5785,RB,,,,FA,FantasyPros updated timestamp: 1725581975; average rank: 720.00; best: 705; worst: 742; stddev: 15.90; experts: 3; Sleeper match: matched_name_position. Near-draft proxy only; historical endpoint was finalized after the Bishop auction.,1406
FantasyPros ECR,2024,2024-09-06,draft,half_ppr,762,RB196,Raheim Sanders,12472,RB,,,10,CLE,FantasyPros updated timestamp: 1725581975; average rank: 722.00; best: 707; worst: 744; stddev: 15.90; experts: 3; Sleeper match: matched_name. Near-draft proxy only; historical endpoint was finalized after the Bishop auction.,1407
FantasyPros ECR,2024,2024-09-06,draft,half_ppr,763,WR280,J. Michael Sturdivant,13770,WR,,,10,GB,FantasyPros updated timestamp: 1725581975; average rank: 723.00; best: 708; worst: 745; stddev: 15.90; experts: 3; Sleeper match: matched_name. Near-draft proxy only; historical endpoint was finalized after the Bishop auction.,1408
FantasyPros ECR,2024,2024-09-06,draft,half_ppr,764,WR281,Reggie Begelton,6763,WR,,,,FA,FantasyPros updated timestamp: 1725581975; average rank: 724.67; best: 710; worst: 747; stddev: 16.05; experts: 3; Sleeper match: matched_name. Near-draft proxy only; historical endpoint was finalized after the Bishop auction.,1409
FantasyPros ECR,2024,2024-09-06,draft,half_ppr,765,WR282,Tyre Brady,6049,WR,,,,FA,FantasyPros updated timestamp: 1725581975; average rank: 726.33; best: 712; worst: 749; stddev: 16.21; experts: 3; Sleeper match: matched_name. Near-draft proxy only; historical endpoint was finalized after the Bishop auction.,1410
FantasyPros ECR,2024,2024-09-06,draft,half_ppr,766,WR283,De'Corian Clark,,WR,,,,FA,FantasyPros updated timestamp: 1725581975; average rank: 727.33; best: 713; worst: 750; stddev: 16.21; experts: 3; Sleeper match: unmatched. Near-draft proxy only; historical endpoint was finalized after the Bishop auction.,1411
FantasyPros ECR,2024,2024-09-06,draft,half_ppr,767,WR284,Moose Muhammad III,12966,WR,,,,FA,FantasyPros updated timestamp: 1725581975; average rank: 728.33; best: 714; worst: 751; stddev: 16.21; experts: 3; Sleeper match: matched_name. Near-draft proxy only; historical endpoint was finalized after the Bishop auction.,1412
FantasyPros ECR,2024,2024-09-06,draft,half_ppr,768,WR285,Tory Horton,12497,WR,,,10,SEA,FantasyPros updated timestamp: 1725581975; average rank: 729.33; best: 715; worst: 752; stddev: 16.21; experts: 3; Sleeper match: matched_name. Near-draft proxy only; historical endpoint was finalized after the Bishop auction.,1413
FantasyPros ECR,2024,2024-09-06,draft,half_ppr,769,WR286,Theo Wease Jr.,12860,WR,,,,FA,FantasyPros updated timestamp: 1725581975; average rank: 730.33; best: 716; worst: 753; stddev: 16.21; experts: 3; Sleeper match: matched_name. Near-draft proxy only; historical endpoint was finalized after the Bishop auction.,1414
FantasyPros ECR,2025,2025-09-05,draft,half_ppr,1,WR1,Ja'Marr Chase,7564,WR,,,10,CIN,FantasyPros updated timestamp: 1757083656; average rank: 1.50; best: 1; worst: 6; stddev: 1.00; experts: 190; Sleeper match: matched_name. Near-draft proxy only; historical endpoint was finalized after the Bishop auction.,1415
FantasyPros ECR,2025,2025-09-05,draft,half_ppr,2,RB1,Bijan Robinson,9509,RB,,,5,ATL,FantasyPros updated timestamp: 1757083656; average rank: 2.48; best: 1; worst: 13; stddev: 1.61; experts: 190; Sleeper match: matched_name. Near-draft proxy only; historical endpoint was finalized after the Bishop auction.,1416
FantasyPros ECR,2025,2025-09-05,draft,half_ppr,3,RB2,Jahmyr Gibbs,9221,RB,,,8,DET,FantasyPros updated timestamp: 1757083656; average rank: 4.56; best: 1; worst: 15; stddev: 2.69; experts: 190; Sleeper match: matched_name. Near-draft proxy only; historical endpoint was finalized after the Bishop auction.,1417
FantasyPros ECR,2025,2025-09-05,draft,half_ppr,4,WR2,CeeDee Lamb,6786,WR,,,10,DAL,FantasyPros updated timestamp: 1757083656; average rank: 4.63; best: 1; worst: 9; stddev: 1.60; experts: 190; Sleeper match: matched_name. Near-draft proxy only; historical endpoint was finalized after the Bishop auction.,1418
FantasyPros ECR,2025,2025-09-05,draft,half_ppr,5,RB3,Saquon Barkley,4866,RB,,,9,PHI,FantasyPros updated timestamp: 1757083656; average rank: 5.26; best: 1; worst: 24; stddev: 3.55; experts: 190; Sleeper match: matched_name. Near-draft proxy only; historical endpoint was finalized after the Bishop auction.,1419
FantasyPros ECR,2025,2025-09-05,draft,half_ppr,6,WR3,Justin Jefferson,6794,WR,,,6,MIN,FantasyPros updated timestamp: 1757083656; average rank: 5.63; best: 2; worst: 11; stddev: 1.45; experts: 190; Sleeper match: matched_name_position. Near-draft proxy only; historical endpoint was finalized after the Bishop auction.,1420
FantasyPros ECR,2025,2025-09-05,draft,half_ppr,7,WR4,Malik Nabers,11632,WR,,,14,NYG,FantasyPros updated timestamp: 1757083656; average rank: 9.26; best: 3; worst: 19; stddev: 3.00; experts: 190; Sleeper match: matched_name. Near-draft proxy only; historical endpoint was finalized after the Bishop auction.,1421
FantasyPros ECR,2025,2025-09-05,draft,half_ppr,8,WR5,Nico Collins,7569,WR,,,6,HOU,FantasyPros updated timestamp: 1757083656; average rank: 10.48; best: 6; worst: 38; stddev: 4.87; experts: 190; Sleeper match: matched_name. Near-draft proxy only; historical endpoint was finalized after the Bishop auction.,1422
FantasyPros ECR,2025,2025-09-05,draft,half_ppr,9,RB4,Christian McCaffrey,4034,RB,,,14,SF,FantasyPros updated timestamp: 1757083656; average rank: 10.89; best: 1; worst: 52; stddev: 7.03; experts: 190; Sleeper match: matched_name. Near-draft proxy only; historical endpoint was finalized after the Bishop auction.,1423
FantasyPros ECR,2025,2025-09-05,draft,half_ppr,10,WR6,Amon-Ra St. Brown,7547,WR,,,8,DET,FantasyPros updated timestamp: 1757083656; average rank: 11.65; best: 4; worst: 39; stddev: 4.30; experts: 189; Sleeper match: matched_name. Near-draft proxy only; historical endpoint was finalized after the Bishop auction.,1424
FantasyPros ECR,2025,2025-09-05,draft,half_ppr,11,RB5,Derrick Henry,3198,RB,,,7,BAL,FantasyPros updated timestamp: 1757083656; average rank: 11.84; best: 3; worst: 33; stddev: 3.93; experts: 190; Sleeper match: matched_name. Near-draft proxy only; historical endpoint was finalized after the Bishop auction.,1425
FantasyPros ECR,2025,2025-09-05,draft,half_ppr,12,WR7,Puka Nacua,9493,WR,,,8,LAR,FantasyPros updated timestamp: 1757083656; average rank: 12.38; best: 4; worst: 35; stddev: 4.54; experts: 190; Sleeper match: matched_name. Near-draft proxy only; historical endpoint was finalized after the Bishop auction.,1426
FantasyPros ECR,2025,2025-09-05,draft,half_ppr,13,WR8,Brian Thomas Jr.,11631,WR,,,8,JAC,FantasyPros updated timestamp: 1757083656; average rank: 12.71; best: 6; worst: 31; stddev: 4.04; experts: 190; Sleeper match: matched_name. Near-draft proxy only; historical endpoint was finalized after the Bishop auction.,1427
FantasyPros ECR,2025,2025-09-05,draft,half_ppr,14,RB6,Ashton Jeanty,12527,RB,,,8,LV,FantasyPros updated timestamp: 1757083656; average rank: 13.14; best: 5; worst: 37; stddev: 4.80; experts: 190; Sleeper match: matched_name. Near-draft proxy only; historical endpoint was finalized after the Bishop auction.,1428
FantasyPros ECR,2025,2025-09-05,draft,half_ppr,15,WR9,Drake London,8112,WR,,,5,ATL,FantasyPros updated timestamp: 1757083656; average rank: 15.02; best: 6; worst: 31; stddev: 5.10; experts: 190; Sleeper match: matched_name. Near-draft proxy only; historical endpoint was finalized after the Bishop auction.,1429
FantasyPros ECR,2025,2025-09-05,draft,half_ppr,16,RB7,De'Von Achane,9226,RB,,,12,MIA,FantasyPros updated timestamp: 1757083656; average rank: 18.39; best: 4; worst: 40; stddev: 6.04; experts: 190; Sleeper match: matched_name. Near-draft proxy only; historical endpoint was finalized after the Bishop auction.,1430
FantasyPros ECR,2025,2025-09-05,draft,half_ppr,17,RB8,Jonathan Taylor,6813,RB,,,11,IND,FantasyPros updated timestamp: 1757083656; average rank: 18.47; best: 5; worst: 46; stddev: 5.97; experts: 190; Sleeper match: matched_name. Near-draft proxy only; historical endpoint was finalized after the Bishop auction.,1431
FantasyPros ECR,2025,2025-09-05,draft,half_ppr,18,TE1,Brock Bowers,11604,TE,,,8,LV,FantasyPros updated timestamp: 1757083656; average rank: 18.85; best: 10; worst: 39; stddev: 5.07; experts: 190; Sleeper match: matched_name. Near-draft proxy only; historical endpoint was finalized after the Bishop auction.,1432
FantasyPros ECR,2025,2025-09-05,draft,half_ppr,19,WR10,A.J. Brown,5859,WR,,,14,NE,FantasyPros updated timestamp: 1757083656; average rank: 19.02; best: 9; worst: 35; stddev: 3.95; experts: 190; Sleeper match: matched_name. Near-draft proxy only; historical endpoint was finalized after the Bishop auction.,1433
FantasyPros ECR,2025,2025-09-05,draft,half_ppr,20,RB9,Josh Jacobs,5850,RB,,,5,GB,FantasyPros updated timestamp: 1757083656; average rank: 19.96; best: 10; worst: 39; stddev: 5.04; experts: 190; Sleeper match: matched_name. Near-draft proxy only; historical endpoint was finalized after the Bishop auction.,1434
FantasyPros ECR,2025,2025-09-05,draft,half_ppr,21,RB10,Chase Brown,9224,RB,,,10,CIN,FantasyPros updated timestamp: 1757083656; average rank: 21.38; best: 10; worst: 40; stddev: 6.03; experts: 190; Sleeper match: matched_name. Near-draft proxy only; historical endpoint was finalized after the Bishop auction.,1435
FantasyPros ECR,2025,2025-09-05,draft,half_ppr,22,RB11,Bucky Irving,11584,RB,,,9,TB,FantasyPros updated timestamp: 1757083656; average rank: 22.04; best: 9; worst: 42; stddev: 6.34; experts: 190; Sleeper match: matched_name. Near-draft proxy only; historical endpoint was finalized after the Bishop auction.,1436
FantasyPros ECR,2025,2025-09-05,draft,half_ppr,23,TE2,Trey McBride,8130,TE,,,8,ARI,FantasyPros updated timestamp: 1757083656; average rank: 23.65; best: 10; worst: 38; stddev: 5.33; experts: 190; Sleeper match: matched_name. Near-draft proxy only; historical endpoint was finalized after the Bishop auction.,1437
FantasyPros ECR,2025,2025-09-05,draft,half_ppr,24,WR11,Ladd McConkey,11635,WR,,,12,LAC,FantasyPros updated timestamp: 1757083656; average rank: 24.39; best: 14; worst: 44; stddev: 5.69; experts: 190; Sleeper match: matched_name. Near-draft proxy only; historical endpoint was finalized after the Bishop auction.,1438
FantasyPros ECR,2025,2025-09-05,draft,half_ppr,25,QB1,Josh Allen,4984,QB,,,7,BUF,FantasyPros updated timestamp: 1757083656; average rank: 26.61; best: 18; worst: 37; stddev: 2.61; experts: 190; Sleeper match: matched_name_position. Near-draft proxy only; historical endpoint was finalized after the Bishop auction.,1439
FantasyPros ECR,2025,2025-09-05,draft,half_ppr,26,QB2,Lamar Jackson,4881,QB,,,7,BAL,FantasyPros updated timestamp: 1757083656; average rank: 27.52; best: 21; worst: 37; stddev: 3.00; experts: 190; Sleeper match: matched_name_position. Near-draft proxy only; historical endpoint was finalized after the Bishop auction.,1440
FantasyPros ECR,2025,2025-09-05,draft,half_ppr,27,RB12,Kyren Williams,8150,RB,,,8,LAR,FantasyPros updated timestamp: 1757083656; average rank: 27.80; best: 11; worst: 56; stddev: 7.63; experts: 190; Sleeper match: matched_name. Near-draft proxy only; historical endpoint was finalized after the Bishop auction.,1441
FantasyPros ECR,2025,2025-09-05,draft,half_ppr,28,WR12,Jaxon Smith-Njigba,9488,WR,,,8,SEA,FantasyPros updated timestamp: 1757083656; average rank: 28.81; best: 11; worst: 63; stddev: 8.36; experts: 190; Sleeper match: matched_name. Near-draft proxy only; historical endpoint was finalized after the Bishop auction.,1442
FantasyPros ECR,2025,2025-09-05,draft,half_ppr,29,WR13,Tee Higgins,6801,WR,,,10,CIN,FantasyPros updated timestamp: 1757083656; average rank: 28.82; best: 14; worst: 54; stddev: 6.28; experts: 190; Sleeper match: matched_name. Near-draft proxy only; historical endpoint was finalized after the Bishop auction.,1443
FantasyPros ECR,2025,2025-09-05,draft,half_ppr,30,TE3,George Kittle,4217,TE,,,14,SF,FantasyPros updated timestamp: 1757083656; average rank: 32.14; best: 16; worst: 56; stddev: 7.21; experts: 190; Sleeper match: matched_name. Near-draft proxy only; historical endpoint was finalized after the Bishop auction.,1444
FantasyPros ECR,2025,2025-09-05,draft,half_ppr,31,WR14,Mike Evans,2216,WR,,,14,SF,FantasyPros updated timestamp: 1757083656; average rank: 33.43; best: 14; worst: 70; stddev: 6.83; experts: 190; Sleeper match: matched_name. Near-draft proxy only; historical endpoint was finalized after the Bishop auction.,1445
FantasyPros ECR,2025,2025-09-05,draft,half_ppr,32,QB3,Jayden Daniels,11566,QB,,,12,WAS,FantasyPros updated timestamp: 1757083656; average rank: 34.57; best: 24; worst: 69; stddev: 8.62; experts: 190; Sleeper match: matched_name. Near-draft proxy only; historical endpoint was finalized after the Bishop auction.,1446
FantasyPros ECR,2025,2025-09-05,draft,half_ppr,33,RB13,James Cook III,8138,RB,,,7,BUF,FantasyPros updated timestamp: 1757083656; average rank: 35.15; best: 13; worst: 53; stddev: 6.28; experts: 190; Sleeper match: matched_name. Near-draft proxy only; historical endpoint was finalized after the Bishop auction.,1447
FantasyPros ECR,2025,2025-09-05,draft,half_ppr,34,WR15,Tyreek Hill,3321,WR,,,,FA,FantasyPros updated timestamp: 1757083656; average rank: 36.61; best: 8; worst: 80; stddev: 10.95; experts: 190; Sleeper match: matched_name. Near-draft proxy only; historical endpoint was finalized after the Bishop auction.,1448
FantasyPros ECR,2025,2025-09-05,draft,half_ppr,35,QB4,Jalen Hurts,6904,QB,,,9,PHI,FantasyPros updated timestamp: 1757083656; average rank: 37.27; best: 24; worst: 62; stddev: 8.25; experts: 190; Sleeper match: matched_name. Near-draft proxy only; historical endpoint was finalized after the Bishop auction.,1449
FantasyPros ECR,2025,2025-09-05,draft,half_ppr,36,WR16,Davante Adams,2133,WR,,,8,LAR,FantasyPros updated timestamp: 1757083656; average rank: 37.34; best: 25; worst: 67; stddev: 6.69; experts: 190; Sleeper match: matched_name. Near-draft proxy only; historical endpoint was finalized after the Bishop auction.,1450
FantasyPros ECR,2025,2025-09-05,draft,half_ppr,37,WR17,Garrett Wilson,8146,WR,,,9,NYJ,FantasyPros updated timestamp: 1757083656; average rank: 37.73; best: 14; worst: 70; stddev: 8.72; experts: 190; Sleeper match: matched_name. Near-draft proxy only; historical endpoint was finalized after the Bishop auction.,1451
FantasyPros ECR,2025,2025-09-05,draft,half_ppr,38,RB14,Omarion Hampton,12507,RB,,,12,LAC,FantasyPros updated timestamp: 1757083656; average rank: 37.84; best: 17; worst: 119; stddev: 12.47; experts: 190; Sleeper match: matched_name. Near-draft proxy only; historical endpoint was finalized after the Bishop auction.,1452
FantasyPros ECR,2025,2025-09-05,draft,half_ppr,39,WR18,Terry McLaurin,5927,WR,,,12,WAS,FantasyPros updated timestamp: 1757083656; average rank: 40.62; best: 18; worst: 80; stddev: 9.02; experts: 190; Sleeper match: matched_name. Near-draft proxy only; historical endpoint was finalized after the Bishop auction.,1453
FantasyPros ECR,2025,2025-09-05,draft,half_ppr,40,WR19,Marvin Harrison Jr.,11628,WR,,,8,ARI,FantasyPros updated timestamp: 1757083656; average rank: 40.73; best: 22; worst: 74; stddev: 7.64; experts: 190; Sleeper match: matched_name. Near-draft proxy only; historical endpoint was finalized after the Bishop auction.,1454
FantasyPros ECR,2025,2025-09-05,draft,half_ppr,41,RB15,Kenneth Walker III,8151,RB,,,10,KC,FantasyPros updated timestamp: 1757083656; average rank: 41.19; best: 20; worst: 77; stddev: 8.39; experts: 190; Sleeper match: matched_name_position. Near-draft proxy only; historical endpoint was finalized after the Bishop auction.,1455
FantasyPros ECR,2025,2025-09-05,draft,half_ppr,42,RB16,Alvin Kamara,4035,RB,,,11,NO,FantasyPros updated timestamp: 1757083656; average rank: 42.34; best: 23; worst: 64; stddev: 8.24; experts: 190; Sleeper match: matched_name. Near-draft proxy only; historical endpoint was finalized after the Bishop auction.,1456
FantasyPros ECR,2025,2025-09-05,draft,half_ppr,43,WR20,Courtland Sutton,5045,WR,,,12,DEN,FantasyPros updated timestamp: 1757083656; average rank: 46.95; best: 30; worst: 74; stddev: 7.87; experts: 190; Sleeper match: matched_name. Near-draft proxy only; historical endpoint was finalized after the Bishop auction.,1457
FantasyPros ECR,2025,2025-09-05,draft,half_ppr,44,RB17,Breece Hall,8155,RB,,,9,NYJ,FantasyPros updated timestamp: 1757083656; average rank: 47.13; best: 19; worst: 72; stddev: 9.37; experts: 190; Sleeper match: matched_name. Near-draft proxy only; historical endpoint was finalized after the Bishop auction.,1458
FantasyPros ECR,2025,2025-09-05,draft,half_ppr,45,RB18,TreVeyon Henderson,12529,RB,,,14,NE,FantasyPros updated timestamp: 1757083656; average rank: 47.42; best: 19; worst: 134; stddev: 11.53; experts: 190; Sleeper match: matched_name. Near-draft proxy only; historical endpoint was finalized after the Bishop auction.,1459
FantasyPros ECR,2025,2025-09-05,draft,half_ppr,46,WR21,DK Metcalf,5846,WR,,,5,PIT,FantasyPros updated timestamp: 1757083656; average rank: 47.79; best: 21; worst: 89; stddev: 10.69; experts: 190; Sleeper match: matched_name. Near-draft proxy only; historical endpoint was finalized after the Bishop auction.,1460
FantasyPros ECR,2025,2025-09-05,draft,half_ppr,47,QB5,Joe Burrow,6770,QB,,,10,CIN,FantasyPros updated timestamp: 1757083656; average rank: 48.29; best: 27; worst: 71; stddev: 9.49; experts: 190; Sleeper match: matched_name. Near-draft proxy only; historical endpoint was finalized after the Bishop auction.,1461
FantasyPros ECR,2025,2025-09-05,draft,half_ppr,48,RB19,Chuba Hubbard,7594,RB,,,14,CAR,FantasyPros updated timestamp: 1757083656; average rank: 48.41; best: 30; worst: 67; stddev: 6.82; experts: 190; Sleeper match: matched_name. Near-draft proxy only; historical endpoint was finalized after the Bishop auction.,1462
FantasyPros ECR,2025,2025-09-05,draft,half_ppr,49,WR22,Tetairoa McMillan,12526,WR,,,14,CAR,FantasyPros updated timestamp: 1757083656; average rank: 49.49; best: 26; worst: 135; stddev: 15.94; experts: 190; Sleeper match: matched_name. Near-draft proxy only; historical endpoint was finalized after the Bishop auction.,1463
FantasyPros ECR,2025,2025-09-05,draft,half_ppr,50,RB20,James Conner,4137,RB,,,8,ARI,FantasyPros updated timestamp: 1757083656; average rank: 50.06; best: 30; worst: 71; stddev: 7.19; experts: 190; Sleeper match: matched_name. Near-draft proxy only; historical endpoint was finalized after the Bishop auction.,1464
FantasyPros ECR,2025,2025-09-05,draft,half_ppr,51,WR23,DJ Moore,4983,WR,,,7,BUF,FantasyPros updated timestamp: 1757083656; average rank: 50.22; best: 26; worst: 83; stddev: 10.78; experts: 190; Sleeper match: matched_name_position. Near-draft proxy only; historical endpoint was finalized after the Bishop auction.,1465
FantasyPros ECR,2025,2025-09-05,draft,half_ppr,52,WR24,DeVonta Smith,7525,WR,,,9,PHI,FantasyPros updated timestamp: 1757083656; average rank: 52.51; best: 32; worst: 87; stddev: 8.29; experts: 190; Sleeper match: matched_name_position. Near-draft proxy only; historical endpoint was finalized after the Bishop auction.,1466
FantasyPros ECR,2025,2025-09-05,draft,half_ppr,53,WR25,Xavier Worthy,11624,WR,,,10,KC,FantasyPros updated timestamp: 1757083656; average rank: 54.10; best: 29; worst: 114; stddev: 13.06; experts: 190; Sleeper match: matched_name. Near-draft proxy only; historical endpoint was finalized after the Bishop auction.,1467
FantasyPros ECR,2025,2025-09-05,draft,half_ppr,54,WR26,Jameson Williams,8148,WR,,,8,DET,FantasyPros updated timestamp: 1757083656; average rank: 54.72; best: 32; worst: 89; stddev: 11.18; experts: 190; Sleeper match: matched_name. Near-draft proxy only; historical endpoint was finalized after the Bishop auction.,1468
FantasyPros ECR,2025,2025-09-05,draft,half_ppr,55,WR27,Calvin Ridley,4981,WR,,,10,TEN,FantasyPros updated timestamp: 1757083656; average rank: 55.66; best: 32; worst: 87; stddev: 10.33; experts: 190; Sleeper match: matched_name. Near-draft proxy only; historical endpoint was finalized after the Bishop auction.,1469
FantasyPros ECR,2025,2025-09-05,draft,half_ppr,56,WR28,George Pickens,8137,WR,,,10,DAL,FantasyPros updated timestamp: 1757083656; average rank: 56.97; best: 28; worst: 89; stddev: 12.17; experts: 190; Sleeper match: matched_name. Near-draft proxy only; historical endpoint was finalized after the Bishop auction.,1470
FantasyPros ECR,2025,2025-09-05,draft,half_ppr,57,RB21,Tony Pollard,5967,RB,,,10,TEN,FantasyPros updated timestamp: 1757083656; average rank: 57.73; best: 38; worst: 102; stddev: 7.81; experts: 190; Sleeper match: matched_name. Near-draft proxy only; historical endpoint was finalized after the Bishop auction.,1471
FantasyPros ECR,2025,2025-09-05,draft,half_ppr,58,RB22,D'Andre Swift,6790,RB,,,5,CHI,FantasyPros updated timestamp: 1757083656; average rank: 59.60; best: 30; worst: 92; stddev: 9.22; experts: 190; Sleeper match: matched_name. Near-draft proxy only; historical endpoint was finalized after the Bishop auction.,1472
FantasyPros ECR,2025,2025-09-05,draft,half_ppr,59,WR29,Jaylen Waddle,7526,WR,,,12,DEN,FantasyPros updated timestamp: 1757083656; average rank: 61.61; best: 34; worst: 108; stddev: 13.22; experts: 190; Sleeper match: matched_name. Near-draft proxy only; historical endpoint was finalized after the Bishop auction.,1473
FantasyPros ECR,2025,2025-09-05,draft,half_ppr,60,WR30,Zay Flowers,9997,WR,,,7,BAL,FantasyPros updated timestamp: 1757083656; average rank: 61.93; best: 43; worst: 95; stddev: 11.56; experts: 190; Sleeper match: matched_name. Near-draft proxy only; historical endpoint was finalized after the Bishop auction.,1474
FantasyPros ECR,2025,2025-09-05,draft,half_ppr,61,RB23,David Montgomery,5892,RB,,,6,HOU,FantasyPros updated timestamp: 1757083656; average rank: 62.36; best: 42; worst: 92; stddev: 7.56; experts: 190; Sleeper match: matched_name. Near-draft proxy only; historical endpoint was finalized after the Bishop auction.,1475
FantasyPros ECR,2025,2025-09-05,draft,half_ppr,62,RB24,Isiah Pacheco,8205,RB,,,8,DET,FantasyPros updated timestamp: 1757083656; average rank: 62.37; best: 40; worst: 98; stddev: 8.75; experts: 190; Sleeper match: matched_name. Near-draft proxy only; historical endpoint was finalized after the Bishop auction.,1476
FantasyPros ECR,2025,2025-09-05,draft,half_ppr,63,RB25,RJ Harvey,12489,RB,,,12,DEN,FantasyPros updated timestamp: 1757083656; average rank: 62.44; best: 24; worst: 221; stddev: 16.73; experts: 190; Sleeper match: matched_name. Near-draft proxy only; historical endpoint was finalized after the Bishop auction.,1477
FantasyPros ECR,2025,2025-09-05,draft,half_ppr,64,TE4,Sam LaPorta,10859,TE,,,8,DET,FantasyPros updated timestamp: 1757083656; average rank: 65.24; best: 34; worst: 96; stddev: 10.87; experts: 190; Sleeper match: matched_name. Near-draft proxy only; historical endpoint was finalized after the Bishop auction.,1478
FantasyPros ECR,2025,2025-09-05,draft,half_ppr,65,QB6,Patrick Mahomes II,4046,QB,,,10,KC,FantasyPros updated timestamp: 1757083656; average rank: 67.11; best: 36; worst: 124; stddev: 12.27; experts: 190; Sleeper match: matched_name. Near-draft proxy only; historical endpoint was finalized after the Bishop auction.,1479
FantasyPros ECR,2025,2025-09-05,draft,half_ppr,66,RB26,Aaron Jones Sr.,4199,RB,,,6,MIN,FantasyPros updated timestamp: 1757083656; average rank: 67.64; best: 52; worst: 99; stddev: 6.95; experts: 190; Sleeper match: matched_name. Near-draft proxy only; historical endpoint was finalized after the Bishop auction.,1480
FantasyPros ECR,2025,2025-09-05,draft,half_ppr,67,TE5,T.J. Hockenson,5844,TE,,,6,MIN,FantasyPros updated timestamp: 1757083656; average rank: 72.85; best: 53; worst: 112; stddev: 12.92; experts: 190; Sleeper match: matched_name. Near-draft proxy only; historical endpoint was finalized after the Bishop auction.,1481
FantasyPros ECR,2025,2025-09-05,draft,half_ppr,68,WR31,Travis Hunter,12530,WR,,,8,JAC,FantasyPros updated timestamp: 1757083656; average rank: 72.35; best: 38; worst: 219; stddev: 20.04; experts: 188; Sleeper match: matched_name. Near-draft proxy only; historical endpoint was finalized after the Bishop auction.,1482
FantasyPros ECR,2025,2025-09-05,draft,half_ppr,69,WR32,Rome Odunze,11620,WR,,,5,CHI,FantasyPros updated timestamp: 1757083656; average rank: 74.95; best: 28; worst: 122; stddev: 14.26; experts: 190; Sleeper match: matched_name. Near-draft proxy only; historical endpoint was finalized after the Bishop auction.,1483
FantasyPros ECR,2025,2025-09-05,draft,half_ppr,70,WR33,Emeka Egbuka,12514,WR,,,9,TB,FantasyPros updated timestamp: 1757083656; average rank: 75.41; best: 36; worst: 139; stddev: 18.85; experts: 190; Sleeper match: matched_name. Near-draft proxy only; historical endpoint was finalized after the Bishop auction.,1484
FantasyPros ECR,2025,2025-09-05,draft,half_ppr,71,RB27,Tyrone Tracy Jr.,11655,RB,,,14,NYG,FantasyPros updated timestamp: 1757083656; average rank: 75.55; best: 52; worst: 117; stddev: 10.23; experts: 190; Sleeper match: matched_name. Near-draft proxy only; historical endpoint was finalized after the Bishop auction.,1485
FantasyPros ECR,2025,2025-09-05,draft,half_ppr,72,QB7,Baker Mayfield,4892,QB,,,9,TB,FantasyPros updated timestamp: 1757083656; average rank: 75.67; best: 53; worst: 121; stddev: 15.45; experts: 190; Sleeper match: matched_name. Near-draft proxy only; historical endpoint was finalized after the Bishop auction.,1486
FantasyPros ECR,2025,2025-09-05,draft,half_ppr,73,WR34,Chris Olave,8144,WR,,,11,NO,FantasyPros updated timestamp: 1757083656; average rank: 76.15; best: 43; worst: 135; stddev: 12.51; experts: 190; Sleeper match: matched_name. Near-draft proxy only; historical endpoint was finalized after the Bishop auction.,1487
FantasyPros ECR,2025,2025-09-05,draft,half_ppr,74,QB8,Bo Nix,11563,QB,,,12,DEN,FantasyPros updated timestamp: 1757083656; average rank: 76.63; best: 53; worst: 111; stddev: 14.33; experts: 190; Sleeper match: matched_name. Near-draft proxy only; historical endpoint was finalized after the Bishop auction.,1488
FantasyPros ECR,2025,2025-09-05,draft,half_ppr,75,WR35,Ricky Pearsall,11638,WR,,,14,SF,FantasyPros updated timestamp: 1757083656; average rank: 77.48; best: 35; worst: 139; stddev: 17.93; experts: 190; Sleeper match: matched_name. Near-draft proxy only; historical endpoint was finalized after the Bishop auction.,1489
FantasyPros ECR,2025,2025-09-05,draft,half_ppr,76,RB28,Jaylen Warren,8228,RB,,,5,PIT,FantasyPros updated timestamp: 1757083656; average rank: 78.17; best: 55; worst: 122; stddev: 12.01; experts: 190; Sleeper match: matched_name. Near-draft proxy only; historical endpoint was finalized after the Bishop auction.,1490
FantasyPros ECR,2025,2025-09-05,draft,half_ppr,77,WR36,Jerry Jeudy,6783,WR,,,9,CLE,FantasyPros updated timestamp: 1757083656; average rank: 78.78; best: 41; worst: 146; stddev: 14.22; experts: 190; Sleeper match: matched_name. Near-draft proxy only; historical endpoint was finalized after the Bishop auction.,1491
FantasyPros ECR,2025,2025-09-05,draft,half_ppr,78,TE6,Travis Kelce,1466,TE,,,10,KC,FantasyPros updated timestamp: 1757083656; average rank: 80.19; best: 56; worst: 117; stddev: 12.41; experts: 190; Sleeper match: matched_name. Near-draft proxy only; historical endpoint was finalized after the Bishop auction.,1492
FantasyPros ECR,2025,2025-09-05,draft,half_ppr,79,QB9,Kyler Murray,5849,QB,,,6,MIN,FantasyPros updated timestamp: 1757083656; average rank: 84.50; best: 58; worst: 124; stddev: 14.51; experts: 190; Sleeper match: matched_name. Near-draft proxy only; historical endpoint was finalized after the Bishop auction.,1493
FantasyPros ECR,2025,2025-09-05,draft,half_ppr,80,TE7,Mark Andrews,5012,TE,,,7,BAL,FantasyPros updated timestamp: 1757083656; average rank: 85.21; best: 53; worst: 126; stddev: 11.87; experts: 190; Sleeper match: matched_name. Near-draft proxy only; historical endpoint was finalized after the Bishop auction.,1494
FantasyPros ECR,2025,2025-09-05,draft,half_ppr,81,RB29,Kaleb Johnson,12504,RB,,,5,PIT,FantasyPros updated timestamp: 1757083656; average rank: 85.56; best: 52; worst: 213; stddev: 22.86; experts: 190; Sleeper match: matched_name_position. Near-draft proxy only; historical endpoint was finalized after the Bishop auction.,1495
FantasyPros ECR,2025,2025-09-05,draft,half_ppr,82,QB10,Dak Prescott,3294,QB,,,10,DAL,FantasyPros updated timestamp: 1757083656; average rank: 85.60; best: 56; worst: 142; stddev: 18.23; experts: 190; Sleeper match: matched_name. Near-draft proxy only; historical endpoint was finalized after the Bishop auction.,1496
FantasyPros ECR,2025,2025-09-05,draft,half_ppr,83,RB30,Jordan Mason,8408,RB,,,6,MIN,FantasyPros updated timestamp: 1757083656; average rank: 85.80; best: 52; worst: 144; stddev: 15.23; experts: 190; Sleeper match: matched_name. Near-draft proxy only; historical endpoint was finalized after the Bishop auction.,1497
FantasyPros ECR,2025,2025-09-05,draft,half_ppr,84,WR37,Rashee Rice,10229,WR,,,10,KC,FantasyPros updated timestamp: 1757083656; average rank: 85.87; best: 41; worst: 198; stddev: 24.14; experts: 189; Sleeper match: matched_name. Near-draft proxy only; historical endpoint was finalized after the Bishop auction.,1498
FantasyPros ECR,2025,2025-09-05,draft,half_ppr,85,WR38,Stefon Diggs,2449,WR,,,12,WAS,FantasyPros updated timestamp: 1757083656; average rank: 86.22; best: 38; worst: 136; stddev: 14.90; experts: 190; Sleeper match: matched_name. Near-draft proxy only; historical endpoint was finalized after the Bishop auction.,1499
FantasyPros ECR,2025,2025-09-05,draft,half_ppr,86,RB31,Travis Etienne Jr.,7543,RB,,,11,NO,FantasyPros updated timestamp: 1757083656; average rank: 89.02; best: 55; worst: 159; stddev: 15.13; experts: 189; Sleeper match: matched_name. Near-draft proxy only; historical endpoint was finalized after the Bishop auction.,1500
FantasyPros ECR,2025,2025-09-05,draft,half_ppr,87,TE8,David Njoku,4033,TE,,,12,LAC,FantasyPros updated timestamp: 1757083656; average rank: 89.74; best: 56; worst: 130; stddev: 14.21; experts: 190; Sleeper match: matched_name. Near-draft proxy only; historical endpoint was finalized after the Bishop auction.,1501
FantasyPros ECR,2025,2025-09-05,draft,half_ppr,88,WR39,Jakobi Meyers,5947,WR,,,8,JAC,FantasyPros updated timestamp: 1757083656; average rank: 90.97; best: 61; worst: 136; stddev: 12.81; experts: 190; Sleeper match: matched_name. Near-draft proxy only; historical endpoint was finalized after the Bishop auction.,1502
FantasyPros ECR,2025,2025-09-05,draft,half_ppr,89,WR40,Deebo Samuel Sr.,5872,WR,,,14,SF,FantasyPros updated timestamp: 1757083656; average rank: 91.41; best: 46; worst: 165; stddev: 16.63; experts: 190; Sleeper match: matched_name. Near-draft proxy only; historical endpoint was finalized after the Bishop auction.,1503
FantasyPros ECR,2025,2025-09-05,draft,half_ppr,90,RB32,Zach Charbonnet,9753,RB,,,8,SEA,FantasyPros updated timestamp: 1757083656; average rank: 92.81; best: 45; worst: 155; stddev: 15.85; experts: 189; Sleeper match: matched_name. Near-draft proxy only; historical endpoint was finalized after the Bishop auction.,1504
FantasyPros ECR,2025,2025-09-05,draft,half_ppr,91,TE9,Evan Engram,4066,TE,,,12,DEN,FantasyPros updated timestamp: 1757083656; average rank: 94.86; best: 58; worst: 154; stddev: 15.48; experts: 190; Sleeper match: matched_name. Near-draft proxy only; historical endpoint was finalized after the Bishop auction.,1505
FantasyPros ECR,2025,2025-09-05,draft,half_ppr,92,WR41,Matthew Golden,12501,WR,,,5,GB,FantasyPros updated timestamp: 1757083656; average rank: 92.84; best: 54; worst: 198; stddev: 20.44; experts: 188; Sleeper match: matched_name. Near-draft proxy only; historical endpoint was finalized after the Bishop auction.,1506
FantasyPros ECR,2025,2025-09-05,draft,half_ppr,93,QB11,Brock Purdy,8183,QB,,,14,SF,FantasyPros updated timestamp: 1757083656; average rank: 95.48; best: 62; worst: 146; stddev: 16.28; experts: 190; Sleeper match: matched_name. Near-draft proxy only; historical endpoint was finalized after the Bishop auction.,1507
FantasyPros ECR,2025,2025-09-05,draft,half_ppr,94,WR42,Jauan Jennings,7049,WR,,,6,MIN,FantasyPros updated timestamp: 1757083656; average rank: 97.36; best: 68; worst: 162; stddev: 15.44; experts: 190; Sleeper match: matched_name. Near-draft proxy only; historical endpoint was finalized after the Bishop auction.,1508
FantasyPros ECR,2025,2025-09-05,draft,half_ppr,95,RB33,J.K. Dobbins,6806,RB,,,12,DEN,FantasyPros updated timestamp: 1757083656; average rank: 95.58; best: 66; worst: 180; stddev: 18.17; experts: 188; Sleeper match: matched_name. Near-draft proxy only; historical endpoint was finalized after the Bishop auction.,1509
FantasyPros ECR,2025,2025-09-05,draft,half_ppr,96,TE10,Tyler Warren,12518,TE,,,11,IND,FantasyPros updated timestamp: 1757083656; average rank: 97.97; best: 56; worst: 172; stddev: 17.02; experts: 190; Sleeper match: matched_name. Near-draft proxy only; historical endpoint was finalized after the Bishop auction.,1510
FantasyPros ECR,2025,2025-09-05,draft,half_ppr,97,TE11,Tucker Kraft,9484,TE,,,5,GB,FantasyPros updated timestamp: 1757083656; average rank: 99.10; best: 73; worst: 224; stddev: 15.87; experts: 189; Sleeper match: matched_name. Near-draft proxy only; historical endpoint was finalized after the Bishop auction.,1511
FantasyPros ECR,2025,2025-09-05,draft,half_ppr,98,RB34,Javonte Williams,7588,RB,,,10,DAL,FantasyPros updated timestamp: 1757083656; average rank: 99.90; best: 65; worst: 158; stddev: 17.80; experts: 190; Sleeper match: matched_name. Near-draft proxy only; historical endpoint was finalized after the Bishop auction.,1512
FantasyPros ECR,2025,2025-09-05,draft,half_ppr,99,WR43,Jordan Addison,9756,WR,,,6,MIN,FantasyPros updated timestamp: 1757083656; average rank: 98.49; best: 50; worst: 150; stddev: 15.24; experts: 188; Sleeper match: matched_name. Near-draft proxy only; historical endpoint was finalized after the Bishop auction.,1513
FantasyPros ECR,2025,2025-09-05,draft,half_ppr,100,QB12,Justin Fields,7591,QB,,,10,KC,FantasyPros updated timestamp: 1757083656; average rank: 101.06; best: 62; worst: 241; stddev: 22.58; experts: 190; Sleeper match: matched_name. Near-draft proxy only; historical endpoint was finalized after the Bishop auction.,1514
FantasyPros ECR,2025,2025-09-05,draft,half_ppr,101,QB13,Drake Maye,11564,QB,,,14,NE,FantasyPros updated timestamp: 1757083656; average rank: 102.27; best: 64; worst: 161; stddev: 16.08; experts: 189; Sleeper match: matched_name. Near-draft proxy only; historical endpoint was finalized after the Bishop auction.,1515
FantasyPros ECR,2025,2025-09-05,draft,half_ppr,102,WR44,Khalil Shakir,8134,WR,,,7,BUF,FantasyPros updated timestamp: 1757083656; average rank: 103.66; best: 72; worst: 140; stddev: 13.02; experts: 190; Sleeper match: matched_name. Near-draft proxy only; historical endpoint was finalized after the Bishop auction.,1516
FantasyPros ECR,2025,2025-09-05,draft,half_ppr,103,QB14,Caleb Williams,11560,QB,,,5,CHI,FantasyPros updated timestamp: 1757083656; average rank: 104.10; best: 58; worst: 161; stddev: 17.42; experts: 189; Sleeper match: matched_name. Near-draft proxy only; historical endpoint was finalized after the Bishop auction.,1517
FantasyPros ECR,2025,2025-09-05,draft,half_ppr,104,QB15,Justin Herbert,6797,QB,,,12,LAC,FantasyPros updated timestamp: 1757083656; average rank: 104.30; best: 62; worst: 157; stddev: 14.80; experts: 190; Sleeper match: matched_name. Near-draft proxy only; historical endpoint was finalized after the Bishop auction.,1518
FantasyPros ECR,2025,2025-09-05,draft,half_ppr,105,WR45,Josh Downs,9500,WR,,,11,IND,FantasyPros updated timestamp: 1757083656; average rank: 107.88; best: 75; worst: 153; stddev: 14.60; experts: 190; Sleeper match: matched_name. Near-draft proxy only; historical endpoint was finalized after the Bishop auction.,1519
FantasyPros ECR,2025,2025-09-05,draft,half_ppr,106,QB16,Jared Goff,3163,QB,,,8,DET,FantasyPros updated timestamp: 1757083656; average rank: 109.68; best: 58; worst: 156; stddev: 17.26; experts: 190; Sleeper match: matched_name. Near-draft proxy only; historical endpoint was finalized after the Bishop auction.,1520
FantasyPros ECR,2025,2025-09-05,draft,half_ppr,107,WR46,Michael Pittman Jr.,6819,WR,,,5,PIT,FantasyPros updated timestamp: 1757083656; average rank: 109.81; best: 63; worst: 169; stddev: 17.08; experts: 190; Sleeper match: matched_name. Near-draft proxy only; historical endpoint was finalized after the Bishop auction.,1521
FantasyPros ECR,2025,2025-09-05,draft,half_ppr,108,RB35,Rhamondre Stevenson,7611,RB,,,14,NE,FantasyPros updated timestamp: 1757083656; average rank: 110.41; best: 79; worst: 164; stddev: 16.77; experts: 189; Sleeper match: matched_name. Near-draft proxy only; historical endpoint was finalized after the Bishop auction.,1522
FantasyPros ECR,2025,2025-09-05,draft,half_ppr,109,RB36,Tank Bigsby,9225,RB,,,9,PHI,FantasyPros updated timestamp: 1757083656; average rank: 110.90; best: 57; worst: 224; stddev: 21.26; experts: 189; Sleeper match: matched_name. Near-draft proxy only; historical endpoint was finalized after the Bishop auction.,1523
FantasyPros ECR,2025,2025-09-05,draft,half_ppr,110,QB17,Jordan Love,6804,QB,,,5,GB,FantasyPros updated timestamp: 1757083656; average rank: 114.13; best: 70; worst: 158; stddev: 15.45; experts: 190; Sleeper match: matched_name. Near-draft proxy only; historical endpoint was finalized after the Bishop auction.,1524
FantasyPros ECR,2025,2025-09-05,draft,half_ppr,111,QB18,Trevor Lawrence,7523,QB,,,8,JAC,FantasyPros updated timestamp: 1757083656; average rank: 116.05; best: 62; worst: 165; stddev: 15.96; experts: 190; Sleeper match: matched_name. Near-draft proxy only; historical endpoint was finalized after the Bishop auction.,1525
FantasyPros ECR,2025,2025-09-05,draft,half_ppr,112,WR47,Cooper Kupp,4039,WR,,,8,SEA,FantasyPros updated timestamp: 1757083656; average rank: 116.63; best: 74; worst: 174; stddev: 15.25; experts: 190; Sleeper match: matched_name. Near-draft proxy only; historical endpoint was finalized after the Bishop auction.,1526
FantasyPros ECR,2025,2025-09-05,draft,half_ppr,113,WR48,Jayden Reed,10222,WR,,,5,GB,FantasyPros updated timestamp: 1757083656; average rank: 118.06; best: 80; worst: 218; stddev: 20.75; experts: 189; Sleeper match: matched_name. Near-draft proxy only; historical endpoint was finalized after the Bishop auction.,1527
FantasyPros ECR,2025,2025-09-05,draft,half_ppr,114,RB37,Braelon Allen,11576,RB,,,9,NYJ,FantasyPros updated timestamp: 1757083656; average rank: 121.23; best: 67; worst: 181; stddev: 18.87; experts: 190; Sleeper match: matched_name. Near-draft proxy only; historical endpoint was finalized after the Bishop auction.,1528
FantasyPros ECR,2025,2025-09-05,draft,half_ppr,115,WR49,Keon Coleman,11637,WR,,,7,BUF,FantasyPros updated timestamp: 1757083656; average rank: 121.25; best: 74; worst: 175; stddev: 20.26; experts: 190; Sleeper match: matched_name. Near-draft proxy only; historical endpoint was finalized after the Bishop auction.,1529
FantasyPros ECR,2025,2025-09-05,draft,half_ppr,116,TE12,Jake Ferguson,8110,TE,,,10,DAL,FantasyPros updated timestamp: 1757083656; average rank: 120.29; best: 86; worst: 202; stddev: 18.23; experts: 188; Sleeper match: matched_name. Near-draft proxy only; historical endpoint was finalized after the Bishop auction.,1530
FantasyPros ECR,2025,2025-09-05,draft,half_ppr,117,RB38,Cam Skattebo,12481,RB,,,14,NYG,FantasyPros updated timestamp: 1757083656; average rank: 121.33; best: 79; worst: 221; stddev: 21.36; experts: 188; Sleeper match: matched_name. Near-draft proxy only; historical endpoint was finalized after the Bishop auction.,1531
FantasyPros ECR,2025,2025-09-05,draft,half_ppr,118,QB19,C.J. Stroud,9758,QB,,,6,HOU,FantasyPros updated timestamp: 1757083656; average rank: 123.56; best: 73; worst: 185; stddev: 17.15; experts: 189; Sleeper match: matched_name. Near-draft proxy only; historical endpoint was finalized after the Bishop auction.,1532
FantasyPros ECR,2025,2025-09-05,draft,half_ppr,119,WR50,Darnell Mooney,7090,WR,,,14,NYG,FantasyPros updated timestamp: 1757083656; average rank: 123.97; best: 85; worst: 169; stddev: 15.96; experts: 190; Sleeper match: matched_name. Near-draft proxy only; historical endpoint was finalized after the Bishop auction.,1533
FantasyPros ECR,2025,2025-09-05,draft,half_ppr,120,WR51,Chris Godwin Jr.,4037,WR,,,9,TB,FantasyPros updated timestamp: 1757083656; average rank: 122.42; best: 70; worst: 205; stddev: 23.99; experts: 188; Sleeper match: matched_name. Near-draft proxy only; historical endpoint was finalized after the Bishop auction.,1534
FantasyPros ECR,2025,2025-09-05,draft,half_ppr,121,QB20,J.J. McCarthy,11565,QB,,,6,MIN,FantasyPros updated timestamp: 1757083656; average rank: 125.51; best: 58; worst: 241; stddev: 23.53; experts: 190; Sleeper match: matched_name. Near-draft proxy only; historical endpoint was finalized after the Bishop auction.,1535
FantasyPros ECR,2025,2025-09-05,draft,half_ppr,122,TE13,Dalton Kincaid,10236,TE,,,7,BUF,FantasyPros updated timestamp: 1757083656; average rank: 127.56; best: 89; worst: 227; stddev: 23.83; experts: 189; Sleeper match: matched_name. Near-draft proxy only; historical endpoint was finalized after the Bishop auction.,1536
FantasyPros ECR,2025,2025-09-05,draft,half_ppr,123,TE14,Colston Loveland,12517,TE,,,5,CHI,FantasyPros updated timestamp: 1757083656; average rank: 128.68; best: 84; worst: 251; stddev: 27.07; experts: 189; Sleeper match: matched_name. Near-draft proxy only; historical endpoint was finalized after the Bishop auction.,1537
FantasyPros ECR,2025,2025-09-05,draft,half_ppr,124,WR52,Rashid Shaheed,8676,WR,,,8,SEA,FantasyPros updated timestamp: 1757083656; average rank: 129.19; best: 81; worst: 226; stddev: 19.88; experts: 189; Sleeper match: matched_name. Near-draft proxy only; historical endpoint was finalized after the Bishop auction.,1538
FantasyPros ECR,2025,2025-09-05,draft,half_ppr,125,TE15,Dallas Goedert,5022,TE,,,9,PHI,FantasyPros updated timestamp: 1757083656; average rank: 130.01; best: 94; worst: 195; stddev: 18.90; experts: 189; Sleeper match: matched_name. Near-draft proxy only; historical endpoint was finalized after the Bishop auction.,1539
FantasyPros ECR,2025,2025-09-05,draft,half_ppr,126,RB39,Nick Chubb,4988,RB,,,,FA,FantasyPros updated timestamp: 1757083656; average rank: 131.76; best: 64; worst: 247; stddev: 27.05; experts: 190; Sleeper match: matched_name. Near-draft proxy only; historical endpoint was finalized after the Bishop auction.,1540
FantasyPros ECR,2025,2025-09-05,draft,half_ppr,127,RB40,Najee Harris,7528,RB,,,14,NYG,FantasyPros updated timestamp: 1757083656; average rank: 128.81; best: 71; worst: 257; stddev: 25.72; experts: 187; Sleeper match: matched_name. Near-draft proxy only; historical endpoint was finalized after the Bishop auction.,1541
FantasyPros ECR,2025,2025-09-05,draft,half_ppr,128,RB41,Jacory Croskey-Merritt,12533,RB,,,12,WAS,FantasyPros updated timestamp: 1757083656; average rank: 106.78; best: 65; worst: 270; stddev: 28.87; experts: 177; Sleeper match: matched_name. Near-draft proxy only; historical endpoint was finalized after the Bishop auction.,1542
FantasyPros ECR,2025,2025-09-05,draft,half_ppr,129,RB42,Trey Benson,11589,RB,,,8,ARI,FantasyPros updated timestamp: 1757083656; average rank: 133.03; best: 82; worst: 244; stddev: 23.34; experts: 188; Sleeper match: matched_name. Near-draft proxy only; historical endpoint was finalized after the Bishop auction.,1543
FantasyPros ECR,2025,2025-09-05,draft,half_ppr,130,RB43,Brian Robinson Jr.,8154,RB,,,5,ATL,FantasyPros updated timestamp: 1757083656; average rank: 137.69; best: 65; worst: 277; stddev: 29.64; experts: 189; Sleeper match: matched_name. Near-draft proxy only; historical endpoint was finalized after the Bishop auction.,1544
FantasyPros ECR,2025,2025-09-05,draft,half_ppr,131,RB44,Rachaad White,8136,RB,,,12,WAS,FantasyPros updated timestamp: 1757083656; average rank: 131.98; best: 77; worst: 255; stddev: 22.27; experts: 186; Sleeper match: matched_name. Near-draft proxy only; historical endpoint was finalized after the Bishop auction.,1545
FantasyPros ECR,2025,2025-09-05,draft,half_ppr,132,RB45,Ray Davis,11575,RB,,,7,BUF,FantasyPros updated timestamp: 1757083656; average rank: 138.20; best: 92; worst: 215; stddev: 16.80; experts: 188; Sleeper match: matched_name. Near-draft proxy only; historical endpoint was finalized after the Bishop auction.,1546
FantasyPros ECR,2025,2025-09-05,draft,half_ppr,133,TE16,Kyle Pitts Sr.,7553,TE,,,5,ATL,FantasyPros updated timestamp: 1757083656; average rank: 139.13; best: 84; worst: 245; stddev: 24.75; experts: 188; Sleeper match: matched_name. Near-draft proxy only; historical endpoint was finalized after the Bishop auction.,1547
FantasyPros ECR,2025,2025-09-05,draft,half_ppr,134,WR53,Christian Kirk,4950,WR,,,14,SF,FantasyPros updated timestamp: 1757083656; average rank: 139.27; best: 83; worst: 220; stddev: 21.83; experts: 188; Sleeper match: matched_name. Near-draft proxy only; historical endpoint was finalized after the Bishop auction.,1548
FantasyPros ECR,2025,2025-09-05,draft,half_ppr,135,WR54,Marvin Mims Jr.,9494,WR,,,12,DEN,FantasyPros updated timestamp: 1757083656; average rank: 144.49; best: 96; worst: 258; stddev: 24.33; experts: 189; Sleeper match: matched_name. Near-draft proxy only; historical endpoint was finalized after the Bishop auction.,1549
FantasyPros ECR,2025,2025-09-05,draft,half_ppr,136,WR55,Rashod Bateman,7571,WR,,,7,BAL,FantasyPros updated timestamp: 1757083656; average rank: 145.24; best: 92; worst: 240; stddev: 20.73; experts: 189; Sleeper match: matched_name. Near-draft proxy only; historical endpoint was finalized after the Bishop auction.,1550
FantasyPros ECR,2025,2025-09-05,draft,half_ppr,137,RB46,Bhayshul Tuten,12490,RB,,,8,JAC,FantasyPros updated timestamp: 1757083656; average rank: 142.87; best: 79; worst: 326; stddev: 33.64; experts: 187; Sleeper match: matched_name. Near-draft proxy only; historical endpoint was finalized after the Bishop auction.,1551
FantasyPros ECR,2025,2025-09-05,draft,half_ppr,138,RB47,Jerome Ford,8143,RB,,,12,WAS,FantasyPros updated timestamp: 1757083656; average rank: 142.88; best: 79; worst: 236; stddev: 24.48; experts: 187; Sleeper match: matched_name. Near-draft proxy only; historical endpoint was finalized after the Bishop auction.,1552
FantasyPros ECR,2025,2025-09-05,draft,half_ppr,139,QB21,Tua Tagovailoa,6768,QB,,,5,ATL,FantasyPros updated timestamp: 1757083656; average rank: 145.14; best: 104; worst: 241; stddev: 24.85; experts: 188; Sleeper match: matched_name. Near-draft proxy only; historical endpoint was finalized after the Bishop auction.,1553
FantasyPros ECR,2025,2025-09-05,draft,half_ppr,140,RB48,Tyler Allgeier,8132,RB,,,8,ARI,FantasyPros updated timestamp: 1757083656; average rank: 146.52; best: 104; worst: 227; stddev: 15.25; experts: 188; Sleeper match: matched_name. Near-draft proxy only; historical endpoint was finalized after the Bishop auction.,1554
FantasyPros ECR,2025,2025-09-05,draft,half_ppr,141,QB22,Bryce Young,9228,QB,,,14,CAR,FantasyPros updated timestamp: 1757083656; average rank: 147.23; best: 103; worst: 254; stddev: 24.96; experts: 188; Sleeper match: matched_name. Near-draft proxy only; historical endpoint was finalized after the Bishop auction.,1555
FantasyPros ECR,2025,2025-09-05,draft,half_ppr,142,RB49,Quinshon Judkins,12512,RB,,,9,CLE,FantasyPros updated timestamp: 1757083656; average rank: 141.04; best: 55; worst: 310; stddev: 37.69; experts: 185; Sleeper match: matched_name. Near-draft proxy only; historical endpoint was finalized after the Bishop auction.,1556
FantasyPros ECR,2025,2025-09-05,draft,half_ppr,143,TE17,Hunter Henry,3214,TE,,,14,NE,FantasyPros updated timestamp: 1757083656; average rank: 148.03; best: 86; worst: 225; stddev: 24.01; experts: 188; Sleeper match: matched_name. Near-draft proxy only; historical endpoint was finalized after the Bishop auction.,1557
FantasyPros ECR,2025,2025-09-05,draft,half_ppr,144,WR56,Cedric Tillman,10444,WR,,,,FA,FantasyPros updated timestamp: 1757083656; average rank: 150.95; best: 102; worst: 251; stddev: 19.02; experts: 188; Sleeper match: matched_name. Near-draft proxy only; historical endpoint was finalized after the Bishop auction.,1558
FantasyPros ECR,2025,2025-09-05,draft,half_ppr,145,WR57,Brandon Aiyuk,6803,WR,,,14,SF,FantasyPros updated timestamp: 1757083656; average rank: 149.09; best: 93; worst: 244; stddev: 25.19; experts: 187; Sleeper match: matched_name. Near-draft proxy only; historical endpoint was finalized after the Bishop auction.,1559
FantasyPros ECR,2025,2025-09-05,draft,half_ppr,146,WR58,Keenan Allen,1479,WR,,,11,IND,FantasyPros updated timestamp: 1757083656; average rank: 151.59; best: 81; worst: 327; stddev: 39.42; experts: 187; Sleeper match: matched_name. Near-draft proxy only; historical endpoint was finalized after the Bishop auction.,1560
FantasyPros ECR,2025,2025-09-05,draft,half_ppr,147,RB50,Dylan Sampson,12469,RB,,,9,CLE,FantasyPros updated timestamp: 1757083656; average rank: 147.43; best: 82; worst: 290; stddev: 28.70; experts: 185; Sleeper match: matched_name. Near-draft proxy only; historical endpoint was finalized after the Bishop auction.,1561
FantasyPros ECR,2025,2025-09-05,draft,half_ppr,148,QB23,Michael Penix Jr.,11559,QB,,,5,ATL,FantasyPros updated timestamp: 1757083656; average rank: 152.49; best: 107; worst: 254; stddev: 24.67; experts: 187; Sleeper match: matched_name. Near-draft proxy only; historical endpoint was finalized after the Bishop auction.,1562
FantasyPros ECR,2025,2025-09-05,draft,half_ppr,149,TE18,Zach Ertz,1339,TE,,,,FA,FantasyPros updated timestamp: 1757083656; average rank: 158.44; best: 94; worst: 296; stddev: 31.11; experts: 189; Sleeper match: matched_name. Near-draft proxy only; historical endpoint was finalized after the Bishop auction.,1563
FantasyPros ECR,2025,2025-09-05,draft,half_ppr,150,WR59,Jayden Higgins,12484,WR,,,6,HOU,FantasyPros updated timestamp: 1757083656; average rank: 152.97; best: 75; worst: 261; stddev: 29.75; experts: 186; Sleeper match: matched_name. Near-draft proxy only; historical endpoint was finalized after the Bishop auction.,1564
FantasyPros ECR,2025,2025-09-05,draft,half_ppr,151,RB51,Jaydon Blue,12457,RB,,,10,DAL,FantasyPros updated timestamp: 1757083656; average rank: 146.73; best: 77; worst: 310; stddev: 29.59; experts: 183; Sleeper match: matched_name. Near-draft proxy only; historical endpoint was finalized after the Bishop auction.,1565
FantasyPros ECR,2025,2025-09-05,draft,half_ppr,152,WR60,Luther Burden III,12519,WR,,,5,CHI,FantasyPros updated timestamp: 1757083656; average rank: 151.89; best: 114; worst: 246; stddev: 23.95; experts: 185; Sleeper match: matched_name. Near-draft proxy only; historical endpoint was finalized after the Bishop auction.,1566
FantasyPros ECR,2025,2025-09-05,draft,half_ppr,153,RB52,Tyjae Spears,9508,RB,,,10,TEN,FantasyPros updated timestamp: 1757083656; average rank: 152.70; best: 88; worst: 279; stddev: 28.09; experts: 185; Sleeper match: matched_name. Near-draft proxy only; historical endpoint was finalized after the Bishop auction.,1567
FantasyPros ECR,2025,2025-09-05,draft,half_ppr,154,WR61,Romeo Doubs,8121,WR,,,14,NE,FantasyPros updated timestamp: 1757083656; average rank: 159.20; best: 110; worst: 263; stddev: 19.40; experts: 187; Sleeper match: matched_name. Near-draft proxy only; historical endpoint was finalized after the Bishop auction.,1568
FantasyPros ECR,2025,2025-09-05,draft,half_ppr,155,QB24,Geno Smith,1373,QB,,,9,NYJ,FantasyPros updated timestamp: 1757083656; average rank: 162.25; best: 104; worst: 275; stddev: 30.99; experts: 188; Sleeper match: matched_name. Near-draft proxy only; historical endpoint was finalized after the Bishop auction.,1569
FantasyPros ECR,2025,2025-09-05,draft,half_ppr,156,RB53,Ollie Gordon II,12495,RB,,,12,MIA,FantasyPros updated timestamp: 1757083656; average rank: 163.93; best: 98; worst: 308; stddev: 40.00; experts: 187; Sleeper match: matched_name. Near-draft proxy only; historical endpoint was finalized after the Bishop auction.,1570
FantasyPros ECR,2025,2025-09-05,draft,half_ppr,157,RB54,Joe Mixon,4018,RB,,,,FA,FantasyPros updated timestamp: 1757083656; average rank: 151.89; best: 49; worst: 342; stddev: 46.16; experts: 181; Sleeper match: matched_name. Near-draft proxy only; historical endpoint was finalized after the Bishop auction.,1571
FantasyPros ECR,2025,2025-09-05,draft,half_ppr,158,RB55,Rico Dowdle,7021,RB,,,5,PIT,FantasyPros updated timestamp: 1757083656; average rank: 161.63; best: 77; worst: 280; stddev: 26.22; experts: 185; Sleeper match: matched_name. Near-draft proxy only; historical endpoint was finalized after the Bishop auction.,1572
FantasyPros ECR,2025,2025-09-05,draft,half_ppr,159,TE19,Jonnu Smith,4144,TE,,,5,GB,FantasyPros updated timestamp: 1757083656; average rank: 167.36; best: 96; worst: 253; stddev: 29.63; experts: 186; Sleeper match: matched_name. Near-draft proxy only; historical endpoint was finalized after the Bishop auction.,1573
FantasyPros ECR,2025,2025-09-05,draft,half_ppr,160,WR62,DeMario Douglas,9501,WR,,,14,NE,FantasyPros updated timestamp: 1757083656; average rank: 168.86; best: 89; worst: 239; stddev: 26.83; experts: 186; Sleeper match: matched_name. Near-draft proxy only; historical endpoint was finalized after the Bishop auction.,1574
FantasyPros ECR,2025,2025-09-05,draft,half_ppr,161,WR63,Hollywood Brown,,WR,,,9,PHI,FantasyPros updated timestamp: 1757083656; average rank: 163.35; best: 118; worst: 242; stddev: 20.75; experts: 183; Sleeper match: unmatched. Near-draft proxy only; historical endpoint was finalized after the Bishop auction.,1575
FantasyPros ECR,2025,2025-09-05,draft,half_ppr,162,QB25,Matthew Stafford,421,QB,,,8,LAR,FantasyPros updated timestamp: 1757083656; average rank: 167.45; best: 112; worst: 288; stddev: 36.11; experts: 185; Sleeper match: matched_name. Near-draft proxy only; historical endpoint was finalized after the Bishop auction.,1576
FantasyPros ECR,2025,2025-09-05,draft,half_ppr,163,TE20,Brenton Strange,9480,TE,,,8,JAC,FantasyPros updated timestamp: 1757083656; average rank: 172.31; best: 96; worst: 308; stddev: 38.37; experts: 185; Sleeper match: matched_name. Near-draft proxy only; historical endpoint was finalized after the Bishop auction.,1577
FantasyPros ECR,2025,2025-09-05,draft,half_ppr,164,QB26,Cam Ward,12522,QB,,,10,TEN,FantasyPros updated timestamp: 1757083656; average rank: 179.63; best: 97; worst: 297; stddev: 39.15; experts: 188; Sleeper match: matched_name. Near-draft proxy only; historical endpoint was finalized after the Bishop auction.,1578
FantasyPros ECR,2025,2025-09-05,draft,half_ppr,165,WR64,Xavier Legette,11626,WR,,,14,CAR,FantasyPros updated timestamp: 1757083656; average rank: 172.32; best: 114; worst: 264; stddev: 23.92; experts: 184; Sleeper match: matched_name. Near-draft proxy only; historical endpoint was finalized after the Bishop auction.,1579
FantasyPros ECR,2025,2025-09-05,draft,half_ppr,166,WR65,Joshua Palmer,7670,WR,,,7,BUF,FantasyPros updated timestamp: 1757083656; average rank: 176.35; best: 109; worst: 290; stddev: 30.01; experts: 186; Sleeper match: matched_name. Near-draft proxy only; historical endpoint was finalized after the Bishop auction.,1580
FantasyPros ECR,2025,2025-09-05,draft,half_ppr,167,WR66,Wan'Dale Robinson,8126,WR,,,10,TEN,FantasyPros updated timestamp: 1757083656; average rank: 170.48; best: 108; worst: 263; stddev: 26.47; experts: 182; Sleeper match: matched_name. Near-draft proxy only; historical endpoint was finalized after the Bishop auction.,1581
FantasyPros ECR,2025,2025-09-05,draft,half_ppr,168,WR67,Adam Thielen,1689,WR,,,,FA,FantasyPros updated timestamp: 1757083656; average rank: 178.09; best: 110; worst: 320; stddev: 27.11; experts: 184; Sleeper match: matched_name. Near-draft proxy only; historical endpoint was finalized after the Bishop auction.,1582
FantasyPros ECR,2025,2025-09-05,draft,half_ppr,169,TE21,Chig Okonkwo,8210,TE,,,12,WAS,FantasyPros updated timestamp: 1757083656; average rank: 185.17; best: 110; worst: 294; stddev: 36.21; experts: 185; Sleeper match: matched_name. Near-draft proxy only; historical endpoint was finalized after the Bishop auction.,1583
FantasyPros ECR,2025,2025-09-05,draft,half_ppr,170,WR68,Kyle Williams,,WR,,,14,NE,FantasyPros updated timestamp: 1757083656; average rank: 181.11; best: 108; worst: 321; stddev: 32.62; experts: 179; Sleeper match: ambiguous_name. Near-draft proxy only; historical endpoint was finalized after the Bishop auction.,1584
FantasyPros ECR,2025,2025-09-05,draft,half_ppr,171,DST1,Denver Broncos,DEN,DEF,,,12,DEN,FantasyPros updated timestamp: 1757083656; average rank: 155.90; best: 133; worst: 286; stddev: 16.68; experts: 167; Sleeper match: team_abbreviation. Near-draft proxy only; historical endpoint was finalized after the Bishop auction.,1585
FantasyPros ECR,2025,2025-09-05,draft,half_ppr,172,DST2,Philadelphia Eagles,PHI,DEF,,,9,PHI,FantasyPros updated timestamp: 1757083656; average rank: 167.59; best: 141; worst: 288; stddev: 16.40; experts: 170; Sleeper match: team_abbreviation. Near-draft proxy only; historical endpoint was finalized after the Bishop auction.,1586
FantasyPros ECR,2025,2025-09-05,draft,half_ppr,173,QB27,Sam Darnold,4943,QB,,,8,SEA,FantasyPros updated timestamp: 1757083656; average rank: 192.61; best: 112; worst: 307; stddev: 37.74; experts: 182; Sleeper match: matched_name. Near-draft proxy only; historical endpoint was finalized after the Bishop auction.,1587
FantasyPros ECR,2025,2025-09-05,draft,half_ppr,174,RB56,Blake Corum,11586,RB,,,8,LAR,FantasyPros updated timestamp: 1757083656; average rank: 188.29; best: 129; worst: 311; stddev: 32.87; experts: 179; Sleeper match: matched_name. Near-draft proxy only; historical endpoint was finalized after the Bishop auction.,1588
FantasyPros ECR,2025,2025-09-05,draft,half_ppr,175,WR69,Quentin Johnston,9754,WR,,,12,LAC,FantasyPros updated timestamp: 1757083656; average rank: 190.70; best: 132; worst: 269; stddev: 24.63; experts: 180; Sleeper match: matched_name. Near-draft proxy only; historical endpoint was finalized after the Bishop auction.,1589
FantasyPros ECR,2025,2025-09-05,draft,half_ppr,176,TE22,Isaiah Likely,8131,TE,,,14,NYG,FantasyPros updated timestamp: 1757083656; average rank: 194.62; best: 115; worst: 280; stddev: 31.50; experts: 182; Sleeper match: matched_name. Near-draft proxy only; historical endpoint was finalized after the Bishop auction.,1590
FantasyPros ECR,2025,2025-09-05,draft,half_ppr,177,WR70,Tre' Harris,12509,WR,,,12,LAC,FantasyPros updated timestamp: 1757083656; average rank: 188.03; best: 122; worst: 378; stddev: 31.85; experts: 177; Sleeper match: matched_name. Near-draft proxy only; historical endpoint was finalized after the Bishop auction.,1591
FantasyPros ECR,2025,2025-09-05,draft,half_ppr,178,RB57,Will Shipley,11577,RB,,,9,PHI,FantasyPros updated timestamp: 1757083656; average rank: 198.38; best: 117; worst: 325; stddev: 40.74; experts: 181; Sleeper match: matched_name. Near-draft proxy only; historical endpoint was finalized after the Bishop auction.,1592
FantasyPros ECR,2025,2025-09-05,draft,half_ppr,179,DST3,Baltimore Ravens,BAL,DEF,,,7,BAL,FantasyPros updated timestamp: 1757083656; average rank: 172.89; best: 147; worst: 289; stddev: 14.51; experts: 168; Sleeper match: team_abbreviation. Near-draft proxy only; historical endpoint was finalized after the Bishop auction.,1593
FantasyPros ECR,2025,2025-09-05,draft,half_ppr,180,RB58,Woody Marks,12474,RB,,,6,HOU,FantasyPros updated timestamp: 1757083656; average rank: 197.54; best: 112; worst: 345; stddev: 47.83; experts: 180; Sleeper match: matched_name. Near-draft proxy only; historical endpoint was finalized after the Bishop auction.,1594
FantasyPros ECR,2025,2025-09-05,draft,half_ppr,181,DST4,Pittsburgh Steelers,PIT,DEF,,,5,PIT,FantasyPros updated timestamp: 1757083656; average rank: 171.51; best: 147; worst: 287; stddev: 15.44; experts: 167; Sleeper match: team_abbreviation. Near-draft proxy only; historical endpoint was finalized after the Bishop auction.,1595
FantasyPros ECR,2025,2025-09-05,draft,half_ppr,182,RB59,Roschon Johnson,10235,RB,,,5,CHI,FantasyPros updated timestamp: 1757083656; average rank: 192.44; best: 131; worst: 313; stddev: 34.10; experts: 177; Sleeper match: matched_name. Near-draft proxy only; historical endpoint was finalized after the Bishop auction.,1596
FantasyPros ECR,2025,2025-09-05,draft,half_ppr,183,TE23,Cade Otton,8111,TE,,,9,TB,FantasyPros updated timestamp: 1757083656; average rank: 202.54; best: 110; worst: 268; stddev: 33.21; experts: 182; Sleeper match: matched_name. Near-draft proxy only; historical endpoint was finalized after the Bishop auction.,1597
FantasyPros ECR,2025,2025-09-05,draft,half_ppr,184,RB60,Kyle Monangai,12534,RB,,,5,CHI,FantasyPros updated timestamp: 1757083656; average rank: 203.54; best: 121; worst: 311; stddev: 40.37; experts: 182; Sleeper match: matched_name. Near-draft proxy only; historical endpoint was finalized after the Bishop auction.,1598
FantasyPros ECR,2025,2025-09-05,draft,half_ppr,185,DST5,Minnesota Vikings,MIN,DEF,,,6,MIN,FantasyPros updated timestamp: 1757083656; average rank: 177.76; best: 150; worst: 348; stddev: 19.74; experts: 169; Sleeper match: team_abbreviation. Near-draft proxy only; historical endpoint was finalized after the Bishop auction.,1599
FantasyPros ECR,2025,2025-09-05,draft,half_ppr,186,DST6,Houston Texans,HOU,DEF,,,6,HOU,FantasyPros updated timestamp: 1757083656; average rank: 184.23; best: 158; worst: 292; stddev: 15.06; experts: 168; Sleeper match: team_abbreviation. Near-draft proxy only; historical endpoint was finalized after the Bishop auction.,1600
FantasyPros ECR,2025,2025-09-05,draft,half_ppr,187,TE24,Mason Taylor,12498,TE,,,9,NYJ,FantasyPros updated timestamp: 1757083656; average rank: 208.40; best: 110; worst: 302; stddev: 37.23; experts: 180; Sleeper match: matched_name. Near-draft proxy only; historical endpoint was finalized after the Bishop auction.,1601
FantasyPros ECR,2025,2025-09-05,draft,half_ppr,188,TE25,Mike Gesicki,4993,TE,,,10,CIN,FantasyPros updated timestamp: 1757083656; average rank: 205.19; best: 110; worst: 316; stddev: 31.45; experts: 177; Sleeper match: matched_name. Near-draft proxy only; historical endpoint was finalized after the Bishop auction.,1602
FantasyPros ECR,2025,2025-09-05,draft,half_ppr,189,K1,Brandon Aubrey,11533,K,,,10,DAL,FantasyPros updated timestamp: 1757083656; average rank: 187.68; best: 129; worst: 306; stddev: 15.15; experts: 168; Sleeper match: matched_name. Near-draft proxy only; historical endpoint was finalized after the Bishop auction.,1603
FantasyPros ECR,2025,2025-09-05,draft,half_ppr,190,WR71,Jalen Coker,11646,WR,,,14,CAR,FantasyPros updated timestamp: 1757083656; average rank: 199.95; best: 129; worst: 309; stddev: 29.50; experts: 174; Sleeper match: matched_name. Near-draft proxy only; historical endpoint was finalized after the Bishop auction.,1604
FantasyPros ECR,2025,2025-09-05,draft,half_ppr,191,WR72,DeAndre Hopkins,1426,WR,,,7,BAL,FantasyPros updated timestamp: 1757083656; average rank: 204.05; best: 132; worst: 294; stddev: 27.93; experts: 176; Sleeper match: matched_name. Near-draft proxy only; historical endpoint was finalized after the Bishop auction.,1605
FantasyPros ECR,2025,2025-09-05,draft,half_ppr,192,QB28,Aaron Rodgers,96,QB,,,5,PIT,FantasyPros updated timestamp: 1757083656; average rank: 218.27; best: 130; worst: 308; stddev: 41.41; experts: 183; Sleeper match: matched_name. Near-draft proxy only; historical endpoint was finalized after the Bishop auction.,1606
FantasyPros ECR,2025,2025-09-05,draft,half_ppr,193,DST7,Buffalo Bills,BUF,DEF,,,7,BUF,FantasyPros updated timestamp: 1757083656; average rank: 185.75; best: 150; worst: 291; stddev: 14.92; experts: 166; Sleeper match: team_abbreviation. Near-draft proxy only; historical endpoint was finalized after the Bishop auction.,1607
FantasyPros ECR,2025,2025-09-05,draft,half_ppr,194,DST8,Kansas City Chiefs,KC,DEF,,,10,KC,FantasyPros updated timestamp: 1757083656; average rank: 189.91; best: 151; worst: 306; stddev: 20.61; experts: 167; Sleeper match: team_abbreviation. Near-draft proxy only; historical endpoint was finalized after the Bishop auction.,1608
FantasyPros ECR,2025,2025-09-05,draft,half_ppr,195,RB61,Justice Hill,5995,RB,,,7,BAL,FantasyPros updated timestamp: 1757083656; average rank: 210.04; best: 129; worst: 303; stddev: 36.08; experts: 177; Sleeper match: matched_name. Near-draft proxy only; historical endpoint was finalized after the Bishop auction.,1609
FantasyPros ECR,2025,2025-09-05,draft,half_ppr,196,WR73,Elic Ayomanor,12499,WR,,,10,TEN,FantasyPros updated timestamp: 1757083656; average rank: 211.96; best: 125; worst: 327; stddev: 31.41; experts: 178; Sleeper match: matched_name. Near-draft proxy only; historical endpoint was finalized after the Bishop auction.,1610
FantasyPros ECR,2025,2025-09-05,draft,half_ppr,197,WR74,Darius Slayton,6149,WR,,,14,NYG,FantasyPros updated timestamp: 1757083656; average rank: 213.53; best: 134; worst: 300; stddev: 29.52; experts: 178; Sleeper match: matched_name. Near-draft proxy only; historical endpoint was finalized after the Bishop auction.,1611
FantasyPros ECR,2025,2025-09-05,draft,half_ppr,198,K2,Cameron Dicker,8259,K,,,12,LAC,FantasyPros updated timestamp: 1757083656; average rank: 194.51; best: 148; worst: 307; stddev: 14.64; experts: 168; Sleeper match: matched_name. Near-draft proxy only; historical endpoint was finalized after the Bishop auction.,1612
FantasyPros ECR,2025,2025-09-05,draft,half_ppr,199,WR75,Alec Pierce,8142,WR,,,11,IND,FantasyPros updated timestamp: 1757083656; average rank: 206.80; best: 163; worst: 298; stddev: 19.78; experts: 174; Sleeper match: matched_name. Near-draft proxy only; historical endpoint was finalized after the Bishop auction.,1613
FantasyPros ECR,2025,2025-09-05,draft,half_ppr,200,RB62,Isaac Guerendo,11651,RB,,,14,SF,FantasyPros updated timestamp: 1757083656; average rank: 207.10; best: 119; worst: 333; stddev: 46.49; experts: 174; Sleeper match: matched_name. Near-draft proxy only; historical endpoint was finalized after the Bishop auction.,1614
FantasyPros ECR,2025,2025-09-05,draft,half_ppr,201,TE26,Pat Freiermuth,7600,TE,,,5,PIT,FantasyPros updated timestamp: 1757083656; average rank: 214.64; best: 137; worst: 287; stddev: 29.63; experts: 178; Sleeper match: matched_name. Near-draft proxy only; historical endpoint was finalized after the Bishop auction.,1615
FantasyPros ECR,2025,2025-09-05,draft,half_ppr,202,RB63,Chris Rodriguez Jr.,10219,RB,,,8,JAC,FantasyPros updated timestamp: 1757083656; average rank: 207.64; best: 99; worst: 332; stddev: 54.72; experts: 173; Sleeper match: matched_name. Near-draft proxy only; historical endpoint was finalized after the Bishop auction.,1616
FantasyPros ECR,2025,2025-09-05,draft,half_ppr,203,K3,Jake Bates,11539,K,,,8,DET,FantasyPros updated timestamp: 1757083656; average rank: 196.30; best: 166; worst: 310; stddev: 15.03; experts: 167; Sleeper match: matched_name. Near-draft proxy only; historical endpoint was finalized after the Bishop auction.,1617
FantasyPros ECR,2025,2025-09-05,draft,half_ppr,204,DST9,Green Bay Packers,GB,DEF,,,5,GB,FantasyPros updated timestamp: 1757083656; average rank: 198.22; best: 160; worst: 299; stddev: 21.17; experts: 167; Sleeper match: team_abbreviation. Near-draft proxy only; historical endpoint was finalized after the Bishop auction.,1618
FantasyPros ECR,2025,2025-09-05,draft,half_ppr,205,DST10,Detroit Lions,DET,DEF,,,8,DET,FantasyPros updated timestamp: 1757083656; average rank: 194.48; best: 166; worst: 324; stddev: 20.10; experts: 165; Sleeper match: team_abbreviation. Near-draft proxy only; historical endpoint was finalized after the Bishop auction.,1619
FantasyPros ECR,2025,2025-09-05,draft,half_ppr,206,WR76,Michael Wilson,10232,WR,,,8,ARI,FantasyPros updated timestamp: 1757083656; average rank: 210.22; best: 153; worst: 291; stddev: 21.96; experts: 171; Sleeper match: matched_name. Near-draft proxy only; historical endpoint was finalized after the Bishop auction.,1620
FantasyPros ECR,2025,2025-09-05,draft,half_ppr,207,K4,Wil Lutz,3678,K,,,12,DEN,FantasyPros updated timestamp: 1757083656; average rank: 205.61; best: 179; worst: 332; stddev: 21.69; experts: 168; Sleeper match: matched_name. Near-draft proxy only; historical endpoint was finalized after the Bishop auction.,1621
FantasyPros ECR,2025,2025-09-05,draft,half_ppr,208,RB64,Kendre Miller,9757,RB,,,11,NO,FantasyPros updated timestamp: 1757083656; average rank: 208.26; best: 145; worst: 325; stddev: 34.84; experts: 169; Sleeper match: matched_name. Near-draft proxy only; historical endpoint was finalized after the Bishop auction.,1622
FantasyPros ECR,2025,2025-09-05,draft,half_ppr,209,RB65,DJ Giddens,12471,RB,,,11,IND,FantasyPros updated timestamp: 1757083656; average rank: 216.15; best: 126; worst: 328; stddev: 33.97; experts: 173; Sleeper match: matched_name. Near-draft proxy only; historical endpoint was finalized after the Bishop auction.,1623
FantasyPros ECR,2025,2025-09-05,draft,half_ppr,210,DST11,Los Angeles Rams,LAR,DEF,,,8,LAR,FantasyPros updated timestamp: 1757083656; average rank: 205.30; best: 181; worst: 296; stddev: 23.09; experts: 167; Sleeper match: team_abbreviation. Near-draft proxy only; historical endpoint was finalized after the Bishop auction.,1624
FantasyPros ECR,2025,2025-09-05,draft,half_ppr,211,DST12,Seattle Seahawks,SEA,DEF,,,8,SEA,FantasyPros updated timestamp: 1757083656; average rank: 201.57; best: 168; worst: 295; stddev: 21.19; experts: 165; Sleeper match: team_abbreviation. Near-draft proxy only; historical endpoint was finalized after the Bishop auction.,1625
FantasyPros ECR,2025,2025-09-05,draft,half_ppr,212,RB66,Kareem Hunt,4098,RB,,,,FA,FantasyPros updated timestamp: 1757083656; average rank: 210.54; best: 102; worst: 336; stddev: 35.45; experts: 169; Sleeper match: matched_name. Near-draft proxy only; historical endpoint was finalized after the Bishop auction.,1626
FantasyPros ECR,2025,2025-09-05,draft,half_ppr,213,RB67,Jaylen Wright,11643,RB,,,12,MIA,FantasyPros updated timestamp: 1757083656; average rank: 210.54; best: 110; worst: 297; stddev: 40.59; experts: 169; Sleeper match: matched_name. Near-draft proxy only; historical endpoint was finalized after the Bishop auction.,1627
FantasyPros ECR,2025,2025-09-05,draft,half_ppr,214,WR77,Pat Bryant,12492,WR,,,12,DEN,FantasyPros updated timestamp: 1757083656; average rank: 215.08; best: 126; worst: 320; stddev: 33.07; experts: 171; Sleeper match: matched_name. Near-draft proxy only; historical endpoint was finalized after the Bishop auction.,1628
FantasyPros ECR,2025,2025-09-05,draft,half_ppr,215,K5,Chase McLaughlin,6650,K,,,9,TB,FantasyPros updated timestamp: 1757083656; average rank: 207.45; best: 180; worst: 313; stddev: 16.05; experts: 167; Sleeper match: matched_name. Near-draft proxy only; historical endpoint was finalized after the Bishop auction.,1629
FantasyPros ECR,2025,2025-09-05,draft,half_ppr,216,K6,Ka'imi Fairbairn,3451,K,,,6,HOU,FantasyPros updated timestamp: 1757083656; average rank: 210.36; best: 173; worst: 308; stddev: 17.71; experts: 168; Sleeper match: matched_name. Near-draft proxy only; historical endpoint was finalized after the Bishop auction.,1630
FantasyPros ECR,2025,2025-09-05,draft,half_ppr,217,RB68,Keaton Mitchell,9511,RB,,,12,LAC,FantasyPros updated timestamp: 1757083656; average rank: 218.11; best: 129; worst: 316; stddev: 40.03; experts: 172; Sleeper match: matched_name. Near-draft proxy only; historical endpoint was finalized after the Bishop auction.,1631
FantasyPros ECR,2025,2025-09-05,draft,half_ppr,218,DST13,Los Angeles Chargers,LAC,DEF,,,12,LAC,FantasyPros updated timestamp: 1757083656; average rank: 205.16; best: 171; worst: 322; stddev: 25.81; experts: 162; Sleeper match: team_abbreviation. Near-draft proxy only; historical endpoint was finalized after the Bishop auction.,1632
FantasyPros ECR,2025,2025-09-05,draft,half_ppr,219,TE27,Dalton Schultz,5001,TE,,,6,HOU,FantasyPros updated timestamp: 1757083656; average rank: 230.47; best: 147; worst: 294; stddev: 28.10; experts: 175; Sleeper match: matched_name. Near-draft proxy only; historical endpoint was finalized after the Bishop auction.,1633
FantasyPros ECR,2025,2025-09-05,draft,half_ppr,220,K7,Harrison Butker,4227,K,,,10,KC,FantasyPros updated timestamp: 1757083656; average rank: 216.46; best: 171; worst: 316; stddev: 18.05; experts: 167; Sleeper match: matched_name. Near-draft proxy only; historical endpoint was finalized after the Bishop auction.,1634
FantasyPros ECR,2025,2025-09-05,draft,half_ppr,221,TE28,Ja'Tavion Sanders,11600,TE,,,14,CAR,FantasyPros updated timestamp: 1757083656; average rank: 233.34; best: 137; worst: 371; stddev: 33.46; experts: 176; Sleeper match: matched_name. Near-draft proxy only; historical endpoint was finalized after the Bishop auction.,1635
FantasyPros ECR,2025,2025-09-05,draft,half_ppr,222,WR78,Adonai Mitchell,11625,WR,,,9,NYJ,FantasyPros updated timestamp: 1757083656; average rank: 224.42; best: 149; worst: 304; stddev: 28.75; experts: 171; Sleeper match: matched_name. Near-draft proxy only; historical endpoint was finalized after the Bishop auction.,1636
FantasyPros ECR,2025,2025-09-05,draft,half_ppr,223,DST14,San Francisco 49ers,SF,DEF,,,14,SF,FantasyPros updated timestamp: 1757083656; average rank: 216.38; best: 150; worst: 343; stddev: 29.93; experts: 165; Sleeper match: team_abbreviation. Near-draft proxy only; historical endpoint was finalized after the Bishop auction.,1637
FantasyPros ECR,2025,2025-09-05,draft,half_ppr,224,K8,Chris Boswell,1945,K,,,5,PIT,FantasyPros updated timestamp: 1757083656; average rank: 211.44; best: 171; worst: 320; stddev: 20.80; experts: 162; Sleeper match: matched_name. Near-draft proxy only; historical endpoint was finalized after the Bishop auction.,1638
FantasyPros ECR,2025,2025-09-05,draft,half_ppr,225,TE29,Juwan Johnson,7002,TE,,,11,NO,FantasyPros updated timestamp: 1757083656; average rank: 236.30; best: 143; worst: 304; stddev: 27.48; experts: 173; Sleeper match: matched_name. Near-draft proxy only; historical endpoint was finalized after the Bishop auction.,1639
FantasyPros ECR,2025,2025-09-05,draft,half_ppr,226,QB29,Daniel Jones,5870,QB,,,11,IND,FantasyPros updated timestamp: 1757083656; average rank: 246.66; best: 146; worst: 388; stddev: 40.80; experts: 179; Sleeper match: matched_name. Near-draft proxy only; historical endpoint was finalized after the Bishop auction.,1640
FantasyPros ECR,2025,2025-09-05,draft,half_ppr,227,WR79,Jaylin Noel,12536,WR,,,6,HOU,FantasyPros updated timestamp: 1757083656; average rank: 229.03; best: 167; worst: 316; stddev: 29.77; experts: 168; Sleeper match: matched_name. Near-draft proxy only; historical endpoint was finalized after the Bishop auction.,1641
FantasyPros ECR,2025,2025-09-05,draft,half_ppr,228,K9,Evan McPherson,7839,K,,,10,CIN,FantasyPros updated timestamp: 1757083656; average rank: 217.73; best: 182; worst: 316; stddev: 18.90; experts: 162; Sleeper match: matched_name. Near-draft proxy only; historical endpoint was finalized after the Bishop auction.,1642
FantasyPros ECR,2025,2025-09-05,draft,half_ppr,229,WR80,Andrei Iosivas,10226,WR,,,10,CIN,FantasyPros updated timestamp: 1757083656; average rank: 229.56; best: 179; worst: 300; stddev: 21.38; experts: 168; Sleeper match: matched_name. Near-draft proxy only; historical endpoint was finalized after the Bishop auction.,1643
FantasyPros ECR,2025,2025-09-05,draft,half_ppr,230,RB69,Tahj Brooks,12543,RB,,,10,CIN,FantasyPros updated timestamp: 1757083656; average rank: 230.94; best: 126; worst: 329; stddev: 41.49; experts: 167; Sleeper match: matched_name. Near-draft proxy only; historical endpoint was finalized after the Bishop auction.,1644
FantasyPros ECR,2025,2025-09-05,draft,half_ppr,231,RB70,Miles Sanders,6151,RB,,,,FA,FantasyPros updated timestamp: 1757083656; average rank: 229.50; best: 144; worst: 309; stddev: 31.26; experts: 166; Sleeper match: matched_name. Near-draft proxy only; historical endpoint was finalized after the Bishop auction.,1645
FantasyPros ECR,2025,2025-09-05,draft,half_ppr,232,K10,Jake Elliott,4195,K,,,9,PHI,FantasyPros updated timestamp: 1757083656; average rank: 228.78; best: 166; worst: 332; stddev: 20.24; experts: 164; Sleeper match: matched_name. Near-draft proxy only; historical endpoint was finalized after the Bishop auction.,1646
FantasyPros ECR,2025,2025-09-05,draft,half_ppr,233,K11,Tyler Bass,7042,K,,,7,BUF,FantasyPros updated timestamp: 1757083656; average rank: 224.04; best: 190; worst: 289; stddev: 17.72; experts: 160; Sleeper match: matched_name. Near-draft proxy only; historical endpoint was finalized after the Bishop auction.,1647
FantasyPros ECR,2025,2025-09-05,draft,half_ppr,234,TE30,Elijah Arroyo,12521,TE,,,8,SEA,FantasyPros updated timestamp: 1757083656; average rank: 237.93; best: 123; worst: 319; stddev: 36.42; experts: 167; Sleeper match: matched_name. Near-draft proxy only; historical endpoint was finalized after the Bishop auction.,1648
FantasyPros ECR,2025,2025-09-05,draft,half_ppr,235,DST15,New York Jets,NYJ,DEF,,,9,NYJ,FantasyPros updated timestamp: 1757083656; average rank: 221.12; best: 160; worst: 355; stddev: 32.79; experts: 158; Sleeper match: team_abbreviation. Near-draft proxy only; historical endpoint was finalized after the Bishop auction.,1649
FantasyPros ECR,2025,2025-09-05,draft,half_ppr,236,RB71,Dameon Pierce,8129,RB,,,9,PHI,FantasyPros updated timestamp: 1757083656; average rank: 234.99; best: 126; worst: 319; stddev: 44.68; experts: 164; Sleeper match: matched_name. Near-draft proxy only; historical endpoint was finalized after the Bishop auction.,1650
FantasyPros ECR,2025,2025-09-05,draft,half_ppr,237,WR81,Calvin Austin III,8125,WR,,,14,NYG,FantasyPros updated timestamp: 1757083656; average rank: 233.57; best: 127; worst: 369; stddev: 34.06; experts: 163; Sleeper match: matched_name. Near-draft proxy only; historical endpoint was finalized after the Bishop auction.,1651
FantasyPros ECR,2025,2025-09-05,draft,half_ppr,238,WR82,Isaac TeSlaa,12535,WR,,,8,DET,FantasyPros updated timestamp: 1757083656; average rank: 226.48; best: 131; worst: 323; stddev: 42.44; experts: 159; Sleeper match: matched_name. Near-draft proxy only; historical endpoint was finalized after the Bishop auction.,1652
FantasyPros ECR,2025,2025-09-05,draft,half_ppr,239,WR83,Tyler Lockett,2374,WR,,,8,LV,FantasyPros updated timestamp: 1757083656; average rank: 238.49; best: 148; worst: 342; stddev: 29.43; experts: 165; Sleeper match: matched_name. Near-draft proxy only; historical endpoint was finalized after the Bishop auction.,1653
FantasyPros ECR,2025,2025-09-05,draft,half_ppr,240,WR84,Tory Horton,12497,WR,,,8,SEA,FantasyPros updated timestamp: 1757083656; average rank: 232.05; best: 139; worst: 337; stddev: 41.48; experts: 161; Sleeper match: matched_name. Near-draft proxy only; historical endpoint was finalized after the Bishop auction.,1654
FantasyPros ECR,2025,2025-09-05,draft,half_ppr,241,WR85,Jack Bech,12483,WR,,,8,LV,FantasyPros updated timestamp: 1757083656; average rank: 230.87; best: 167; worst: 321; stddev: 34.37; experts: 160; Sleeper match: matched_name. Near-draft proxy only; historical endpoint was finalized after the Bishop auction.,1655
FantasyPros ECR,2025,2025-09-05,draft,half_ppr,242,RB72,Brashard Smith,12455,RB,,,10,KC,FantasyPros updated timestamp: 1757083656; average rank: 238.84; best: 141; worst: 353; stddev: 40.26; experts: 163; Sleeper match: matched_name. Near-draft proxy only; historical endpoint was finalized after the Bishop auction.,1656
FantasyPros ECR,2025,2025-09-05,draft,half_ppr,243,WR86,Dyami Brown,7587,WR,,,12,WAS,FantasyPros updated timestamp: 1757083656; average rank: 239.63; best: 152; worst: 329; stddev: 32.67; experts: 163; Sleeper match: matched_name. Near-draft proxy only; historical endpoint was finalized after the Bishop auction.,1657
FantasyPros ECR,2025,2025-09-05,draft,half_ppr,244,WR87,Dont'e Thornton Jr.,12541,WR,,,8,LV,FantasyPros updated timestamp: 1757083656; average rank: 216.41; best: 120; worst: 361; stddev: 47.98; experts: 151; Sleeper match: matched_name. Near-draft proxy only; historical endpoint was finalized after the Bishop auction.,1658
FantasyPros ECR,2025,2025-09-05,draft,half_ppr,245,WR88,Dontayvion Wicks,9486,WR,,,9,PHI,FantasyPros updated timestamp: 1757083656; average rank: 235.85; best: 167; worst: 349; stddev: 29.52; experts: 160; Sleeper match: matched_name. Near-draft proxy only; historical endpoint was finalized after the Bishop auction.,1659
FantasyPros ECR,2025,2025-09-05,draft,half_ppr,246,K12,Matt Gay,6083,K,,,8,LV,FantasyPros updated timestamp: 1757083656; average rank: 234.98; best: 163; worst: 351; stddev: 30.03; experts: 159; Sleeper match: matched_name. Near-draft proxy only; historical endpoint was finalized after the Bishop auction.,1660
FantasyPros ECR,2025,2025-09-05,draft,half_ppr,247,RB73,MarShawn Lloyd,11581,RB,,,5,GB,FantasyPros updated timestamp: 1757083656; average rank: 237.96; best: 156; worst: 336; stddev: 42.69; experts: 160; Sleeper match: matched_name. Near-draft proxy only; historical endpoint was finalized after the Bishop auction.,1661
FantasyPros ECR,2025,2025-09-05,draft,half_ppr,248,RB74,Sean Tucker,9506,RB,,,9,TB,FantasyPros updated timestamp: 1757083656; average rank: 246.65; best: 144; worst: 331; stddev: 37.89; experts: 163; Sleeper match: matched_name. Near-draft proxy only; historical endpoint was finalized after the Bishop auction.,1662
FantasyPros ECR,2025,2025-09-05,draft,half_ppr,249,QB30,Russell Wilson,1234,QB,,,,FA,FantasyPros updated timestamp: 1757083656; average rank: 263.63; best: 152; worst: 500; stddev: 37.71; experts: 172; Sleeper match: matched_name. Near-draft proxy only; historical endpoint was finalized after the Bishop auction.,1663
FantasyPros ECR,2025,2025-09-05,draft,half_ppr,250,RB75,Jarquez Hunter,11569,RB,,,12,MIA,FantasyPros updated timestamp: 1757083656; average rank: 248.69; best: 129; worst: 337; stddev: 35.93; experts: 162; Sleeper match: matched_name. Near-draft proxy only; historical endpoint was finalized after the Bishop auction.,1664
FantasyPros ECR,2025,2025-09-05,draft,half_ppr,251,WR89,Roman Wilson,11630,WR,,,,FA,FantasyPros updated timestamp: 1757083656; average rank: 250.24; best: 167; worst: 323; stddev: 27.90; experts: 162; Sleeper match: matched_name. Near-draft proxy only; historical endpoint was finalized after the Bishop auction.,1665
FantasyPros ECR,2025,2025-09-05,draft,half_ppr,252,K13,Younghoe Koo,4666,K,,,,FA,FantasyPros updated timestamp: 1757083656; average rank: 242.38; best: 195; worst: 316; stddev: 23.10; experts: 157; Sleeper match: matched_name. Near-draft proxy only; historical endpoint was finalized after the Bishop auction.,1666
FantasyPros ECR,2025,2025-09-05,draft,half_ppr,253,TE31,Theo Johnson,11597,TE,,,14,NYG,FantasyPros updated timestamp: 1757083656; average rank: 243.39; best: 154; worst: 299; stddev: 32.25; experts: 157; Sleeper match: matched_name. Near-draft proxy only; historical endpoint was finalized after the Bishop auction.,1667
FantasyPros ECR,2025,2025-09-05,draft,half_ppr,254,RB76,Raheem Mostert,2749,RB,,,8,LV,FantasyPros updated timestamp: 1757083656; average rank: 257.10; best: 155; worst: 338; stddev: 34.98; experts: 163; Sleeper match: matched_name. Near-draft proxy only; historical endpoint was finalized after the Bishop auction.,1668
FantasyPros ECR,2025,2025-09-05,draft,half_ppr,255,TE32,Harold Fannin Jr.,12506,TE,,,9,CLE,FantasyPros updated timestamp: 1757083656; average rank: 256.59; best: 133; worst: 352; stddev: 33.53; experts: 160; Sleeper match: matched_name. Near-draft proxy only; historical endpoint was finalized after the Bishop auction.,1669
FantasyPros ECR,2025,2025-09-05,draft,half_ppr,256,WR90,Malik Washington,11610,WR,,,12,MIA,FantasyPros updated timestamp: 1757083656; average rank: 254.65; best: 157; worst: 355; stddev: 33.34; experts: 158; Sleeper match: matched_name. Near-draft proxy only; historical endpoint was finalized after the Bishop auction.,1670
FantasyPros ECR,2025,2025-09-05,draft,half_ppr,257,TE33,Cole Kmet,6826,TE,,,5,CHI,FantasyPros updated timestamp: 1757083656; average rank: 258.38; best: 170; worst: 354; stddev: 28.72; experts: 160; Sleeper match: matched_name. Near-draft proxy only; historical endpoint was finalized after the Bishop auction.,1671
FantasyPros ECR,2025,2025-09-05,draft,half_ppr,258,QB31,Joe Flacco,19,QB,,,10,CIN,FantasyPros updated timestamp: 1757083656; average rank: 277.10; best: 138; worst: 642; stddev: 45.00; experts: 169; Sleeper match: matched_name. Near-draft proxy only; historical endpoint was finalized after the Bishop auction.,1672
FantasyPros ECR,2025,2025-09-05,draft,half_ppr,259,WR91,Jalen Royals,12505,WR,,,10,KC,FantasyPros updated timestamp: 1757083656; average rank: 255.74; best: 183; worst: 395; stddev: 29.57; experts: 156; Sleeper match: matched_name. Near-draft proxy only; historical endpoint was finalized after the Bishop auction.,1673
FantasyPros ECR,2025,2025-09-05,draft,half_ppr,260,RB77,Devin Neal,12476,RB,,,11,NO,FantasyPros updated timestamp: 1757083656; average rank: 257.54; best: 156; worst: 329; stddev: 31.67; experts: 156; Sleeper match: matched_name_position. Near-draft proxy only; historical endpoint was finalized after the Bishop auction.,1674
FantasyPros ECR,2025,2025-09-05,draft,half_ppr,261,RB78,Kenny Gainwell,7567,RB,,,9,TB,FantasyPros updated timestamp: 1757083656; average rank: 256.16; best: 159; worst: 362; stddev: 34.60; experts: 155; Sleeper match: matched_name. Near-draft proxy only; historical endpoint was finalized after the Bishop auction.,1675
FantasyPros ECR,2025,2025-09-05,draft,half_ppr,262,DST16,Tampa Bay Buccaneers,TB,DEF,,,9,TB,FantasyPros updated timestamp: 1757083656; average rank: 246.97; best: 160; worst: 317; stddev: 27.37; experts: 150; Sleeper match: team_abbreviation. Near-draft proxy only; historical endpoint was finalized after the Bishop auction.,1676
FantasyPros ECR,2025,2025-09-05,draft,half_ppr,263,WR92,Devaughn Vele,11834,WR,,,11,NO,FantasyPros updated timestamp: 1757083656; average rank: 259.38; best: 195; worst: 355; stddev: 25.50; experts: 155; Sleeper match: matched_name. Near-draft proxy only; historical endpoint was finalized after the Bishop auction.,1677
FantasyPros ECR,2025,2025-09-05,draft,half_ppr,264,RB79,Ty Johnson,6039,RB,,,7,BUF,FantasyPros updated timestamp: 1757083656; average rank: 268.63; best: 163; worst: 325; stddev: 30.43; experts: 157; Sleeper match: matched_name. Near-draft proxy only; historical endpoint was finalized after the Bishop auction.,1678
FantasyPros ECR,2025,2025-09-05,draft,half_ppr,265,WR93,Jalen McMillan,11618,WR,,,9,TB,FantasyPros updated timestamp: 1757083656; average rank: 245.46; best: 106; worst: 378; stddev: 53.92; experts: 143; Sleeper match: matched_name. Near-draft proxy only; historical endpoint was finalized after the Bishop auction.,1679
FantasyPros ECR,2025,2025-09-05,draft,half_ppr,266,RB80,Jaleel McLaughlin,11439,RB,,,12,DEN,FantasyPros updated timestamp: 1757083656; average rank: 259.54; best: 147; worst: 399; stddev: 37.09; experts: 150; Sleeper match: matched_name. Near-draft proxy only; historical endpoint was finalized after the Bishop auction.,1680
FantasyPros ECR,2025,2025-09-05,draft,half_ppr,267,WR94,Kayshon Boutte,9504,WR,,,6,HOU,FantasyPros updated timestamp: 1757083656; average rank: 263.34; best: 175; worst: 346; stddev: 30.04; experts: 151; Sleeper match: matched_name. Near-draft proxy only; historical endpoint was finalized after the Bishop auction.,1681
FantasyPros ECR,2025,2025-09-05,draft,half_ppr,268,RB81,Trevor Etienne,12531,RB,,,14,CAR,FantasyPros updated timestamp: 1757083656; average rank: 267.86; best: 161; worst: 409; stddev: 29.69; experts: 152; Sleeper match: matched_name. Near-draft proxy only; historical endpoint was finalized after the Bishop auction.,1682
FantasyPros ECR,2025,2025-09-05,draft,half_ppr,269,QB32,Anthony Richardson Sr.,9229,QB,,,11,IND,FantasyPros updated timestamp: 1757083656; average rank: 285.40; best: 133; worst: 456; stddev: 44.15; experts: 160; Sleeper match: matched_name. Near-draft proxy only; historical endpoint was finalized after the Bishop auction.,1683
FantasyPros ECR,2025,2025-09-05,draft,half_ppr,270,TE34,Noah Gray,7828,TE,,,10,KC,FantasyPros updated timestamp: 1757083656; average rank: 270.64; best: 202; worst: 324; stddev: 20.67; experts: 151; Sleeper match: matched_name. Near-draft proxy only; historical endpoint was finalized after the Bishop auction.,1684
FantasyPros ECR,2025,2025-09-05,draft,half_ppr,271,RB82,Elijah Mitchell,7561,RB,,,,FA,FantasyPros updated timestamp: 1757083656; average rank: 272.83; best: 200; worst: 336; stddev: 26.50; experts: 152; Sleeper match: matched_name_position. Near-draft proxy only; historical endpoint was finalized after the Bishop auction.,1685
FantasyPros ECR,2025,2025-09-05,draft,half_ppr,272,WR95,Jalen Tolbert,8117,WR,,,12,MIA,FantasyPros updated timestamp: 1757083656; average rank: 268.51; best: 169; worst: 372; stddev: 29.91; experts: 149; Sleeper match: matched_name. Near-draft proxy only; historical endpoint was finalized after the Bishop auction.,1686
FantasyPros ECR,2025,2025-09-05,draft,half_ppr,273,RB83,Devin Singletary,6130,RB,,,14,NYG,FantasyPros updated timestamp: 1757083656; average rank: 269.16; best: 163; worst: 350; stddev: 27.04; experts: 148; Sleeper match: matched_name. Near-draft proxy only; historical endpoint was finalized after the Bishop auction.,1687
FantasyPros ECR,2025,2025-09-05,draft,half_ppr,274,DST17,Chicago Bears,CHI,DEF,,,5,CHI,FantasyPros updated timestamp: 1757083656; average rank: 268.55; best: 150; worst: 374; stddev: 45.29; experts: 147; Sleeper match: team_abbreviation. Near-draft proxy only; historical endpoint was finalized after the Bishop auction.,1688
FantasyPros ECR,2025,2025-09-05,draft,half_ppr,275,WR96,Brandin Cooks,2197,WR,,,,FA,FantasyPros updated timestamp: 1757083656; average rank: 271.36; best: 203; worst: 361; stddev: 27.37; experts: 148; Sleeper match: matched_name. Near-draft proxy only; historical endpoint was finalized after the Bishop auction.,1689
FantasyPros ECR,2025,2025-09-05,draft,half_ppr,276,RB84,Isaiah Davis,11571,RB,,,9,NYJ,FantasyPros updated timestamp: 1757083656; average rank: 279.74; best: 175; worst: 364; stddev: 30.63; experts: 152; Sleeper match: matched_name. Near-draft proxy only; historical endpoint was finalized after the Bishop auction.,1690
FantasyPros ECR,2025,2025-09-05,draft,half_ppr,277,RB85,Antonio Gibson,6945,RB,,,,FA,FantasyPros updated timestamp: 1757083656; average rank: 274.81; best: 176; worst: 380; stddev: 29.96; experts: 149; Sleeper match: matched_name. Near-draft proxy only; historical endpoint was finalized after the Bishop auction.,1691
FantasyPros ECR,2025,2025-09-05,draft,half_ppr,278,WR97,Nick Westbrook-Ikhine,7496,WR,,,11,IND,FantasyPros updated timestamp: 1757083656; average rank: 269.56; best: 179; worst: 330; stddev: 24.71; experts: 146; Sleeper match: matched_name. Near-draft proxy only; historical endpoint was finalized after the Bishop auction.,1692
FantasyPros ECR,2025,2025-09-05,draft,half_ppr,279,K14,Joshua Karty,11789,K,,,,FA,FantasyPros updated timestamp: 1757083656; average rank: 256.88; best: 203; worst: 327; stddev: 25.39; experts: 138; Sleeper match: matched_name. Near-draft proxy only; historical endpoint was finalized after the Bishop auction.,1693
FantasyPros ECR,2025,2025-09-05,draft,half_ppr,280,TE35,Darren Waller,2505,TE,,,14,CAR,FantasyPros updated timestamp: 1757083656; average rank: 246.90; best: 111; worst: 334; stddev: 37.73; experts: 133; Sleeper match: matched_name. Near-draft proxy only; historical endpoint was finalized after the Bishop auction.,1694
FantasyPros ECR,2025,2025-09-05,draft,half_ppr,281,WR98,Tre Tucker,10213,WR,,,8,LV,FantasyPros updated timestamp: 1757083656; average rank: 280.07; best: 197; worst: 395; stddev: 28.67; experts: 149; Sleeper match: matched_name. Near-draft proxy only; historical endpoint was finalized after the Bishop auction.,1695
FantasyPros ECR,2025,2025-09-05,draft,half_ppr,282,WR99,Elijah Moore,7596,WR,,,9,PHI,FantasyPros updated timestamp: 1757083656; average rank: 276.50; best: 209; worst: 381; stddev: 30.12; experts: 145; Sleeper match: matched_name. Near-draft proxy only; historical endpoint was finalized after the Bishop auction.,1696
FantasyPros ECR,2025,2025-09-05,draft,half_ppr,283,QB33,Jaxson Dart,12508,QB,,,14,NYG,FantasyPros updated timestamp: 1757083656; average rank: 290.92; best: 168; worst: 482; stddev: 39.97; experts: 153; Sleeper match: matched_name. Near-draft proxy only; historical endpoint was finalized after the Bishop auction.,1697
FantasyPros ECR,2025,2025-09-05,draft,half_ppr,284,K15,Tyler Loop,12711,K,,,7,BAL,FantasyPros updated timestamp: 1757083656; average rank: 241.07; best: 191; worst: 343; stddev: 28.73; experts: 124; Sleeper match: matched_name. Near-draft proxy only; historical endpoint was finalized after the Bishop auction.,1698
FantasyPros ECR,2025,2025-09-05,draft,half_ppr,285,DST18,Dallas Cowboys,DAL,DEF,,,10,DAL,FantasyPros updated timestamp: 1757083656; average rank: 246.87; best: 170; worst: 379; stddev: 39.34; experts: 124; Sleeper match: team_abbreviation. Near-draft proxy only; historical endpoint was finalized after the Bishop auction.,1699
FantasyPros ECR,2025,2025-09-05,draft,half_ppr,286,K16,Will Reichard,11792,K,,,6,MIN,FantasyPros updated timestamp: 1757083656; average rank: 254.47; best: 175; worst: 332; stddev: 33.87; experts: 127; Sleeper match: matched_name. Near-draft proxy only; historical endpoint was finalized after the Bishop auction.,1700
FantasyPros ECR,2025,2025-09-05,draft,half_ppr,287,WR100,Jalen Nailor,8180,WR,,,8,LV,FantasyPros updated timestamp: 1757083656; average rank: 284.34; best: 201; worst: 403; stddev: 25.55; experts: 141; Sleeper match: matched_name. Near-draft proxy only; historical endpoint was finalized after the Bishop auction.,1701
FantasyPros ECR,2025,2025-09-05,draft,half_ppr,288,RB86,Emanuel Wilson,11435,RB,,,8,SEA,FantasyPros updated timestamp: 1757083656; average rank: 283.87; best: 155; worst: 357; stddev: 40.02; experts: 140; Sleeper match: matched_name. Near-draft proxy only; historical endpoint was finalized after the Bishop auction.,1702
FantasyPros ECR,2025,2025-09-05,draft,half_ppr,289,DST19,New England Patriots,NE,DEF,,,14,NE,FantasyPros updated timestamp: 1757083656; average rank: 249.63; best: 170; worst: 355; stddev: 41.13; experts: 123; Sleeper match: team_abbreviation. Near-draft proxy only; historical endpoint was finalized after the Bishop auction.,1703
FantasyPros ECR,2025,2025-09-05,draft,half_ppr,290,DST20,Arizona Cardinals,ARI,DEF,,,8,ARI,FantasyPros updated timestamp: 1757083656; average rank: 256.39; best: 148; worst: 354; stddev: 45.40; experts: 123; Sleeper match: team_abbreviation. Near-draft proxy only; historical endpoint was finalized after the Bishop auction.,1704
FantasyPros ECR,2025,2025-09-05,draft,half_ppr,291,WR101,Parker Washington,9487,WR,,,8,JAC,FantasyPros updated timestamp: 1757083656; average rank: 294.72; best: 229; worst: 412; stddev: 25.66; experts: 138; Sleeper match: matched_name. Near-draft proxy only; historical endpoint was finalized after the Bishop auction.,1705
FantasyPros ECR,2025,2025-09-05,draft,half_ppr,292,RB87,Chris Brooks,11370,RB,,,5,GB,FantasyPros updated timestamp: 1757083656; average rank: 296.71; best: 185; worst: 400; stddev: 25.50; experts: 137; Sleeper match: matched_name. Near-draft proxy only; historical endpoint was finalized after the Bishop auction.,1706
FantasyPros ECR,2025,2025-09-05,draft,half_ppr,293,K17,Daniel Carlson,5095,K,,,11,NO,FantasyPros updated timestamp: 1757083656; average rank: 273.40; best: 192; worst: 385; stddev: 40.22; experts: 122; Sleeper match: matched_name. Near-draft proxy only; historical endpoint was finalized after the Bishop auction.,1707
FantasyPros ECR,2025,2025-09-05,draft,half_ppr,294,QB34,Tyler Shough,12545,QB,,,11,NO,FantasyPros updated timestamp: 1757083656; average rank: 308.90; best: 214; worst: 588; stddev: 36.84; experts: 136; Sleeper match: matched_name. Near-draft proxy only; historical endpoint was finalized after the Bishop auction.,1708
FantasyPros ECR,2025,2025-09-05,draft,half_ppr,295,WR102,Christian Watson,8167,WR,,,5,GB,FantasyPros updated timestamp: 1757083656; average rank: 295.93; best: 194; worst: 407; stddev: 29.01; experts: 127; Sleeper match: matched_name. Near-draft proxy only; historical endpoint was finalized after the Bishop auction.,1709
FantasyPros ECR,2025,2025-09-05,draft,half_ppr,296,WR103,Troy Franklin,11627,WR,,,12,DEN,FantasyPros updated timestamp: 1757083656; average rank: 249.05; best: 177; worst: 332; stddev: 39.67; experts: 106; Sleeper match: matched_name. Near-draft proxy only; historical endpoint was finalized after the Bishop auction.,1710
FantasyPros ECR,2025,2025-09-05,draft,half_ppr,297,WR104,Tim Patrick,4351,WR,,,9,NYJ,FantasyPros updated timestamp: 1757083656; average rank: 295.58; best: 208; worst: 456; stddev: 34.22; experts: 126; Sleeper match: matched_name. Near-draft proxy only; historical endpoint was finalized after the Bishop auction.,1711
FantasyPros ECR,2025,2025-09-05,draft,half_ppr,298,RB88,Jordan James,12467,RB,,,14,SF,FantasyPros updated timestamp: 1757083656; average rank: 298.98; best: 176; worst: 528; stddev: 34.09; experts: 127; Sleeper match: matched_name. Near-draft proxy only; historical endpoint was finalized after the Bishop auction.,1712
FantasyPros ECR,2025,2025-09-05,draft,half_ppr,299,WR105,Ray-Ray McCloud III,5096,WR,,,5,CHI,FantasyPros updated timestamp: 1757083656; average rank: 262.37; best: 173; worst: 359; stddev: 44.85; experts: 108; Sleeper match: matched_name. Near-draft proxy only; historical endpoint was finalized after the Bishop auction.,1713
FantasyPros ECR,2025,2025-09-05,draft,half_ppr,300,RB89,Zamir White,8139,RB,,,11,NO,FantasyPros updated timestamp: 1757083656; average rank: 306.88; best: 218; worst: 389; stddev: 26.86; experts: 126; Sleeper match: matched_name. Near-draft proxy only; historical endpoint was finalized after the Bishop auction.,1714
FantasyPros ECR,2025,2025-09-05,draft,half_ppr,301,K18,Jason Sanders,5119,K,,,9,NYJ,FantasyPros updated timestamp: 1757083656; average rank: 244.15; best: 199; worst: 463; stddev: 41.51; experts: 99; Sleeper match: matched_name. Near-draft proxy only; historical endpoint was finalized after the Bishop auction.,1715
FantasyPros ECR,2025,2025-09-05,draft,half_ppr,302,RB90,Samaje Perine,4147,RB,,,10,CIN,FantasyPros updated timestamp: 1757083656; average rank: 286.52; best: 176; worst: 420; stddev: 38.18; experts: 115; Sleeper match: matched_name. Near-draft proxy only; historical endpoint was finalized after the Bishop auction.,1716
FantasyPros ECR,2025,2025-09-05,draft,half_ppr,303,QB35,Spencer Rattler,11562,QB,,,11,NO,FantasyPros updated timestamp: 1757083656; average rank: 296.21; best: 191; worst: 641; stddev: 45.10; experts: 119; Sleeper match: matched_name. Near-draft proxy only; historical endpoint was finalized after the Bishop auction.,1717
FantasyPros ECR,2025,2025-09-05,draft,half_ppr,304,WR106,Luke McCaffrey,11650,WR,,,12,WAS,FantasyPros updated timestamp: 1757083656; average rank: 303.29; best: 221; worst: 477; stddev: 30.99; experts: 121; Sleeper match: matched_name. Near-draft proxy only; historical endpoint was finalized after the Bishop auction.,1718
FantasyPros ECR,2025,2025-09-05,draft,half_ppr,305,RB91,Ty Chandler,8230,RB,,,11,NO,FantasyPros updated timestamp: 1757083656; average rank: 312.78; best: 259; worst: 474; stddev: 25.11; experts: 123; Sleeper match: matched_name. Near-draft proxy only; historical endpoint was finalized after the Bishop auction.,1719
FantasyPros ECR,2025,2025-09-05,draft,half_ppr,306,TE36,Terrance Ferguson,12487,TE,,,8,LAR,FantasyPros updated timestamp: 1757083656; average rank: 283.58; best: 192; worst: 415; stddev: 33.49; experts: 107; Sleeper match: matched_name. Near-draft proxy only; historical endpoint was finalized after the Bishop auction.,1720
FantasyPros ECR,2025,2025-09-05,draft,half_ppr,307,DST21,Cleveland Browns,CLE,DEF,,,9,CLE,FantasyPros updated timestamp: 1757083656; average rank: 258.43; best: 169; worst: 369; stddev: 45.11; experts: 96; Sleeper match: team_abbreviation. Near-draft proxy only; historical endpoint was finalized after the Bishop auction.,1721
FantasyPros ECR,2025,2025-09-05,draft,half_ppr,308,WR107,Jermaine Burton,11640,WR,,,,FA,FantasyPros updated timestamp: 1757083656; average rank: 305.99; best: 258; worst: 475; stddev: 29.86; experts: 115; Sleeper match: matched_name. Near-draft proxy only; historical endpoint was finalized after the Bishop auction.,1722
FantasyPros ECR,2025,2025-09-05,draft,half_ppr,309,RB92,Phil Mafah,12738,RB,,,10,DAL,FantasyPros updated timestamp: 1757083656; average rank: 308.66; best: 231; worst: 413; stddev: 25.00; experts: 111; Sleeper match: matched_name. Near-draft proxy only; historical endpoint was finalized after the Bishop auction.,1723
FantasyPros ECR,2025,2025-09-05,draft,half_ppr,310,TE37,Tyler Higbee,3271,TE,,,8,LAR,FantasyPros updated timestamp: 1757083656; average rank: 273.26; best: 171; worst: 402; stddev: 36.29; experts: 95; Sleeper match: matched_name. Near-draft proxy only; historical endpoint was finalized after the Bishop auction.,1724
FantasyPros ECR,2025,2025-09-05,draft,half_ppr,311,WR108,Tutu Atwell,7562,WR,,,8,LAR,FantasyPros updated timestamp: 1757083656; average rank: 270.33; best: 171; worst: 413; stddev: 41.24; experts: 93; Sleeper match: matched_name. Near-draft proxy only; historical endpoint was finalized after the Bishop auction.,1725
FantasyPros ECR,2025,2025-09-05,draft,half_ppr,312,TE38,Noah Fant,5857,TE,,,11,NO,FantasyPros updated timestamp: 1757083656; average rank: 290.42; best: 202; worst: 424; stddev: 32.83; experts: 98; Sleeper match: matched_name. Near-draft proxy only; historical endpoint was finalized after the Bishop auction.,1726
FantasyPros ECR,2025,2025-09-05,draft,half_ppr,313,RB93,Kimani Vidal,11647,RB,,,12,LAC,FantasyPros updated timestamp: 1757083656; average rank: 306.21; best: 168; worst: 459; stddev: 36.24; experts: 101; Sleeper match: matched_name. Near-draft proxy only; historical endpoint was finalized after the Bishop auction.,1727
FantasyPros ECR,2025,2025-09-05,draft,half_ppr,314,RB94,Raheim Sanders,12472,RB,,,9,CLE,FantasyPros updated timestamp: 1757083656; average rank: 317.07; best: 272; worst: 539; stddev: 29.07; experts: 104; Sleeper match: matched_name. Near-draft proxy only; historical endpoint was finalized after the Bishop auction.,1728
FantasyPros ECR,2025,2025-09-05,draft,half_ppr,315,RB95,Audric Estime,11579,RB,,,11,NO,FantasyPros updated timestamp: 1757083656; average rank: 289.38; best: 159; worst: 518; stddev: 60.56; experts: 91; Sleeper match: matched_name. Near-draft proxy only; historical endpoint was finalized after the Bishop auction.,1729
FantasyPros ECR,2025,2025-09-05,draft,half_ppr,316,WR109,Tez Johnson,12485,WR,,,9,TB,FantasyPros updated timestamp: 1757083656; average rank: 308.18; best: 244; worst: 461; stddev: 31.68; experts: 97; Sleeper match: matched_name. Near-draft proxy only; historical endpoint was finalized after the Bishop auction.,1730
FantasyPros ECR,2025,2025-09-05,draft,half_ppr,317,TE39,Taysom Hill,4381,TE,,,,FA,FantasyPros updated timestamp: 1757083656; average rank: 298.35; best: 201; worst: 408; stddev: 38.24; experts: 92; Sleeper match: matched_name. Near-draft proxy only; historical endpoint was finalized after the Bishop auction.,1731
FantasyPros ECR,2025,2025-09-05,draft,half_ppr,318,WR110,Xavier Restrepo,12520,WR,,,10,TEN,FantasyPros updated timestamp: 1757083656; average rank: 302.61; best: 229; worst: 476; stddev: 37.33; experts: 93; Sleeper match: matched_name. Near-draft proxy only; historical endpoint was finalized after the Bishop auction.,1732
FantasyPros ECR,2025,2025-09-05,draft,half_ppr,319,WR111,Josh Reynolds,4171,WR,,,,FA,FantasyPros updated timestamp: 1757083656; average rank: 277.56; best: 187; worst: 419; stddev: 41.12; experts: 82; Sleeper match: matched_name. Near-draft proxy only; historical endpoint was finalized after the Bishop auction.,1733
FantasyPros ECR,2025,2025-09-05,draft,half_ppr,320,K19,Cam Little,11786,K,,,8,JAC,FantasyPros updated timestamp: 1757083656; average rank: 267.43; best: 186; worst: 375; stddev: 41.87; experts: 78; Sleeper match: matched_name. Near-draft proxy only; historical endpoint was finalized after the Bishop auction.,1734
FantasyPros ECR,2025,2025-09-05,draft,half_ppr,321,RB96,AJ Dillon,6828,RB,,,14,CAR,FantasyPros updated timestamp: 1757083656; average rank: 307.56; best: 229; worst: 485; stddev: 35.52; experts: 90; Sleeper match: matched_name. Near-draft proxy only; historical endpoint was finalized after the Bishop auction.,1735
FantasyPros ECR,2025,2025-09-05,draft,half_ppr,322,K20,Brandon McManus,1433,K,,,,FA,FantasyPros updated timestamp: 1757083656; average rank: 266.87; best: 174; worst: 376; stddev: 45.81; experts: 76; Sleeper match: matched_name. Near-draft proxy only; historical endpoint was finalized after the Bishop auction.,1736
FantasyPros ECR,2025,2025-09-05,draft,half_ppr,323,TE40,Oronde Gadsden II,12493,TE,,,12,LAC,FantasyPros updated timestamp: 1757083656; average rank: 296.42; best: 202; worst: 423; stddev: 31.41; experts: 85; Sleeper match: matched_name. Near-draft proxy only; historical endpoint was finalized after the Bishop auction.,1737
FantasyPros ECR,2025,2025-09-05,draft,half_ppr,324,RB97,Damien Martinez,12462,RB,,,5,GB,FantasyPros updated timestamp: 1757083656; average rank: 315.00; best: 254; worst: 435; stddev: 29.62; experts: 91; Sleeper match: matched_name. Near-draft proxy only; historical endpoint was finalized after the Bishop auction.,1738
FantasyPros ECR,2025,2025-09-05,draft,half_ppr,325,RB98,Sincere McCormick,8220,RB,,,14,SF,FantasyPros updated timestamp: 1757083656; average rank: 310.26; best: 176; worst: 525; stddev: 45.43; experts: 87; Sleeper match: matched_name. Near-draft proxy only; historical endpoint was finalized after the Bishop auction.,1739
FantasyPros ECR,2025,2025-09-05,draft,half_ppr,326,TE41,Tyler Conklin,5133,TE,,,8,DET,FantasyPros updated timestamp: 1757083656; average rank: 294.54; best: 219; worst: 416; stddev: 33.91; experts: 79; Sleeper match: matched_name. Near-draft proxy only; historical endpoint was finalized after the Bishop auction.,1740
FantasyPros ECR,2025,2025-09-05,draft,half_ppr,327,RB99,Khalil Herbert,7608,RB,,,14,SF,FantasyPros updated timestamp: 1757083656; average rank: 304.36; best: 253; worst: 494; stddev: 36.96; experts: 82; Sleeper match: matched_name. Near-draft proxy only; historical endpoint was finalized after the Bishop auction.,1741
FantasyPros ECR,2025,2025-09-05,draft,half_ppr,328,TE42,Will Dissly,5010,TE,,,,FA,FantasyPros updated timestamp: 1757083656; average rank: 310.68; best: 235; worst: 423; stddev: 33.78; experts: 81; Sleeper match: matched_name. Near-draft proxy only; historical endpoint was finalized after the Bishop auction.,1742
FantasyPros ECR,2025,2025-09-05,draft,half_ppr,329,WR112,Jordan Whittington,11623,WR,,,8,LAR,FantasyPros updated timestamp: 1757083656; average rank: 292.84; best: 212; worst: 391; stddev: 35.34; experts: 75; Sleeper match: matched_name. Near-draft proxy only; historical endpoint was finalized after the Bishop auction.,1743
FantasyPros ECR,2025,2025-09-05,draft,half_ppr,330,QB36,Shedeur Sanders,12524,QB,,,9,CLE,FantasyPros updated timestamp: 1757083656; average rank: 327.01; best: 213; worst: 643; stddev: 52.96; experts: 86; Sleeper match: matched_name. Near-draft proxy only; historical endpoint was finalized after the Bishop auction.,1744
FantasyPros ECR,2025,2025-09-05,draft,half_ppr,331,TE43,Ben Sinnott,11596,TE,,,12,WAS,FantasyPros updated timestamp: 1757083656; average rank: 302.35; best: 216; worst: 406; stddev: 32.26; experts: 75; Sleeper match: matched_name. Near-draft proxy only; historical endpoint was finalized after the Bishop auction.,1745
FantasyPros ECR,2025,2025-09-05,draft,half_ppr,332,WR113,KaVontae Turpin,8917,WR,,,10,DAL,FantasyPros updated timestamp: 1757083656; average rank: 275.74; best: 183; worst: 411; stddev: 45.27; experts: 67; Sleeper match: matched_name. Near-draft proxy only; historical endpoint was finalized after the Bishop auction.,1746
FantasyPros ECR,2025,2025-09-05,draft,half_ppr,333,WR114,Jaylin Lane,12641,WR,,,12,WAS,FantasyPros updated timestamp: 1757083656; average rank: 290.41; best: 183; worst: 396; stddev: 49.49; experts: 70; Sleeper match: matched_name. Near-draft proxy only; historical endpoint was finalized after the Bishop auction.,1747
FantasyPros ECR,2025,2025-09-05,draft,half_ppr,334,WR115,Noah Brown,4234,WR,,,,FA,FantasyPros updated timestamp: 1757083656; average rank: 287.15; best: 202; worst: 389; stddev: 37.55; experts: 68; Sleeper match: matched_name. Near-draft proxy only; historical endpoint was finalized after the Bishop auction.,1748
FantasyPros ECR,2025,2025-09-05,draft,half_ppr,335,TE44,AJ Barner,11603,TE,,,8,SEA,FantasyPros updated timestamp: 1757083656; average rank: 299.83; best: 220; worst: 422; stddev: 39.79; experts: 71; Sleeper match: matched_name. Near-draft proxy only; historical endpoint was finalized after the Bishop auction.,1749
FantasyPros ECR,2025,2025-09-05,draft,half_ppr,336,DST22,New York Giants,NYG,DEF,,,14,NYG,FantasyPros updated timestamp: 1757083656; average rank: 255.36; best: 160; worst: 379; stddev: 46.78; experts: 59; Sleeper match: team_abbreviation. Near-draft proxy only; historical endpoint was finalized after the Bishop auction.,1750
FantasyPros ECR,2025,2025-09-05,draft,half_ppr,337,K21,Jason Myers,2747,K,,,8,SEA,FantasyPros updated timestamp: 1757083656; average rank: 283.39; best: 196; worst: 407; stddev: 44.39; experts: 63; Sleeper match: matched_name. Near-draft proxy only; historical endpoint was finalized after the Bishop auction.,1751
FantasyPros ECR,2025,2025-09-05,draft,half_ppr,338,WR116,Olamide Zaccheaus,6271,WR,,,5,ATL,FantasyPros updated timestamp: 1757083656; average rank: 288.21; best: 179; worst: 410; stddev: 52.36; experts: 64; Sleeper match: matched_name. Near-draft proxy only; historical endpoint was finalized after the Bishop auction.,1752
FantasyPros ECR,2025,2025-09-05,draft,half_ppr,339,WR117,KeAndre Lambert-Smith,12670,WR,,,12,LAC,FantasyPros updated timestamp: 1757083656; average rank: 295.24; best: 200; worst: 401; stddev: 47.64; experts: 63; Sleeper match: matched_name. Near-draft proxy only; historical endpoint was finalized after the Bishop auction.,1753
FantasyPros ECR,2025,2025-09-05,draft,half_ppr,340,TE45,Michael Mayer,9482,TE,,,8,LV,FantasyPros updated timestamp: 1757083656; average rank: 317.27; best: 244; worst: 421; stddev: 29.19; experts: 68; Sleeper match: matched_name. Near-draft proxy only; historical endpoint was finalized after the Bishop auction.,1754
FantasyPros ECR,2025,2025-09-05,draft,half_ppr,341,WR118,Diontae Johnson,5937,WR,,,,FA,FantasyPros updated timestamp: 1757083656; average rank: 281.73; best: 165; worst: 619; stddev: 74.09; experts: 57; Sleeper match: matched_name. Near-draft proxy only; historical endpoint was finalized after the Bishop auction.,1755
FantasyPros ECR,2025,2025-09-05,draft,half_ppr,342,TE46,Dawson Knox,5906,TE,,,7,BUF,FantasyPros updated timestamp: 1757083656; average rank: 320.08; best: 257; worst: 356; stddev: 24.61; experts: 67; Sleeper match: matched_name. Near-draft proxy only; historical endpoint was finalized after the Bishop auction.,1756
FantasyPros ECR,2025,2025-09-05,draft,half_ppr,343,WR119,Isaiah Bond,12503,WR,,,9,CLE,FantasyPros updated timestamp: 1757083656; average rank: 303.08; best: 193; worst: 395; stddev: 54.23; experts: 62; Sleeper match: matched_name. Near-draft proxy only; historical endpoint was finalized after the Bishop auction.,1757
FantasyPros ECR,2025,2025-09-05,draft,half_ppr,344,WR120,Gabe Davis,6943,WR,,,,FA,FantasyPros updated timestamp: 1757083656; average rank: 314.95; best: 238; worst: 480; stddev: 47.91; experts: 64; Sleeper match: matched_name. Near-draft proxy only; historical endpoint was finalized after the Bishop auction.,1758
FantasyPros ECR,2025,2025-09-05,draft,half_ppr,345,DST23,Miami Dolphins,MIA,DEF,,,12,MIA,FantasyPros updated timestamp: 1757083656; average rank: 291.81; best: 171; worst: 403; stddev: 50.06; experts: 54; Sleeper match: team_abbreviation. Near-draft proxy only; historical endpoint was finalized after the Bishop auction.,1759
FantasyPros ECR,2025,2025-09-05,draft,half_ppr,346,QB37,Jalen Milroe,12510,QB,,,8,SEA,FantasyPros updated timestamp: 1757083656; average rank: 331.47; best: 224; worst: 649; stddev: 57.86; experts: 63; Sleeper match: matched_name. Near-draft proxy only; historical endpoint was finalized after the Bishop auction.,1760
FantasyPros ECR,2025,2025-09-05,draft,half_ppr,347,WR121,Demarcus Robinson,3286,WR,,,14,SF,FantasyPros updated timestamp: 1757083656; average rank: 322.93; best: 261; worst: 412; stddev: 34.55; experts: 61; Sleeper match: matched_name. Near-draft proxy only; historical endpoint was finalized after the Bishop auction.,1761
FantasyPros ECR,2025,2025-09-05,draft,half_ppr,348,DST24,Washington Commanders,WAS,DEF,,,12,WAS,FantasyPros updated timestamp: 1757083656; average rank: 278.38; best: 178; worst: 408; stddev: 57.01; experts: 48; Sleeper match: team_abbreviation. Near-draft proxy only; historical endpoint was finalized after the Bishop auction.,1762
FantasyPros ECR,2025,2025-09-05,draft,half_ppr,349,TE47,Luke Musgrave,9481,TE,,,5,GB,FantasyPros updated timestamp: 1757083656; average rank: 331.00; best: 251; worst: 396; stddev: 28.71; experts: 60; Sleeper match: matched_name. Near-draft proxy only; historical endpoint was finalized after the Bishop auction.,1763
FantasyPros ECR,2025,2025-09-05,draft,half_ppr,350,K22,Jake Moody,10937,K,,,,FA,FantasyPros updated timestamp: 1757083656; average rank: 271.47; best: 192; worst: 380; stddev: 42.14; experts: 46; Sleeper match: matched_name. Near-draft proxy only; historical endpoint was finalized after the Bishop auction.,1764
FantasyPros ECR,2025,2025-09-05,draft,half_ppr,351,RB100,Kalel Mullings,12516,RB,,,10,TEN,FantasyPros updated timestamp: 1757083656; average rank: 313.11; best: 236; worst: 391; stddev: 32.59; experts: 54; Sleeper match: matched_name. Near-draft proxy only; historical endpoint was finalized after the Bishop auction.,1765
FantasyPros ECR,2025,2025-09-05,draft,half_ppr,352,TE48,Gunnar Helm,12502,TE,,,10,TEN,FantasyPros updated timestamp: 1757083656; average rank: 328.88; best: 222; worst: 390; stddev: 32.55; experts: 57; Sleeper match: matched_name. Near-draft proxy only; historical endpoint was finalized after the Bishop auction.,1766
FantasyPros ECR,2025,2025-09-05,draft,half_ppr,353,WR122,John Metchie III,8147,WR,,,14,CAR,FantasyPros updated timestamp: 1757083656; average rank: 329.07; best: 269; worst: 460; stddev: 41.39; experts: 57; Sleeper match: matched_name. Near-draft proxy only; historical endpoint was finalized after the Bishop auction.,1767
FantasyPros ECR,2025,2025-09-05,draft,half_ppr,354,TE49,Austin Hooper,3202,TE,,,5,ATL,FantasyPros updated timestamp: 1757083656; average rank: 330.26; best: 274; worst: 393; stddev: 24.87; experts: 55; Sleeper match: matched_name. Near-draft proxy only; historical endpoint was finalized after the Bishop auction.,1768
FantasyPros ECR,2025,2025-09-05,draft,half_ppr,355,WR123,Curtis Samuel,4082,WR,,,,FA,FantasyPros updated timestamp: 1757083656; average rank: 328.25; best: 230; worst: 395; stddev: 33.04; experts: 52; Sleeper match: matched_name. Near-draft proxy only; historical endpoint was finalized after the Bishop auction.,1769
FantasyPros ECR,2025,2025-09-05,draft,half_ppr,356,WR124,Hunter Renfrow,5955,WR,,,,FA,FantasyPros updated timestamp: 1757083656; average rank: 316.92; best: 172; worst: 606; stddev: 64.69; experts: 49; Sleeper match: matched_name. Near-draft proxy only; historical endpoint was finalized after the Bishop auction.,1770
FantasyPros ECR,2025,2025-09-05,draft,half_ppr,357,WR125,Mack Hollins,4177,WR,,,14,NE,FantasyPros updated timestamp: 1757083656; average rank: 330.45; best: 241; worst: 426; stddev: 43.10; experts: 52; Sleeper match: matched_name. Near-draft proxy only; historical endpoint was finalized after the Bishop auction.,1771
FantasyPros ECR,2025,2025-09-05,draft,half_ppr,358,RB101,Jeremy McNichols,4219,RB,,,12,WAS,FantasyPros updated timestamp: 1757083656; average rank: 314.73; best: 230; worst: 413; stddev: 44.24; experts: 46; Sleeper match: matched_name. Near-draft proxy only; historical endpoint was finalized after the Bishop auction.,1772
FantasyPros ECR,2025,2025-09-05,draft,half_ppr,359,RB102,Emari Demercado,11199,RB,,,10,KC,FantasyPros updated timestamp: 1757083656; average rank: 320.37; best: 235; worst: 417; stddev: 34.07; experts: 47; Sleeper match: matched_name. Near-draft proxy only; historical endpoint was finalized after the Bishop auction.,1773
FantasyPros ECR,2025,2025-09-05,draft,half_ppr,360,WR126,Chimere Dike,12540,WR,,,10,TEN,FantasyPros updated timestamp: 1757083656; average rank: 338.76; best: 277; worst: 462; stddev: 31.92; experts: 50; Sleeper match: matched_name. Near-draft proxy only; historical endpoint was finalized after the Bishop auction.,1774
FantasyPros ECR,2025,2025-09-05,draft,half_ppr,361,RB103,Zack Moss,6845,RB,,,,FA,FantasyPros updated timestamp: 1757083656; average rank: 311.49; best: 247; worst: 404; stddev: 34.30; experts: 44; Sleeper match: matched_name. Near-draft proxy only; historical endpoint was finalized after the Bishop auction.,1775
FantasyPros ECR,2025,2025-09-05,draft,half_ppr,362,WR127,Jahan Dotson,8119,WR,,,5,ATL,FantasyPros updated timestamp: 1757083656; average rank: 331.36; best: 196; worst: 414; stddev: 40.44; experts: 48; Sleeper match: matched_name. Near-draft proxy only; historical endpoint was finalized after the Bishop auction.,1776
FantasyPros ECR,2025,2025-09-05,draft,half_ppr,363,QB38,Dillon Gabriel,12486,QB,,,9,CLE,FantasyPros updated timestamp: 1757083656; average rank: 343.41; best: 276; worst: 644; stddev: 54.81; experts: 50; Sleeper match: matched_name. Near-draft proxy only; historical endpoint was finalized after the Bishop auction.,1777
FantasyPros ECR,2025,2025-09-05,draft,half_ppr,364,QB39,Kirk Cousins,1166,QB,,,8,LV,FantasyPros updated timestamp: 1757083656; average rank: 354.16; best: 281; worst: 666; stddev: 59.39; experts: 52; Sleeper match: matched_name. Near-draft proxy only; historical endpoint was finalized after the Bishop auction.,1778
FantasyPros ECR,2025,2025-09-05,draft,half_ppr,365,WR128,Tai Felton,12496,WR,,,6,MIN,FantasyPros updated timestamp: 1757083656; average rank: 336.47; best: 278; worst: 540; stddev: 46.07; experts: 48; Sleeper match: matched_name. Near-draft proxy only; historical endpoint was finalized after the Bishop auction.,1779
FantasyPros ECR,2025,2025-09-05,draft,half_ppr,366,RB104,LeQuint Allen Jr.,12544,RB,,,8,JAC,FantasyPros updated timestamp: 1757083656; average rank: 328.38; best: 268; worst: 454; stddev: 34.85; experts: 46; Sleeper match: matched_name. Near-draft proxy only; historical endpoint was finalized after the Bishop auction.,1780
FantasyPros ECR,2025,2025-09-05,draft,half_ppr,367,WR129,Allen Lazard,5185,WR,,,,FA,FantasyPros updated timestamp: 1757083656; average rank: 325.79; best: 198; worst: 410; stddev: 51.30; experts: 44; Sleeper match: matched_name. Near-draft proxy only; historical endpoint was finalized after the Bishop auction.,1781
FantasyPros ECR,2025,2025-09-05,draft,half_ppr,368,WR130,Zay Jones,4080,WR,,,6,HOU,FantasyPros updated timestamp: 1757083656; average rank: 323.10; best: 260; worst: 405; stddev: 40.46; experts: 43; Sleeper match: matched_name. Near-draft proxy only; historical endpoint was finalized after the Bishop auction.,1782
FantasyPros ECR,2025,2025-09-05,draft,half_ppr,369,TE50,Tommy Tremble,7694,TE,,,14,CAR,FantasyPros updated timestamp: 1757083656; average rank: 342.83; best: 293; worst: 383; stddev: 20.16; experts: 47; Sleeper match: matched_name. Near-draft proxy only; historical endpoint was finalized after the Bishop auction.,1783
FantasyPros ECR,2025,2025-09-05,draft,half_ppr,370,TE51,Cade Stover,11599,TE,,,6,HOU,FantasyPros updated timestamp: 1757083656; average rank: 343.07; best: 280; worst: 391; stddev: 23.92; experts: 47; Sleeper match: matched_name. Near-draft proxy only; historical endpoint was finalized after the Bishop auction.,1784
FantasyPros ECR,2025,2025-09-05,draft,half_ppr,371,WR131,Savion Williams,12482,WR,,,5,GB,FantasyPros updated timestamp: 1757083656; average rank: 329.58; best: 209; worst: 424; stddev: 39.73; experts: 44; Sleeper match: matched_name. Near-draft proxy only; historical endpoint was finalized after the Bishop auction.,1785
FantasyPros ECR,2025,2025-09-05,draft,half_ppr,372,WR132,Greg Dortch,5970,WR,,,8,DET,FantasyPros updated timestamp: 1757083656; average rank: 337.88; best: 278; worst: 392; stddev: 35.16; experts: 43; Sleeper match: matched_name. Near-draft proxy only; historical endpoint was finalized after the Bishop auction.,1786
FantasyPros ECR,2025,2025-09-05,draft,half_ppr,373,WR133,JuJu Smith-Schuster,4040,WR,,,,FA,FantasyPros updated timestamp: 1757083656; average rank: 349.00; best: 285; worst: 522; stddev: 40.72; experts: 43; Sleeper match: matched_name. Near-draft proxy only; historical endpoint was finalized after the Bishop auction.,1787
FantasyPros ECR,2025,2025-09-05,draft,half_ppr,374,WR134,Van Jefferson,6853,WR,,,12,WAS,FantasyPros updated timestamp: 1757083656; average rank: 324.56; best: 197; worst: 396; stddev: 48.32; experts: 37; Sleeper match: matched_name. Near-draft proxy only; historical endpoint was finalized after the Bishop auction.,1788
FantasyPros ECR,2025,2025-09-05,draft,half_ppr,375,QB40,Jimmy Garoppolo,1837,QB,,,8,LAR,FantasyPros updated timestamp: 1757083656; average rank: 347.13; best: 274; worst: 650; stddev: 57.09; experts: 40; Sleeper match: matched_name. Near-draft proxy only; historical endpoint was finalized after the Bishop auction.,1789
FantasyPros ECR,2025,2025-09-05,draft,half_ppr,376,WR135,Marquez Valdes-Scantling,5086,WR,,,10,DAL,FantasyPros updated timestamp: 1757083656; average rank: 341.26; best: 223; worst: 610; stddev: 63.06; experts: 39; Sleeper match: matched_name. Near-draft proxy only; historical endpoint was finalized after the Bishop auction.,1790
FantasyPros ECR,2025,2025-09-05,draft,half_ppr,377,K23,Cairo Santos,2020,K,,,5,CHI,FantasyPros updated timestamp: 1757083656; average rank: 289.93; best: 204; worst: 419; stddev: 57.45; experts: 31; Sleeper match: matched_name. Near-draft proxy only; historical endpoint was finalized after the Bishop auction.,1791
FantasyPros ECR,2025,2025-09-05,draft,half_ppr,378,DST25,Indianapolis Colts,IND,DEF,,,11,IND,FantasyPros updated timestamp: 1757083656; average rank: 281.45; best: 190; worst: 409; stddev: 71.07; experts: 30; Sleeper match: team_abbreviation. Near-draft proxy only; historical endpoint was finalized after the Bishop auction.,1792
FantasyPros ECR,2025,2025-09-05,draft,half_ppr,379,WR136,Jamari Thrash,11633,WR,,,9,CLE,FantasyPros updated timestamp: 1757083656; average rank: 321.76; best: 238; worst: 459; stddev: 43.41; experts: 35; Sleeper match: matched_name. Near-draft proxy only; historical endpoint was finalized after the Bishop auction.,1793
FantasyPros ECR,2025,2025-09-05,draft,half_ppr,380,QB41,Jameis Winston,2306,QB,,,14,NYG,FantasyPros updated timestamp: 1757083656; average rank: 360.45; best: 300; worst: 652; stddev: 60.29; experts: 41; Sleeper match: matched_name. Near-draft proxy only; historical endpoint was finalized after the Bishop auction.,1794
FantasyPros ECR,2025,2025-09-05,draft,half_ppr,381,RB105,Julius Chestnut,8254,RB,,,10,TEN,FantasyPros updated timestamp: 1757083656; average rank: 343.11; best: 270; worst: 457; stddev: 44.54; experts: 38; Sleeper match: matched_name. Near-draft proxy only; historical endpoint was finalized after the Bishop auction.,1795
FantasyPros ECR,2025,2025-09-05,draft,half_ppr,382,K24,Chad Ryland,10955,K,,,8,ARI,FantasyPros updated timestamp: 1757083656; average rank: 282.50; best: 196; worst: 412; stddev: 60.02; experts: 29; Sleeper match: matched_name. Near-draft proxy only; historical endpoint was finalized after the Bishop auction.,1796
FantasyPros ECR,2025,2025-09-05,draft,half_ppr,383,TE52,Luke Schoonmaker,10871,TE,,,10,DAL,FantasyPros updated timestamp: 1757083656; average rank: 356.44; best: 315; worst: 394; stddev: 19.92; experts: 40; Sleeper match: matched_name. Near-draft proxy only; historical endpoint was finalized after the Bishop auction.,1797
FantasyPros ECR,2025,2025-09-05,draft,half_ppr,384,TE53,Foster Moreau,5985,TE,,,6,HOU,FantasyPros updated timestamp: 1757083656; average rank: 348.74; best: 262; worst: 397; stddev: 30.24; experts: 35; Sleeper match: matched_name. Near-draft proxy only; historical endpoint was finalized after the Bishop auction.,1798
FantasyPros ECR,2025,2025-09-05,draft,half_ppr,385,DST26,Atlanta Falcons,ATL,DEF,,,5,ATL,FantasyPros updated timestamp: 1757083656; average rank: 311.32; best: 219; worst: 415; stddev: 53.01; experts: 29; Sleeper match: team_abbreviation. Near-draft proxy only; historical endpoint was finalized after the Bishop auction.,1799
FantasyPros ECR,2025,2025-09-05,draft,half_ppr,386,RB106,Gus Edwards,5248,RB,,,,FA,FantasyPros updated timestamp: 1757083656; average rank: 332.33; best: 277; worst: 425; stddev: 37.04; experts: 31; Sleeper match: matched_name. Near-draft proxy only; historical endpoint was finalized after the Bishop auction.,1800
FantasyPros ECR,2025,2025-09-05,draft,half_ppr,387,TE54,Josh Oliver,5973,TE,,,6,MIN,FantasyPros updated timestamp: 1757083656; average rank: 353.61; best: 287; worst: 401; stddev: 24.77; experts: 34; Sleeper match: matched_name. Near-draft proxy only; historical endpoint was finalized after the Bishop auction.,1801
FantasyPros ECR,2025,2025-09-05,draft,half_ppr,388,K25,Justin Tucker,1264,K,,,,FA,FantasyPros updated timestamp: 1757083656; average rank: 253.05; best: 186; worst: 416; stddev: 76.27; experts: 22; Sleeper match: matched_name. Near-draft proxy only; historical endpoint was finalized after the Bishop auction.,1802
FantasyPros ECR,2025,2025-09-05,draft,half_ppr,389,RB107,Craig Reynolds,6659,RB,,,,FA,FantasyPros updated timestamp: 1757083656; average rank: 351.23; best: 288; worst: 412; stddev: 35.23; experts: 32; Sleeper match: matched_name. Near-draft proxy only; historical endpoint was finalized after the Bishop auction.,1803
FantasyPros ECR,2025,2025-09-05,draft,half_ppr,390,RB108,Dare Ogunbowale,4718,RB,,,,FA,FantasyPros updated timestamp: 1757083656; average rank: 346.97; best: 291; worst: 575; stddev: 55.66; experts: 31; Sleeper match: matched_name. Near-draft proxy only; historical endpoint was finalized after the Bishop auction.,1804
FantasyPros ECR,2025,2025-09-05,draft,half_ppr,391,RB109,Kyle Juszczyk,1379,RB,,,14,SF,FantasyPros updated timestamp: 1757083656; average rank: 332.75; best: 270; worst: 398; stddev: 38.49; experts: 29; Sleeper match: matched_name. Near-draft proxy only; historical endpoint was finalized after the Bishop auction.,1805
FantasyPros ECR,2025,2025-09-05,draft,half_ppr,392,DST27,Cincinnati Bengals,CIN,DEF,,,10,CIN,FantasyPros updated timestamp: 1757083656; average rank: 301.96; best: 187; worst: 414; stddev: 63.80; experts: 25; Sleeper match: team_abbreviation. Near-draft proxy only; historical endpoint was finalized after the Bishop auction.,1806
FantasyPros ECR,2025,2025-09-05,draft,half_ppr,393,WR137,Arian Smith,12539,WR,,,9,NYJ,FantasyPros updated timestamp: 1757083656; average rank: 350.79; best: 270; worst: 416; stddev: 40.85; experts: 30; Sleeper match: matched_name. Near-draft proxy only; historical endpoint was finalized after the Bishop auction.,1807
FantasyPros ECR,2025,2025-09-05,draft,half_ppr,394,TE55,Grant Calcaterra,8177,TE,,,9,PHI,FantasyPros updated timestamp: 1757083656; average rank: 361.93; best: 317; worst: 405; stddev: 20.31; experts: 31; Sleeper match: matched_name. Near-draft proxy only; historical endpoint was finalized after the Bishop auction.,1808
FantasyPros ECR,2025,2025-09-05,draft,half_ppr,395,TE56,Jeremy Ruckert,8145,TE,,,9,NYJ,FantasyPros updated timestamp: 1757083656; average rank: 365.90; best: 320; worst: 420; stddev: 22.24; experts: 31; Sleeper match: matched_name. Near-draft proxy only; historical endpoint was finalized after the Bishop auction.,1809
FantasyPros ECR,2025,2025-09-05,draft,half_ppr,396,WR138,Jalin Hyatt,9497,WR,,,14,NYG,FantasyPros updated timestamp: 1757083656; average rank: 355.46; best: 265; worst: 452; stddev: 42.70; experts: 29; Sleeper match: matched_name. Near-draft proxy only; historical endpoint was finalized after the Bishop auction.,1810
FantasyPros ECR,2025,2025-09-05,draft,half_ppr,397,WR139,Tyquan Thornton,8188,WR,,,10,KC,FantasyPros updated timestamp: 1757083656; average rank: 345.38; best: 268; worst: 427; stddev: 39.67; experts: 27; Sleeper match: matched_name. Near-draft proxy only; historical endpoint was finalized after the Bishop auction.,1811
FantasyPros ECR,2025,2025-09-05,draft,half_ppr,398,RB110,Tyler Goodson,8207,RB,,,5,ATL,FantasyPros updated timestamp: 1757083656; average rank: 346.15; best: 277; worst: 445; stddev: 35.84; experts: 27; Sleeper match: matched_name. Near-draft proxy only; historical endpoint was finalized after the Bishop auction.,1812
FantasyPros ECR,2025,2025-09-05,draft,half_ppr,399,TE57,Stone Smartt,8583,TE,,,9,PHI,FantasyPros updated timestamp: 1757083656; average rank: 363.71; best: 306; worst: 418; stddev: 26.71; experts: 29; Sleeper match: matched_name. Near-draft proxy only; historical endpoint was finalized after the Bishop auction.,1813
FantasyPros ECR,2025,2025-09-05,draft,half_ppr,400,WR140,Kalif Raymond,3634,WR,,,5,CHI,FantasyPros updated timestamp: 1757083656; average rank: 358.41; best: 297; worst: 429; stddev: 36.90; experts: 28; Sleeper match: matched_name. Near-draft proxy only; historical endpoint was finalized after the Bishop auction.,1814
FantasyPros ECR,2025,2025-09-05,draft,half_ppr,401,TE58,Mitchell Evans,12473,TE,,,14,CAR,FantasyPros updated timestamp: 1757083656; average rank: 363.44; best: 304; worst: 420; stddev: 25.35; experts: 28; Sleeper match: matched_name. Near-draft proxy only; historical endpoint was finalized after the Bishop auction.,1815
FantasyPros ECR,2025,2025-09-05,draft,half_ppr,402,TE59,Darnell Washington,9479,TE,,,5,PIT,FantasyPros updated timestamp: 1757083656; average rank: 363.89; best: 307; worst: 442; stddev: 26.94; experts: 28; Sleeper match: matched_name. Near-draft proxy only; historical endpoint was finalized after the Bishop auction.,1816
FantasyPros ECR,2025,2025-09-05,draft,half_ppr,403,TE60,Elijah Higgins,10231,TE,,,8,ARI,FantasyPros updated timestamp: 1757083656; average rank: 365.07; best: 305; worst: 409; stddev: 26.90; experts: 28; Sleeper match: matched_name. Near-draft proxy only; historical endpoint was finalized after the Bishop auction.,1817
FantasyPros ECR,2025,2025-09-05,draft,half_ppr,404,WR141,Efton Chism III,12542,WR,,,14,NE,FantasyPros updated timestamp: 1757083656; average rank: 326.05; best: 243; worst: 416; stddev: 45.57; experts: 23; Sleeper match: matched_name. Near-draft proxy only; historical endpoint was finalized after the Bishop auction.,1818
FantasyPros ECR,2025,2025-09-05,draft,half_ppr,405,RB111,Hassan Haskins,8123,RB,,,,FA,FantasyPros updated timestamp: 1757083656; average rank: 366.58; best: 314; worst: 496; stddev: 43.66; experts: 27; Sleeper match: matched_name. Near-draft proxy only; historical endpoint was finalized after the Bishop auction.,1819
FantasyPros ECR,2025,2025-09-05,draft,half_ppr,406,RB112,Donovan Edwards,12515,RB,,,,FA,FantasyPros updated timestamp: 1757083656; average rank: 341.55; best: 256; worst: 545; stddev: 63.78; experts: 23; Sleeper match: matched_name. Near-draft proxy only; historical endpoint was finalized after the Bishop auction.,1820
FantasyPros ECR,2025,2025-09-05,draft,half_ppr,407,RB113,George Holani,12048,RB,,,8,SEA,FantasyPros updated timestamp: 1757083656; average rank: 342.36; best: 256; worst: 514; stddev: 50.53; experts: 23; Sleeper match: matched_name. Near-draft proxy only; historical endpoint was finalized after the Bishop auction.,1821
FantasyPros ECR,2025,2025-09-05,draft,half_ppr,408,QB42,Tyrod Taylor,827,QB,,,5,GB,FantasyPros updated timestamp: 1757083656; average rank: 367.13; best: 315; worst: 673; stddev: 67.95; experts: 25; Sleeper match: matched_name. Near-draft proxy only; historical endpoint was finalized after the Bishop auction.,1822
FantasyPros ECR,2025,2025-09-05,draft,half_ppr,409,RB114,Cam Akers,6938,RB,,,,FA,FantasyPros updated timestamp: 1757083656; average rank: 338.25; best: 251; worst: 406; stddev: 41.09; experts: 21; Sleeper match: matched_name. Near-draft proxy only; historical endpoint was finalized after the Bishop auction.,1823
FantasyPros ECR,2025,2025-09-05,draft,half_ppr,410,K26,Blake Grupe,11058,K,,,11,IND,FantasyPros updated timestamp: 1757083656; average rank: 316.50; best: 211; worst: 428; stddev: 56.63; experts: 19; Sleeper match: matched_name. Near-draft proxy only; historical endpoint was finalized after the Bishop auction.,1824
FantasyPros ECR,2025,2025-09-05,draft,half_ppr,411,RB115,Tyler Badie,8208,RB,,,12,DEN,FantasyPros updated timestamp: 1757083656; average rank: 348.52; best: 278; worst: 461; stddev: 40.31; experts: 22; Sleeper match: matched_name. Near-draft proxy only; historical endpoint was finalized after the Bishop auction.,1825
FantasyPros ECR,2025,2025-09-05,draft,half_ppr,412,DST28,Jacksonville Jaguars,JAC,DEF,,,8,JAC,FantasyPros updated timestamp: 1757083656; average rank: 308.94; best: 199; worst: 412; stddev: 64.96; experts: 18; Sleeper match: team_abbreviation. Near-draft proxy only; historical endpoint was finalized after the Bishop auction.,1826
FantasyPros ECR,2025,2025-09-05,draft,half_ppr,413,WR142,Xavier Hutchinson,10218,WR,,,6,HOU,FantasyPros updated timestamp: 1757083656; average rank: 344.20; best: 220; worst: 485; stddev: 57.68; experts: 21; Sleeper match: matched_name. Near-draft proxy only; historical endpoint was finalized after the Bishop auction.,1827
FantasyPros ECR,2025,2025-09-05,draft,half_ppr,414,WR143,Sterling Shepard,3200,WR,,,6,HOU,FantasyPros updated timestamp: 1757083656; average rank: 366.48; best: 285; worst: 628; stddev: 73.78; experts: 22; Sleeper match: matched_name. Near-draft proxy only; historical endpoint was finalized after the Bishop auction.,1828
FantasyPros ECR,2025,2025-09-05,draft,half_ppr,415,RB116,Trey Sermon,7593,RB,,,5,ATL,FantasyPros updated timestamp: 1757083656; average rank: 344.11; best: 287; worst: 410; stddev: 34.39; experts: 20; Sleeper match: matched_name. Near-draft proxy only; historical endpoint was finalized after the Bishop auction.,1829
FantasyPros ECR,2025,2025-09-05,draft,half_ppr,416,DST29,New Orleans Saints,NO,DEF,,,11,NO,FantasyPros updated timestamp: 1757083656; average rank: 334.17; best: 205; worst: 425; stddev: 66.14; experts: 19; Sleeper match: team_abbreviation. Near-draft proxy only; historical endpoint was finalized after the Bishop auction.,1830
FantasyPros ECR,2025,2025-09-05,draft,half_ppr,417,WR144,Jacob Cowing,11616,WR,,,14,SF,FantasyPros updated timestamp: 1757083656; average rank: 368.00; best: 308; worst: 587; stddev: 55.71; experts: 22; Sleeper match: matched_name. Near-draft proxy only; historical endpoint was finalized after the Bishop auction.,1831
FantasyPros ECR,2025,2025-09-05,draft,half_ppr,418,WR145,Tank Dell,9502,WR,,,6,HOU,FantasyPros updated timestamp: 1757083656; average rank: 356.42; best: 261; worst: 532; stddev: 64.19; experts: 20; Sleeper match: matched_name. Near-draft proxy only; historical endpoint was finalized after the Bishop auction.,1832
FantasyPros ECR,2025,2025-09-05,draft,half_ppr,419,DST30,Las Vegas Raiders,LV,DEF,,,8,LV,FantasyPros updated timestamp: 1757083656; average rank: 329.75; best: 239; worst: 428; stddev: 53.51; experts: 17; Sleeper match: team_abbreviation. Near-draft proxy only; historical endpoint was finalized after the Bishop auction.,1833
FantasyPros ECR,2025,2025-09-05,draft,half_ppr,420,DST31,Tennessee Titans,TEN,DEF,,,10,TEN,FantasyPros updated timestamp: 1757083656; average rank: 331.93; best: 243; worst: 430; stddev: 58.24; experts: 16; Sleeper match: team_abbreviation. Near-draft proxy only; historical endpoint was finalized after the Bishop auction.,1834
FantasyPros ECR,2025,2025-09-05,draft,half_ppr,421,WR146,Jordan Watkins,12634,WR,,,14,SF,FantasyPros updated timestamp: 1757083656; average rank: 376.58; best: 316; worst: 478; stddev: 47.81; experts: 20; Sleeper match: matched_name. Near-draft proxy only; historical endpoint was finalized after the Bishop auction.,1835
FantasyPros ECR,2025,2025-09-05,draft,half_ppr,422,QB43,Joe Milton III,11557,QB,,,10,DAL,FantasyPros updated timestamp: 1757083656; average rank: 383.00; best: 315; worst: 647; stddev: 71.84; experts: 20; Sleeper match: matched_name. Near-draft proxy only; historical endpoint was finalized after the Bishop auction.,1836
FantasyPros ECR,2025,2025-09-05,draft,half_ppr,423,K27,Andy Borregales,12713,K,,,14,NE,FantasyPros updated timestamp: 1757083656; average rank: 315.62; best: 227; worst: 416; stddev: 55.80; experts: 14; Sleeper match: matched_name. Near-draft proxy only; historical endpoint was finalized after the Bishop auction.,1837
FantasyPros ECR,2025,2025-09-05,draft,half_ppr,424,QB44,Kenny Pickett,8160,QB,,,14,CAR,FantasyPros updated timestamp: 1757083656; average rank: 352.60; best: 313; worst: 419; stddev: 32.63; experts: 16; Sleeper match: matched_name. Near-draft proxy only; historical endpoint was finalized after the Bishop auction.,1838
FantasyPros ECR,2025,2025-09-05,draft,half_ppr,425,RB117,Alec Ingold,6109,RB,,,12,LAC,FantasyPros updated timestamp: 1757083656; average rank: 374.35; best: 313; worst: 422; stddev: 34.50; experts: 18; Sleeper match: matched_name. Near-draft proxy only; historical endpoint was finalized after the Bishop auction.,1839
FantasyPros ECR,2025,2025-09-05,draft,half_ppr,426,WR147,Devontez Walker,11629,WR,,,7,BAL,FantasyPros updated timestamp: 1757083656; average rank: 374.82; best: 301; worst: 493; stddev: 46.18; experts: 18; Sleeper match: matched_name. Near-draft proxy only; historical endpoint was finalized after the Bishop auction.,1840
FantasyPros ECR,2025,2025-09-05,draft,half_ppr,427,K28,Eddy Pineiro,5189,K,,,14,SF,FantasyPros updated timestamp: 1757083656; average rank: 294.45; best: 237; worst: 427; stddev: 64.54; experts: 12; Sleeper match: matched_name. Near-draft proxy only; historical endpoint was finalized after the Bishop auction.,1841
FantasyPros ECR,2025,2025-09-05,draft,half_ppr,428,TE61,Julian Hill,11371,TE,,,14,NE,FantasyPros updated timestamp: 1757083656; average rank: 380.35; best: 324; worst: 472; stddev: 39.15; experts: 18; Sleeper match: matched_name. Near-draft proxy only; historical endpoint was finalized after the Bishop auction.,1842
FantasyPros ECR,2025,2025-09-05,draft,half_ppr,429,TE62,Colby Parkinson,6865,TE,,,8,LAR,FantasyPros updated timestamp: 1757083656; average rank: 371.50; best: 319; worst: 446; stddev: 41.81; experts: 17; Sleeper match: matched_name. Near-draft proxy only; historical endpoint was finalized after the Bishop auction.,1843
FantasyPros ECR,2025,2025-09-05,draft,half_ppr,430,WR148,KhaDarel Hodge,5773,WR,,,14,SF,FantasyPros updated timestamp: 1757083656; average rank: 381.65; best: 330; worst: 484; stddev: 39.79; experts: 18; Sleeper match: matched_name. Near-draft proxy only; historical endpoint was finalized after the Bishop auction.,1844
FantasyPros ECR,2025,2025-09-05,draft,half_ppr,431,QB45,Mason Rudolph,4972,QB,,,5,PIT,FantasyPros updated timestamp: 1757083656; average rank: 384.69; best: 320; worst: 674; stddev: 79.31; experts: 17; Sleeper match: matched_name. Near-draft proxy only; historical endpoint was finalized after the Bishop auction.,1845
FantasyPros ECR,2025,2025-09-05,draft,half_ppr,432,WR149,Jimmy Horn Jr.,12523,WR,,,14,CAR,FantasyPros updated timestamp: 1757083656; average rank: 372.60; best: 307; worst: 482; stddev: 52.10; experts: 16; Sleeper match: matched_name. Near-draft proxy only; historical endpoint was finalized after the Bishop auction.,1846
FantasyPros ECR,2025,2025-09-05,draft,half_ppr,433,K29,Spencer Shrader,12185,K,,,11,IND,FantasyPros updated timestamp: 1757083656; average rank: 295.90; best: 227; worst: 417; stddev: 53.43; experts: 11; Sleeper match: matched_name. Near-draft proxy only; historical endpoint was finalized after the Bishop auction.,1847
FantasyPros ECR,2025,2025-09-05,draft,half_ppr,434,DST32,Carolina Panthers,CAR,DEF,,,14,CAR,FantasyPros updated timestamp: 1757083656; average rank: 343.08; best: 211; worst: 436; stddev: 63.28; experts: 13; Sleeper match: team_abbreviation. Near-draft proxy only; historical endpoint was finalized after the Bishop auction.,1848
FantasyPros ECR,2025,2025-09-05,draft,half_ppr,435,RB118,Rasheen Ali,11570,RB,,,7,BAL,FantasyPros updated timestamp: 1757083656; average rank: 402.69; best: 353; worst: 501; stddev: 48.26; experts: 17; Sleeper match: matched_name. Near-draft proxy only; historical endpoint was finalized after the Bishop auction.,1849
FantasyPros ECR,2025,2025-09-05,draft,half_ppr,436,K30,Graham Gano,503,K,,,,FA,FantasyPros updated timestamp: 1757083656; average rank: 331.50; best: 198; worst: 399; stddev: 62.47; experts: 11; Sleeper match: matched_name. Near-draft proxy only; historical endpoint was finalized after the Bishop auction.,1850
FantasyPros ECR,2025,2025-09-05,draft,half_ppr,437,QB46,Malik Willis,8161,QB,,,12,MIA,FantasyPros updated timestamp: 1757083656; average rank: 388.92; best: 312; worst: 651; stddev: 85.49; experts: 14; Sleeper match: matched_name. Near-draft proxy only; historical endpoint was finalized after the Bishop auction.,1851
FantasyPros ECR,2025,2025-09-05,draft,half_ppr,438,RB119,Clyde Edwards-Helaire,6820,RB,,,,FA,FantasyPros updated timestamp: 1757083656; average rank: 382.23; best: 269; worst: 559; stddev: 69.88; experts: 14; Sleeper match: matched_name. Near-draft proxy only; historical endpoint was finalized after the Bishop auction.,1852
FantasyPros ECR,2025,2025-09-05,draft,half_ppr,439,WR150,Juice Wells Jr.,,WR,,,5,ATL,FantasyPros updated timestamp: 1757083656; average rank: 352.91; best: 293; worst: 497; stddev: 57.62; experts: 12; Sleeper match: unmatched. Near-draft proxy only; historical endpoint was finalized after the Bishop auction.,1853
FantasyPros ECR,2025,2025-09-05,draft,half_ppr,440,WR151,Jake Bobo,10867,WR,,,8,SEA,FantasyPros updated timestamp: 1757083656; average rank: 382.54; best: 322; worst: 449; stddev: 44.56; experts: 14; Sleeper match: matched_name. Near-draft proxy only; historical endpoint was finalized after the Bishop auction.,1854
FantasyPros ECR,2025,2025-09-05,draft,half_ppr,441,WR152,Theo Wease Jr.,12860,WR,,,,FA,FantasyPros updated timestamp: 1757083656; average rank: 355.18; best: 295; worst: 454; stddev: 50.94; experts: 12; Sleeper match: matched_name. Near-draft proxy only; historical endpoint was finalized after the Bishop auction.,1855
FantasyPros ECR,2025,2025-09-05,draft,half_ppr,442,TE63,Brock Wright,7891,TE,,,8,DET,FantasyPros updated timestamp: 1757083656; average rank: 394.36; best: 352; worst: 483; stddev: 37.65; experts: 15; Sleeper match: matched_name. Near-draft proxy only; historical endpoint was finalized after the Bishop auction.,1856
FantasyPros ECR,2025,2025-09-05,draft,half_ppr,443,WR153,Skyy Moore,8168,WR,,,5,GB,FantasyPros updated timestamp: 1757083656; average rank: 391.62; best: 284; worst: 618; stddev: 76.35; experts: 14; Sleeper match: matched_name. Near-draft proxy only; historical endpoint was finalized after the Bishop auction.,1857
FantasyPros ECR,2025,2025-09-05,draft,half_ppr,444,RB120,Ja'Quinden Jackson,12479,RB,,,9,PHI,FantasyPros updated timestamp: 1757083656; average rank: 341.20; best: 291; worst: 418; stddev: 39.76; experts: 11; Sleeper match: matched_name. Near-draft proxy only; historical endpoint was finalized after the Bishop auction.,1858
FantasyPros ECR,2025,2025-09-05,draft,half_ppr,445,WR154,Jonathan Mingo,10225,WR,,,10,DAL,FantasyPros updated timestamp: 1757083656; average rank: 387.08; best: 338; worst: 436; stddev: 27.24; experts: 14; Sleeper match: matched_name. Near-draft proxy only; historical endpoint was finalized after the Bishop auction.,1859
FantasyPros ECR,2025,2025-09-05,draft,half_ppr,446,K31,Matt Prater,17,K,,,,FA,FantasyPros updated timestamp: 1757083656; average rank: 295.75; best: 278; worst: 369; stddev: 30.71; experts: 9; Sleeper match: matched_name. Near-draft proxy only; historical endpoint was finalized after the Bishop auction.,1860
FantasyPros ECR,2025,2025-09-05,draft,half_ppr,447,QB47,Marcus Mariota,2307,QB,,,12,WAS,FantasyPros updated timestamp: 1757083656; average rank: 404.46; best: 345; worst: 658; stddev: 79.55; experts: 14; Sleeper match: matched_name. Near-draft proxy only; historical endpoint was finalized after the Bishop auction.,1861
FantasyPros ECR,2025,2025-09-05,draft,half_ppr,448,RB121,Sione Vaki,11729,RB,,,8,DET,FantasyPros updated timestamp: 1757083656; average rank: 400.46; best: 337; worst: 526; stddev: 53.24; experts: 14; Sleeper match: matched_name. Near-draft proxy only; historical endpoint was finalized after the Bishop auction.,1862
FantasyPros ECR,2025,2025-09-05,draft,half_ppr,449,WR155,Malachi Corley,11617,WR,,,9,CLE,FantasyPros updated timestamp: 1757083656; average rank: 394.50; best: 280; worst: 586; stddev: 82.69; experts: 13; Sleeper match: matched_name. Near-draft proxy only; historical endpoint was finalized after the Bishop auction.,1863
FantasyPros ECR,2025,2025-09-05,draft,half_ppr,450,TE64,Adam Trautman,6869,TE,,,12,DEN,FantasyPros updated timestamp: 1757083656; average rank: 394.42; best: 356; worst: 468; stddev: 34.03; experts: 13; Sleeper match: matched_name. Near-draft proxy only; historical endpoint was finalized after the Bishop auction.,1864
FantasyPros ECR,2025,2025-09-05,draft,half_ppr,451,WR156,Casey Washington,11806,WR,,,14,CAR,FantasyPros updated timestamp: 1757083656; average rank: 391.09; best: 320; worst: 597; stddev: 83.77; experts: 12; Sleeper match: matched_name. Near-draft proxy only; historical endpoint was finalized after the Bishop auction.,1865
FantasyPros ECR,2025,2025-09-05,draft,half_ppr,452,RB122,Dylan Laube,11574,RB,,,8,LV,FantasyPros updated timestamp: 1757083656; average rank: 406.17; best: 351; worst: 520; stddev: 58.27; experts: 13; Sleeper match: matched_name. Near-draft proxy only; historical endpoint was finalized after the Bishop auction.,1866
FantasyPros ECR,2025,2025-09-05,draft,half_ppr,453,TE65,Tanner Hudson,5409,TE,,,10,CIN,FantasyPros updated timestamp: 1757083656; average rank: 396.82; best: 366; worst: 439; stddev: 26.07; experts: 12; Sleeper match: matched_name. Near-draft proxy only; historical endpoint was finalized after the Bishop auction.,1867
FantasyPros ECR,2025,2025-09-05,draft,half_ppr,454,TE66,Daniel Bellinger,8225,TE,,,10,TEN,FantasyPros updated timestamp: 1757083656; average rank: 385.20; best: 341; worst: 481; stddev: 42.81; experts: 11; Sleeper match: matched_name. Near-draft proxy only; historical endpoint was finalized after the Bishop auction.,1868
FantasyPros ECR,2025,2025-09-05,draft,half_ppr,455,WR157,Tyler Johnson,6960,WR,,,10,DAL,FantasyPros updated timestamp: 1757083656; average rank: 387.90; best: 297; worst: 464; stddev: 51.23; experts: 11; Sleeper match: matched_name_position. Near-draft proxy only; historical endpoint was finalized after the Bishop auction.,1869
FantasyPros ECR,2025,2025-09-05,draft,half_ppr,456,TE67,Greg Dulcich,8172,TE,,,12,MIA,FantasyPros updated timestamp: 1757083656; average rank: 388.00; best: 344; worst: 469; stddev: 39.25; experts: 11; Sleeper match: matched_name. Near-draft proxy only; historical endpoint was finalized after the Bishop auction.,1870
FantasyPros ECR,2025,2025-09-05,draft,half_ppr,457,RB123,Michael Carter,7607,RB,,,10,TEN,FantasyPros updated timestamp: 1757083656; average rank: 395.30; best: 353; worst: 458; stddev: 36.19; experts: 11; Sleeper match: matched_name_position. Near-draft proxy only; historical endpoint was finalized after the Bishop auction.,1871
FantasyPros ECR,2025,2025-09-05,draft,half_ppr,458,WR158,Robert Woods,1352,WR,,,,FA,FantasyPros updated timestamp: 1757083656; average rank: 383.44; best: 322; worst: 502; stddev: 48.91; experts: 10; Sleeper match: matched_name. Near-draft proxy only; historical endpoint was finalized after the Bishop auction.,1872
FantasyPros ECR,2025,2025-09-05,draft,half_ppr,459,QB48,Aidan O'Connell,10866,QB,,,8,LV,FantasyPros updated timestamp: 1757083656; average rank: 384.38; best: 311; worst: 672; stddev: 111.03; experts: 9; Sleeper match: matched_name. Near-draft proxy only; historical endpoint was finalized after the Bishop auction.,1873
FantasyPros ECR,2025,2025-09-05,draft,half_ppr,460,RB124,Jeff Wilson Jr.,5284,RB,,,,FA,FantasyPros updated timestamp: 1757083656; average rank: 387.78; best: 314; worst: 495; stddev: 60.06; experts: 10; Sleeper match: matched_name. Near-draft proxy only; historical endpoint was finalized after the Bishop auction.,1874
FantasyPros ECR,2025,2025-09-05,draft,half_ppr,461,QB49,Jake Browning,6111,QB,,,,FA,FantasyPros updated timestamp: 1757083656; average rank: 421.90; best: 364; worst: 655; stddev: 81.73; experts: 11; Sleeper match: matched_name. Near-draft proxy only; historical endpoint was finalized after the Bishop auction.,1875
FantasyPros ECR,2025,2025-09-05,draft,half_ppr,462,WR159,Javon Baker,11645,WR,,,,FA,FantasyPros updated timestamp: 1757083656; average rank: 418.80; best: 337; worst: 620; stddev: 84.13; experts: 11; Sleeper match: matched_name. Near-draft proxy only; historical endpoint was finalized after the Bishop auction.,1876
FantasyPros ECR,2025,2025-09-05,draft,half_ppr,463,QB50,Zach Wilson,7538,QB,,,11,NO,FantasyPros updated timestamp: 1757083656; average rank: 411.56; best: 338; worst: 648; stddev: 88.59; experts: 10; Sleeper match: matched_name. Near-draft proxy only; historical endpoint was finalized after the Bishop auction.,1877
FantasyPros ECR,2025,2025-09-05,draft,half_ppr,464,RB125,Nathan Carter,12897,RB,,,5,ATL,FantasyPros updated timestamp: 1757083656; average rank: 363.57; best: 336; worst: 388; stddev: 17.65; experts: 8; Sleeper match: matched_name. Near-draft proxy only; historical endpoint was finalized after the Bishop auction.,1878
FantasyPros ECR,2025,2025-09-05,draft,half_ppr,465,TE68,John Bates,7716,TE,,,12,WAS,FantasyPros updated timestamp: 1757083656; average rank: 405.56; best: 352; worst: 491; stddev: 46.37; experts: 10; Sleeper match: matched_name. Near-draft proxy only; historical endpoint was finalized after the Bishop auction.,1879
FantasyPros ECR,2025,2025-09-05,draft,half_ppr,466,WR160,Kendrick Bourne,4454,WR,,,8,ARI,FantasyPros updated timestamp: 1757083656; average rank: 417.44; best: 306; worst: 621; stddev: 87.44; experts: 10; Sleeper match: matched_name. Near-draft proxy only; historical endpoint was finalized after the Bishop auction.,1880
FantasyPros ECR,2025,2025-09-05,draft,half_ppr,467,WR161,David Moore,4274,WR,,,14,CAR,FantasyPros updated timestamp: 1757083656; average rank: 394.00; best: 286; worst: 495; stddev: 66.79; experts: 9; Sleeper match: matched_name_position. Near-draft proxy only; historical endpoint was finalized after the Bishop auction.,1881
FantasyPros ECR,2025,2025-09-05,draft,half_ppr,468,TE69,Harrison Bryant,6850,TE,,,,FA,FantasyPros updated timestamp: 1757083656; average rank: 410.00; best: 360; worst: 485; stddev: 44.32; experts: 10; Sleeper match: matched_name. Near-draft proxy only; historical endpoint was finalized after the Bishop auction.,1882
FantasyPros ECR,2025,2025-09-05,draft,half_ppr,469,K32,Nick Folk,650,K,,,5,ATL,FantasyPros updated timestamp: 1757083656; average rank: 309.40; best: 239; worst: 390; stddev: 53.01; experts: 6; Sleeper match: matched_name. Near-draft proxy only; historical endpoint was finalized after the Bishop auction.,1883
FantasyPros ECR,2025,2025-09-05,draft,half_ppr,470,TE70,Hunter Long,7535,TE,,,8,ARI,FantasyPros updated timestamp: 1757083656; average rank: 396.38; best: 345; worst: 484; stddev: 50.23; experts: 9; Sleeper match: matched_name. Near-draft proxy only; historical endpoint was finalized after the Bishop auction.,1884
FantasyPros ECR,2025,2025-09-05,draft,half_ppr,471,TE71,Johnny Mundt,4314,TE,,,9,PHI,FantasyPros updated timestamp: 1757083656; average rank: 414.22; best: 381; worst: 467; stddev: 28.73; experts: 10; Sleeper match: matched_name. Near-draft proxy only; historical endpoint was finalized after the Bishop auction.,1885
FantasyPros ECR,2025,2025-09-05,draft,half_ppr,472,RB126,Carson Steele,11582,RB,,,,FA,FantasyPros updated timestamp: 1757083656; average rank: 420.11; best: 333; worst: 568; stddev: 69.55; experts: 10; Sleeper match: matched_name. Near-draft proxy only; historical endpoint was finalized after the Bishop auction.,1886
FantasyPros ECR,2025,2025-09-05,draft,half_ppr,473,K33,Joey Slye,6528,K,,,10,TEN,FantasyPros updated timestamp: 1757083656; average rank: 357.17; best: 309; worst: 464; stddev: 52.45; experts: 7; Sleeper match: matched_name. Near-draft proxy only; historical endpoint was finalized after the Bishop auction.,1887
FantasyPros ECR,2025,2025-09-05,draft,half_ppr,474,RB127,Hunter Luepke,11510,RB,,,10,DAL,FantasyPros updated timestamp: 1757083656; average rank: 408.13; best: 302; worst: 521; stddev: 70.84; experts: 9; Sleeper match: matched_name. Near-draft proxy only; historical endpoint was finalized after the Bishop auction.,1888
FantasyPros ECR,2025,2025-09-05,draft,half_ppr,475,RB128,Cordarrelle Patterson,1535,RB,,,,FA,FantasyPros updated timestamp: 1757083656; average rank: 394.71; best: 343; worst: 439; stddev: 37.98; experts: 8; Sleeper match: matched_name. Near-draft proxy only; historical endpoint was finalized after the Bishop auction.,1889
FantasyPros ECR,2025,2025-09-05,draft,half_ppr,476,TE72,Charlie Woerner,7075,TE,,,5,ATL,FantasyPros updated timestamp: 1757083656; average rank: 413.00; best: 374; worst: 493; stddev: 37.80; experts: 9; Sleeper match: matched_name. Near-draft proxy only; historical endpoint was finalized after the Bishop auction.,1890
FantasyPros ECR,2025,2025-09-05,draft,half_ppr,477,WR162,Russell Gage Jr.,5110,WR,,,,FA,FantasyPros updated timestamp: 1757083656; average rank: 373.50; best: 257; worst: 510; stddev: 95.63; experts: 7; Sleeper match: matched_name. Near-draft proxy only; historical endpoint was finalized after the Bishop auction.,1891
FantasyPros ECR,2025,2025-09-05,draft,half_ppr,478,TE73,Payne Durham,10227,TE,,,9,TB,FantasyPros updated timestamp: 1757083656; average rank: 414.63; best: 366; worst: 475; stddev: 37.13; experts: 9; Sleeper match: matched_name. Near-draft proxy only; historical endpoint was finalized after the Bishop auction.,1892
FantasyPros ECR,2025,2025-09-05,draft,half_ppr,479,K34,Ryan Fitzgerald,12961,K,,,14,CAR,FantasyPros updated timestamp: 1757083656; average rank: 292.75; best: 233; worst: 347; stddev: 41.21; experts: 4; Sleeper match: matched_name. Near-draft proxy only; historical endpoint was finalized after the Bishop auction.,1893
FantasyPros ECR,2025,2025-09-05,draft,half_ppr,480,TE74,Jared Wiley,11595,TE,,,10,KC,FantasyPros updated timestamp: 1757083656; average rank: 419.00; best: 362; worst: 522; stddev: 53.91; experts: 9; Sleeper match: matched_name. Near-draft proxy only; historical endpoint was finalized after the Bishop auction.,1894
FantasyPros ECR,2025,2025-09-05,draft,half_ppr,481,QB51,Trey Lance,7610,QB,,,12,LAC,FantasyPros updated timestamp: 1757083656; average rank: 411.50; best: 333; worst: 695; stddev: 127.56; experts: 7; Sleeper match: matched_name. Near-draft proxy only; historical endpoint was finalized after the Bishop auction.,1895
FantasyPros ECR,2025,2025-09-05,draft,half_ppr,482,TE75,Drew Sample,6001,TE,,,10,CIN,FantasyPros updated timestamp: 1757083656; average rank: 408.14; best: 367; worst: 481; stddev: 45.74; experts: 8; Sleeper match: matched_name. Near-draft proxy only; historical endpoint was finalized after the Bishop auction.,1896
FantasyPros ECR,2025,2025-09-05,draft,half_ppr,483,RB129,Jamaal Williams,4149,RB,,,,FA,FantasyPros updated timestamp: 1757083656; average rank: 364.00; best: 299; worst: 444; stddev: 53.51; experts: 5; Sleeper match: matched_name. Near-draft proxy only; historical endpoint was finalized after the Bishop auction.,1897
FantasyPros ECR,2025,2025-09-05,draft,half_ppr,484,WR163,Mitch Tinsley,11068,WR,,,,FA,FantasyPros updated timestamp: 1757083656; average rank: 369.20; best: 300; worst: 461; stddev: 59.84; experts: 5; Sleeper match: matched_name. Near-draft proxy only; historical endpoint was finalized after the Bishop auction.,1898
FantasyPros ECR,2025,2025-09-05,draft,half_ppr,485,WR164,Derius Davis,10234,WR,,,12,LAC,FantasyPros updated timestamp: 1757083656; average rank: 434.13; best: 375; worst: 549; stddev: 54.95; experts: 9; Sleeper match: matched_name. Near-draft proxy only; historical endpoint was finalized after the Bishop auction.,1899
FantasyPros ECR,2025,2025-09-05,draft,half_ppr,486,RB130,D'Ernest Johnson,6694,RB,,,10,TEN,FantasyPros updated timestamp: 1757083656; average rank: 402.83; best: 329; worst: 543; stddev: 71.90; experts: 7; Sleeper match: matched_name. Near-draft proxy only; historical endpoint was finalized after the Bishop auction.,1900
FantasyPros ECR,2025,2025-09-05,draft,half_ppr,487,TE76,Kylen Granson,7602,TE,,,10,TEN,FantasyPros updated timestamp: 1757083656; average rank: 428.00; best: 376; worst: 503; stddev: 47.78; experts: 8; Sleeper match: matched_name. Near-draft proxy only; historical endpoint was finalized after the Bishop auction.,1901
FantasyPros ECR,2025,2025-09-05,draft,half_ppr,488,RB131,Bam Knight,,RB,,,8,ARI,FantasyPros updated timestamp: 1757083656; average rank: 385.00; best: 352; worst: 437; stddev: 29.55; experts: 5; Sleeper match: unmatched. Near-draft proxy only; historical endpoint was finalized after the Bishop auction.,1902
FantasyPros ECR,2025,2025-09-05,draft,half_ppr,489,WR165,Chris Tyree,13043,WR,,,11,NO,FantasyPros updated timestamp: 1757083656; average rank: 387.80; best: 334; worst: 464; stddev: 51.02; experts: 6; Sleeper match: matched_name. Near-draft proxy only; historical endpoint was finalized after the Bishop auction.,1903
FantasyPros ECR,2025,2025-09-05,draft,half_ppr,490,WR166,Tyrell Shavers,11377,WR,,,7,BUF,FantasyPros updated timestamp: 1757083656; average rank: 359.75; best: 301; worst: 478; stddev: 72.06; experts: 4; Sleeper match: matched_name. Near-draft proxy only; historical endpoint was finalized after the Bishop auction.,1904
FantasyPros ECR,2025,2025-09-05,draft,half_ppr,491,K35,Riley Patterson,7922,K,,,12,MIA,FantasyPros updated timestamp: 1757083656; average rank: 362.25; best: 205; worst: 519; stddev: 112.05; experts: 4; Sleeper match: matched_name. Near-draft proxy only; historical endpoint was finalized after the Bishop auction.,1905
FantasyPros ECR,2025,2025-09-05,draft,half_ppr,492,TE77,Charlie Kolar,8127,TE,,,12,LAC,FantasyPros updated timestamp: 1757083656; average rank: 398.40; best: 364; worst: 457; stddev: 31.34; experts: 6; Sleeper match: matched_name. Near-draft proxy only; historical endpoint was finalized after the Bishop auction.,1906
FantasyPros ECR,2025,2025-09-05,draft,half_ppr,493,TE78,Devin Culp,11820,TE,,,9,TB,FantasyPros updated timestamp: 1757083656; average rank: 378.25; best: 342; worst: 409; stddev: 24.01; experts: 4; Sleeper match: matched_name. Near-draft proxy only; historical endpoint was finalized after the Bishop auction.,1907
FantasyPros ECR,2025,2025-09-05,draft,half_ppr,494,RB132,Pierre Strong Jr.,8116,RB,,,5,GB,FantasyPros updated timestamp: 1757083656; average rank: 437.17; best: 382; worst: 564; stddev: 62.11; experts: 7; Sleeper match: matched_name. Near-draft proxy only; historical endpoint was finalized after the Bishop auction.,1908
FantasyPros ECR,2025,2025-09-05,draft,half_ppr,495,RB133,C.J. Ham,3832,RB,,,,FA,FantasyPros updated timestamp: 1757083656; average rank: 433.33; best: 382; worst: 495; stddev: 47.38; experts: 7; Sleeper match: matched_name. Near-draft proxy only; historical endpoint was finalized after the Bishop auction.,1909
FantasyPros ECR,2025,2025-09-05,draft,half_ppr,496,TE79,Lucas Krull,8249,TE,,,12,DEN,FantasyPros updated timestamp: 1757083656; average rank: 413.00; best: 369; worst: 513; stddev: 51.52; experts: 5; Sleeper match: matched_name. Near-draft proxy only; historical endpoint was finalized after the Bishop auction.,1910
FantasyPros ECR,2025,2025-09-05,draft,half_ppr,497,QB52,Carson Wentz,3161,QB,,,6,MIN,FantasyPros updated timestamp: 1757083656; average rank: 446.40; best: 316; worst: 693; stddev: 130.21; experts: 5; Sleeper match: matched_name. Near-draft proxy only; historical endpoint was finalized after the Bishop auction.,1911
FantasyPros ECR,2025,2025-09-05,draft,half_ppr,498,RB134,Travis Homer,6012,RB,,,5,PIT,FantasyPros updated timestamp: 1757083656; average rank: 416.00; best: 291; worst: 518; stddev: 87.28; experts: 5; Sleeper match: matched_name. Near-draft proxy only; historical endpoint was finalized after the Bishop auction.,1912
FantasyPros ECR,2025,2025-09-05,draft,half_ppr,499,TE80,Josh Whyle,10212,TE,,,5,GB,FantasyPros updated timestamp: 1757083656; average rank: 416.00; best: 356; worst: 470; stddev: 43.46; experts: 5; Sleeper match: matched_name. Near-draft proxy only; historical endpoint was finalized after the Bishop auction.,1913
FantasyPros ECR,2025,2025-09-05,draft,half_ppr,500,WR167,Jalen Brooks,11034,WR,,,8,ARI,FantasyPros updated timestamp: 1757083656; average rank: 419.00; best: 273; worst: 510; stddev: 103.44; experts: 5; Sleeper match: matched_name. Near-draft proxy only; historical endpoint was finalized after the Bishop auction.,1914
FantasyPros ECR,2025,2025-09-05,draft,half_ppr,501,TE81,Luke Farrell,7842,TE,,,14,SF,FantasyPros updated timestamp: 1757083656; average rank: 420.20; best: 374; worst: 508; stddev: 49.36; experts: 5; Sleeper match: matched_name. Near-draft proxy only; historical endpoint was finalized after the Bishop auction.,1915
FantasyPros ECR,2025,2025-09-05,draft,half_ppr,502,RB135,Josh Williams,12787,RB,,,9,TB,FantasyPros updated timestamp: 1757083656; average rank: 424.20; best: 369; worst: 517; stddev: 56.03; experts: 6; Sleeper match: matched_name. Near-draft proxy only; historical endpoint was finalized after the Bishop auction.,1916
FantasyPros ECR,2025,2025-09-05,draft,half_ppr,503,RB136,Montrell Johnson Jr.,12868,RB,,,,FA,FantasyPros updated timestamp: 1757083656; average rank: 399.00; best: 277; worst: 507; stddev: 85.50; experts: 4; Sleeper match: matched_name. Near-draft proxy only; historical endpoint was finalized after the Bishop auction.,1917
FantasyPros ECR,2025,2025-09-05,draft,half_ppr,504,K36,Matthew Wright,6268,K,,,,FA,FantasyPros updated timestamp: 1757083656; average rank: 262.00; best: 228; worst: 296; stddev: 34.00; experts: 2; Sleeper match: matched_name. Near-draft proxy only; historical endpoint was finalized after the Bishop auction.,1918
FantasyPros ECR,2025,2025-09-05,draft,half_ppr,505,QB53,Deshaun Watson,4017,QB,,,9,CLE,FantasyPros updated timestamp: 1757083656; average rank: 427.80; best: 356; worst: 518; stddev: 69.94; experts: 6; Sleeper match: matched_name. Near-draft proxy only; historical endpoint was finalized after the Bishop auction.,1919
FantasyPros ECR,2025,2025-09-05,draft,half_ppr,506,WR168,Scotty Miller,6290,WR,,,5,CHI,FantasyPros updated timestamp: 1757083656; average rank: 444.20; best: 356; worst: 616; stddev: 95.42; experts: 6; Sleeper match: matched_name. Near-draft proxy only; historical endpoint was finalized after the Bishop auction.,1920
FantasyPros ECR,2025,2025-09-05,draft,half_ppr,507,RB137,Zavier Scott,11299,RB,,,6,MIN,FantasyPros updated timestamp: 1757083656; average rank: 401.50; best: 366; worst: 472; stddev: 42.09; experts: 4; Sleeper match: matched_name. Near-draft proxy only; historical endpoint was finalized after the Bishop auction.,1921
FantasyPros ECR,2025,2025-09-05,draft,half_ppr,508,QB54,Cooper Rush,4574,QB,,,5,ATL,FantasyPros updated timestamp: 1757083656; average rank: 453.00; best: 346; worst: 653; stddev: 110.74; experts: 5; Sleeper match: matched_name. Near-draft proxy only; historical endpoint was finalized after the Bishop auction.,1922
FantasyPros ECR,2025,2025-09-05,draft,half_ppr,509,RB138,Israel Abanikanda,9227,RB,,,10,DAL,FantasyPros updated timestamp: 1757083656; average rank: 431.80; best: 265; worst: 535; stddev: 118.79; experts: 5; Sleeper match: matched_name. Near-draft proxy only; historical endpoint was finalized after the Bishop auction.,1923
FantasyPros ECR,2025,2025-09-05,draft,half_ppr,510,TE82,Luke Lachey,12725,TE,,,,FA,FantasyPros updated timestamp: 1757083656; average rank: 435.60; best: 305; worst: 524; stddev: 72.84; experts: 6; Sleeper match: matched_name. Near-draft proxy only; historical endpoint was finalized after the Bishop auction.,1924
FantasyPros ECR,2025,2025-09-05,draft,half_ppr,511,TE83,Mo Alie-Cox,4054,TE,,,11,IND,FantasyPros updated timestamp: 1757083656; average rank: 435.60; best: 385; worst: 500; stddev: 38.12; experts: 5; Sleeper match: matched_name. Near-draft proxy only; historical endpoint was finalized after the Bishop auction.,1925
FantasyPros ECR,2025,2025-09-05,draft,half_ppr,512,WR169,Konata Mumpfield,12718,WR,,,8,LAR,FantasyPros updated timestamp: 1757083656; average rank: 452.50; best: 361; worst: 524; stddev: 62.17; experts: 7; Sleeper match: matched_name. Near-draft proxy only; historical endpoint was finalized after the Bishop auction.,1926
FantasyPros ECR,2025,2025-09-05,draft,half_ppr,513,RB139,Marcus Yarns,12546,RB,,,,FA,FantasyPros updated timestamp: 1757083656; average rank: 436.00; best: 392; worst: 473; stddev: 25.94; experts: 6; Sleeper match: matched_name. Near-draft proxy only; historical endpoint was finalized after the Bishop auction.,1927
FantasyPros ECR,2025,2025-09-05,draft,half_ppr,514,WR170,Gage Larvadain,13101,WR,,,9,CLE,FantasyPros updated timestamp: 1757083656; average rank: 369.67; best: 322; worst: 396; stddev: 33.77; experts: 3; Sleeper match: matched_name. Near-draft proxy only; historical endpoint was finalized after the Bishop auction.,1928
FantasyPros ECR,2025,2025-09-05,draft,half_ppr,515,WR171,David Bell,8118,WR,,,,FA,FantasyPros updated timestamp: 1757083656; average rank: 436.60; best: 259; worst: 515; stddev: 90.59; experts: 5; Sleeper match: matched_name. Near-draft proxy only; historical endpoint was finalized after the Bishop auction.,1929
FantasyPros ECR,2025,2025-09-05,draft,half_ppr,516,WR172,Lucky Jackson,11520,WR,,,8,DET,FantasyPros updated timestamp: 1757083656; average rank: 370.00; best: 268; worst: 443; stddev: 74.33; experts: 3; Sleeper match: matched_name. Near-draft proxy only; historical endpoint was finalized after the Bishop auction.,1930
FantasyPros ECR,2025,2025-09-05,draft,half_ppr,517,QB55,Andy Dalton,829,QB,,,9,PHI,FantasyPros updated timestamp: 1757083656; average rank: 463.60; best: 364; worst: 668; stddev: 109.55; experts: 6; Sleeper match: matched_name. Near-draft proxy only; historical endpoint was finalized after the Bishop auction.,1931
FantasyPros ECR,2025,2025-09-05,draft,half_ppr,518,WR173,DeAndre Carter,2750,WR,,,,FA,FantasyPros updated timestamp: 1757083656; average rank: 439.40; best: 340; worst: 503; stddev: 74.43; experts: 6; Sleeper match: matched_name. Near-draft proxy only; historical endpoint was finalized after the Bishop auction.,1932
FantasyPros ECR,2025,2025-09-05,draft,half_ppr,519,QB56,Quinn Ewers,12500,QB,,,8,JAC,FantasyPros updated timestamp: 1757083656; average rank: 467.20; best: 341; worst: 676; stddev: 124.84; experts: 5; Sleeper match: matched_name. Near-draft proxy only; historical endpoint was finalized after the Bishop auction.,1933
FantasyPros ECR,2025,2025-09-05,draft,half_ppr,520,WR174,Trent Sherfield Sr.,5154,WR,,,7,BUF,FantasyPros updated timestamp: 1757083656; average rank: 443.00; best: 368; worst: 533; stddev: 53.64; experts: 6; Sleeper match: matched_name. Near-draft proxy only; historical endpoint was finalized after the Bishop auction.,1934
FantasyPros ECR,2025,2025-09-05,draft,half_ppr,521,TE84,Thomas Fidone II,12715,TE,,,14,NYG,FantasyPros updated timestamp: 1757083656; average rank: 443.20; best: 337; worst: 527; stddev: 61.66; experts: 6; Sleeper match: matched_name. Near-draft proxy only; historical endpoint was finalized after the Bishop auction.,1935
FantasyPros ECR,2025,2025-09-05,draft,half_ppr,522,RB140,Patrick Ricard,4353,RB,,,14,NYG,FantasyPros updated timestamp: 1757083656; average rank: 444.00; best: 374; worst: 506; stddev: 54.79; experts: 6; Sleeper match: matched_name. Near-draft proxy only; historical endpoint was finalized after the Bishop auction.,1936
FantasyPros ECR,2025,2025-09-05,draft,half_ppr,523,WR175,Beaux Collins,12889,WR,,,5,ATL,FantasyPros updated timestamp: 1757083656; average rank: 385.00; best: 336; worst: 423; stddev: 36.36; experts: 3; Sleeper match: matched_name. Near-draft proxy only; historical endpoint was finalized after the Bishop auction.,1937
FantasyPros ECR,2025,2025-09-05,draft,half_ppr,524,RB141,Deuce Vaughn,9505,RB,,,,FA,FantasyPros updated timestamp: 1757083656; average rank: 446.60; best: 330; worst: 538; stddev: 69.03; experts: 5; Sleeper match: matched_name. Near-draft proxy only; historical endpoint was finalized after the Bishop auction.,1938
FantasyPros ECR,2025,2025-09-05,draft,half_ppr,525,QB57,Mac Jones,7527,QB,,,14,SF,FantasyPros updated timestamp: 1757083656; average rank: 472.80; best: 387; worst: 661; stddev: 97.14; experts: 6; Sleeper match: matched_name. Near-draft proxy only; historical endpoint was finalized after the Bishop auction.,1939
FantasyPros ECR,2025,2025-09-05,draft,half_ppr,526,RB142,Ezekiel Elliott,3164,RB,,,,FA,FantasyPros updated timestamp: 1757083656; average rank: 390.67; best: 321; worst: 482; stddev: 67.49; experts: 3; Sleeper match: matched_name. Near-draft proxy only; historical endpoint was finalized after the Bishop auction.,1940
FantasyPros ECR,2025,2025-09-05,draft,half_ppr,527,WR176,Mason Tipton,11895,WR,,,11,NO,FantasyPros updated timestamp: 1757083656; average rank: 429.75; best: 384; worst: 481; stddev: 41.18; experts: 4; Sleeper match: matched_name. Near-draft proxy only; historical endpoint was finalized after the Bishop auction.,1941
FantasyPros ECR,2025,2025-09-05,draft,half_ppr,528,QB58,Tyson Bagent,11256,QB,,,5,CHI,FantasyPros updated timestamp: 1757083656; average rank: 463.25; best: 309; worst: 662; stddev: 138.82; experts: 4; Sleeper match: matched_name. Near-draft proxy only; historical endpoint was finalized after the Bishop auction.,1942
FantasyPros ECR,2025,2025-09-05,draft,half_ppr,529,RB143,Charles Scott,,RB,,,,FA,FantasyPros updated timestamp: 1757083656; average rank: 328.50; best: 304; worst: 353; stddev: 24.50; experts: 2; Sleeper match: unmatched. Near-draft proxy only; historical endpoint was finalized after the Bishop auction.,1943
FantasyPros ECR,2025,2025-09-05,draft,half_ppr,530,RB144,Jordan Mims,11378,RB,,,9,PHI,FantasyPros updated timestamp: 1757083656; average rank: 400.00; best: 359; worst: 430; stddev: 30.01; experts: 3; Sleeper match: matched_name. Near-draft proxy only; historical endpoint was finalized after the Bishop auction.,1944
FantasyPros ECR,2025,2025-09-05,draft,half_ppr,531,TE85,Jackson Hawes,12658,TE,,,7,BUF,FantasyPros updated timestamp: 1757083656; average rank: 435.00; best: 344; worst: 519; stddev: 63.06; experts: 4; Sleeper match: matched_name. Near-draft proxy only; historical endpoint was finalized after the Bishop auction.,1945
FantasyPros ECR,2025,2025-09-05,draft,half_ppr,532,WR177,Mecole Hardman Jr.,5917,WR,,,,FA,FantasyPros updated timestamp: 1757083656; average rank: 475.20; best: 319; worst: 634; stddev: 104.31; experts: 6; Sleeper match: matched_name. Near-draft proxy only; historical endpoint was finalized after the Bishop auction.,1946
FantasyPros ECR,2025,2025-09-05,draft,half_ppr,533,TE86,Jaheim Bell,11605,TE,,,,FA,FantasyPros updated timestamp: 1757083656; average rank: 405.33; best: 365; worst: 466; stddev: 43.67; experts: 3; Sleeper match: matched_name. Near-draft proxy only; historical endpoint was finalized after the Bishop auction.,1947
FantasyPros ECR,2025,2025-09-05,draft,half_ppr,534,RB145,Eric Gray,10223,RB,,,14,NYG,FantasyPros updated timestamp: 1757083656; average rank: 458.00; best: 357; worst: 534; stddev: 65.83; experts: 6; Sleeper match: matched_name. Near-draft proxy only; historical endpoint was finalized after the Bishop auction.,1948
FantasyPros ECR,2025,2025-09-05,draft,half_ppr,535,QB59,Jacoby Brissett,3257,QB,,,8,ARI,FantasyPros updated timestamp: 1757083656; average rank: 475.50; best: 355; worst: 684; stddev: 131.52; experts: 4; Sleeper match: matched_name. Near-draft proxy only; historical endpoint was finalized after the Bishop auction.,1949
FantasyPros ECR,2025,2025-09-05,draft,half_ppr,536,TE87,Tanner Conner,8849,TE,,,14,NYG,FantasyPros updated timestamp: 1757083656; average rank: 406.67; best: 352; worst: 439; stddev: 38.87; experts: 3; Sleeper match: matched_name. Near-draft proxy only; historical endpoint was finalized after the Bishop auction.,1950
FantasyPros ECR,2025,2025-09-05,draft,half_ppr,537,K37,Andre Szmyt,11261,K,,,9,CLE,FantasyPros updated timestamp: 1757083656; average rank: 342.00; best: 324; worst: 360; stddev: 18.00; experts: 2; Sleeper match: matched_name. Near-draft proxy only; historical endpoint was finalized after the Bishop auction.,1951
FantasyPros ECR,2025,2025-09-05,draft,half_ppr,538,WR178,Xavier Gipson,11306,WR,,,14,NYG,FantasyPros updated timestamp: 1757083656; average rank: 450.50; best: 315; worst: 576; stddev: 94.90; experts: 4; Sleeper match: matched_name. Near-draft proxy only; historical endpoint was finalized after the Bishop auction.,1952
FantasyPros ECR,2025,2025-09-05,draft,half_ppr,539,RB146,Kene Nwangwu,7720,RB,,,9,NYJ,FantasyPros updated timestamp: 1757083656; average rank: 411.67; best: 365; worst: 497; stddev: 60.43; experts: 3; Sleeper match: matched_name. Near-draft proxy only; historical endpoint was finalized after the Bishop auction.,1953
FantasyPros ECR,2025,2025-09-05,draft,half_ppr,540,TE88,Jelani Woods,8219,TE,,,9,NYJ,FantasyPros updated timestamp: 1757083656; average rank: 462.80; best: 400; worst: 521; stddev: 47.55; experts: 5; Sleeper match: matched_name. Near-draft proxy only; historical endpoint was finalized after the Bishop auction.,1954
FantasyPros ECR,2025,2025-09-05,draft,half_ppr,541,WR179,DJ Chark Jr.,4951,WR,,,,FA,FantasyPros updated timestamp: 1757083656; average rank: 444.50; best: 297; worst: 508; stddev: 85.87; experts: 4; Sleeper match: matched_name. Near-draft proxy only; historical endpoint was finalized after the Bishop auction.,1955
FantasyPros ECR,2025,2025-09-05,draft,half_ppr,542,QB60,Gardner Minshew II,6011,QB,,,8,ARI,FantasyPros updated timestamp: 1757083656; average rank: 485.25; best: 382; worst: 696; stddev: 123.96; experts: 4; Sleeper match: matched_name. Near-draft proxy only; historical endpoint was finalized after the Bishop auction.,1956
FantasyPros ECR,2025,2025-09-05,draft,half_ppr,543,RB147,Carlos Washington Jr.,11186,RB,,,12,MIA,FantasyPros updated timestamp: 1757083656; average rank: 464.00; best: 392; worst: 517; stddev: 46.31; experts: 5; Sleeper match: matched_name. Near-draft proxy only; historical endpoint was finalized after the Bishop auction.,1957
FantasyPros ECR,2025,2025-09-05,draft,half_ppr,544,WR180,Michael Woods II,8202,WR,,,12,DEN,FantasyPros updated timestamp: 1757083656; average rank: 481.40; best: 269; worst: 617; stddev: 114.97; experts: 5; Sleeper match: matched_name. Near-draft proxy only; historical endpoint was finalized after the Bishop auction.,1958
FantasyPros ECR,2025,2025-09-05,draft,half_ppr,545,QB61,Sam Howell,8162,QB,,,10,DAL,FantasyPros updated timestamp: 1757083656; average rank: 476.50; best: 345; worst: 646; stddev: 108.15; experts: 4; Sleeper match: matched_name. Near-draft proxy only; historical endpoint was finalized after the Bishop auction.,1959
FantasyPros ECR,2025,2025-09-05,draft,half_ppr,546,QB62,Nick Mullens,4464,QB,,,,FA,FantasyPros updated timestamp: 1757083656; average rank: 467.33; best: 354; worst: 670; stddev: 143.64; experts: 3; Sleeper match: matched_name. Near-draft proxy only; historical endpoint was finalized after the Bishop auction.,1960
FantasyPros ECR,2025,2025-09-05,draft,half_ppr,547,RB148,Michael Burton,2471,RB,,,9,CLE,FantasyPros updated timestamp: 1757083656; average rank: 452.75; best: 344; worst: 504; stddev: 63.53; experts: 4; Sleeper match: matched_name. Near-draft proxy only; historical endpoint was finalized after the Bishop auction.,1961
FantasyPros ECR,2025,2025-09-05,draft,half_ppr,548,WR181,Charlie Jones,10228,WR,,,10,CIN,FantasyPros updated timestamp: 1757083656; average rank: 481.00; best: 383; worst: 590; stddev: 71.00; experts: 6; Sleeper match: matched_name. Near-draft proxy only; historical endpoint was finalized after the Bishop auction.,1962
FantasyPros ECR,2025,2025-09-05,draft,half_ppr,549,WR182,Tylan Wallace,7595,WR,,,9,CLE,FantasyPros updated timestamp: 1757083656; average rank: 475.20; best: 370; worst: 553; stddev: 64.81; experts: 5; Sleeper match: matched_name. Near-draft proxy only; historical endpoint was finalized after the Bishop auction.,1963
FantasyPros ECR,2025,2025-09-05,draft,half_ppr,550,QB63,Davis Mills,7585,QB,,,6,HOU,FantasyPros updated timestamp: 1757083656; average rank: 476.00; best: 339; worst: 677; stddev: 145.22; experts: 3; Sleeper match: matched_name. Near-draft proxy only; historical endpoint was finalized after the Bishop auction.,1964
FantasyPros ECR,2025,2025-09-05,draft,half_ppr,551,QB64,Riley Leonard,12470,QB,,,11,IND,FantasyPros updated timestamp: 1757083656; average rank: 477.33; best: 367; worst: 680; stddev: 143.50; experts: 3; Sleeper match: matched_name. Near-draft proxy only; historical endpoint was finalized after the Bishop auction.,1965
FantasyPros ECR,2025,2025-09-05,draft,half_ppr,552,RB149,Jase McClellan,11590,RB,,,,FA,FantasyPros updated timestamp: 1757083656; average rank: 432.00; best: 325; worst: 491; stddev: 75.79; experts: 3; Sleeper match: matched_name. Near-draft proxy only; historical endpoint was finalized after the Bishop auction.,1966
FantasyPros ECR,2025,2025-09-05,draft,half_ppr,553,TE89,Pharaoh Brown,4443,TE,,,11,IND,FantasyPros updated timestamp: 1757083656; average rank: 458.75; best: 354; worst: 509; stddev: 62.66; experts: 4; Sleeper match: matched_name. Near-draft proxy only; historical endpoint was finalized after the Bishop auction.,1967
FantasyPros ECR,2025,2025-09-05,draft,half_ppr,554,QB65,Joshua Dobbs,4179,QB,,,8,DET,FantasyPros updated timestamp: 1757083656; average rank: 491.00; best: 395; worst: 665; stddev: 106.21; experts: 4; Sleeper match: matched_name. Near-draft proxy only; historical endpoint was finalized after the Bishop auction.,1968
FantasyPros ECR,2025,2025-09-05,draft,half_ppr,555,TE90,Drew Ogletree,8489,TE,,,11,IND,FantasyPros updated timestamp: 1757083656; average rank: 382.00; best: 361; worst: 403; stddev: 21.00; experts: 2; Sleeper match: matched_name. Near-draft proxy only; historical endpoint was finalized after the Bishop auction.,1969
FantasyPros ECR,2025,2025-09-05,draft,half_ppr,556,QB66,Kyle Allen,5127,QB,,,7,BUF,FantasyPros updated timestamp: 1757083656; average rank: 388.50; best: 367; worst: 410; stddev: 21.50; experts: 2; Sleeper match: matched_name. Near-draft proxy only; historical endpoint was finalized after the Bishop auction.,1970
FantasyPros ECR,2025,2025-09-05,draft,half_ppr,557,QB67,Mitchell Trubisky,3976,QB,,,10,TEN,FantasyPros updated timestamp: 1757083656; average rank: 493.50; best: 385; worst: 657; stddev: 100.08; experts: 4; Sleeper match: matched_name. Near-draft proxy only; historical endpoint was finalized after the Bishop auction.,1971
FantasyPros ECR,2025,2025-09-05,draft,half_ppr,558,WR183,Velus Jones Jr.,8223,WR,,,8,SEA,FantasyPros updated timestamp: 1757083656; average rank: 480.40; best: 396; worst: 534; stddev: 51.76; experts: 5; Sleeper match: matched_name. Near-draft proxy only; historical endpoint was finalized after the Bishop auction.,1972
FantasyPros ECR,2025,2025-09-05,draft,half_ppr,559,RB150,Ameer Abdullah,2359,RB,,,8,JAC,FantasyPros updated timestamp: 1757083656; average rank: 396.50; best: 269; worst: 524; stddev: 127.50; experts: 2; Sleeper match: matched_name. Near-draft proxy only; historical endpoint was finalized after the Bishop auction.,1973
FantasyPros ECR,2025,2025-09-05,draft,half_ppr,560,QB68,Teddy Bridgewater,2152,QB,,,,FA,FantasyPros updated timestamp: 1757083656; average rank: 495.33; best: 379; worst: 690; stddev: 138.52; experts: 3; Sleeper match: matched_name. Near-draft proxy only; historical endpoint was finalized after the Bishop auction.,1974
FantasyPros ECR,2025,2025-09-05,draft,half_ppr,561,WR184,Ainias Smith,11615,WR,,,,FA,FantasyPros updated timestamp: 1757083656; average rank: 490.60; best: 331; worst: 582; stddev: 84.70; experts: 5; Sleeper match: matched_name. Near-draft proxy only; historical endpoint was finalized after the Bishop auction.,1975
FantasyPros ECR,2025,2025-09-05,draft,half_ppr,562,TE91,Ian Thomas,4995,TE,,,8,LV,FantasyPros updated timestamp: 1757083656; average rank: 468.25; best: 432; worst: 502; stddev: 26.56; experts: 4; Sleeper match: matched_name. Near-draft proxy only; historical endpoint was finalized after the Bishop auction.,1976
FantasyPros ECR,2025,2025-09-05,draft,half_ppr,563,RB151,Troy Hairston II,8820,RB,,,,FA,FantasyPros updated timestamp: 1757083656; average rank: 446.00; best: 297; worst: 527; stddev: 105.49; experts: 3; Sleeper match: matched_name. Near-draft proxy only; historical endpoint was finalized after the Bishop auction.,1977
FantasyPros ECR,2025,2025-09-05,draft,half_ppr,564,TE92,Robbie Ouzts,12656,TE,,,8,SEA,FantasyPros updated timestamp: 1757083656; average rank: 446.67; best: 414; worst: 504; stddev: 40.67; experts: 3; Sleeper match: matched_name. Near-draft proxy only; historical endpoint was finalized after the Bishop auction.,1978
FantasyPros ECR,2025,2025-09-05,draft,half_ppr,565,TE93,Will Mallory,10220,TE,,,11,IND,FantasyPros updated timestamp: 1757083656; average rank: 405.00; best: 393; worst: 417; stddev: 12.00; experts: 2; Sleeper match: matched_name. Near-draft proxy only; historical endpoint was finalized after the Bishop auction.,1979
FantasyPros ECR,2025,2025-09-05,draft,half_ppr,566,WR185,Justin Watson,5374,WR,,,6,HOU,FantasyPros updated timestamp: 1757083656; average rank: 408.00; best: 345; worst: 471; stddev: 63.00; experts: 2; Sleeper match: matched_name. Near-draft proxy only; historical endpoint was finalized after the Bishop auction.,1980
FantasyPros ECR,2025,2025-09-05,draft,half_ppr,567,TE94,Durham Smythe,5008,TE,,,7,BAL,FantasyPros updated timestamp: 1757083656; average rank: 473.50; best: 430; worst: 516; stddev: 33.54; experts: 4; Sleeper match: matched_name. Near-draft proxy only; historical endpoint was finalized after the Bishop auction.,1981
FantasyPros ECR,2025,2025-09-05,draft,half_ppr,568,TE95,Tip Reiman,11716,TE,,,8,ARI,FantasyPros updated timestamp: 1757083656; average rank: 411.00; best: 407; worst: 415; stddev: 4.00; experts: 2; Sleeper match: matched_name. Near-draft proxy only; historical endpoint was finalized after the Bishop auction.,1982
FantasyPros ECR,2025,2025-09-05,draft,half_ppr,569,TE96,Moliki Matavao,12480,TE,,,11,NO,FantasyPros updated timestamp: 1757083656; average rank: 416.00; best: 396; worst: 436; stddev: 20.00; experts: 2; Sleeper match: matched_name. Near-draft proxy only; historical endpoint was finalized after the Bishop auction.,1983
FantasyPros ECR,2025,2025-09-05,draft,half_ppr,570,TE97,Caleb Lohner,12735,TE,,,12,DEN,FantasyPros updated timestamp: 1757083656; average rank: 416.00; best: 401; worst: 431; stddev: 15.00; experts: 2; Sleeper match: matched_name. Near-draft proxy only; historical endpoint was finalized after the Bishop auction.,1984
FantasyPros ECR,2025,2025-09-05,draft,half_ppr,571,RB152,DeeJay Dallas,6931,RB,,,8,JAC,FantasyPros updated timestamp: 1757083656; average rank: 484.50; best: 369; worst: 569; stddev: 73.27; experts: 4; Sleeper match: matched_name. Near-draft proxy only; historical endpoint was finalized after the Bishop auction.,1985
FantasyPros ECR,2025,2025-09-05,draft,half_ppr,572,WR186,Nick Nash,12478,WR,,,12,WAS,FantasyPros updated timestamp: 1757083656; average rank: 497.40; best: 399; worst: 578; stddev: 57.61; experts: 5; Sleeper match: matched_name. Near-draft proxy only; historical endpoint was finalized after the Bishop auction.,1986
FantasyPros ECR,2025,2025-09-05,draft,half_ppr,573,WR187,Ashton Dulin,6427,WR,,,11,IND,FantasyPros updated timestamp: 1757083656; average rank: 478.25; best: 441; worst: 502; stddev: 23.30; experts: 4; Sleeper match: matched_name. Near-draft proxy only; historical endpoint was finalized after the Bishop auction.,1987
FantasyPros ECR,2025,2025-09-05,draft,half_ppr,574,TE98,Eric Saubert,4189,TE,,,8,SEA,FantasyPros updated timestamp: 1757083656; average rank: 478.50; best: 444; worst: 515; stddev: 29.00; experts: 4; Sleeper match: matched_name. Near-draft proxy only; historical endpoint was finalized after the Bishop auction.,1988
FantasyPros ECR,2025,2025-09-05,draft,half_ppr,575,TE99,Gavin Bartholomew,12700,TE,,,6,MIN,FantasyPros updated timestamp: 1757083656; average rank: 422.00; best: 391; worst: 453; stddev: 31.00; experts: 2; Sleeper match: matched_name. Near-draft proxy only; historical endpoint was finalized after the Bishop auction.,1989
FantasyPros ECR,2025,2025-09-05,draft,half_ppr,576,TE100,Davis Allen,10214,TE,,,8,LAR,FantasyPros updated timestamp: 1757083656; average rank: 422.50; best: 420; worst: 425; stddev: 2.50; experts: 2; Sleeper match: matched_name. Near-draft proxy only; historical endpoint was finalized after the Bishop auction.,1990
FantasyPros ECR,2025,2025-09-05,draft,half_ppr,577,WR188,Cedrick Wilson Jr.,5113,WR,,,,FA,FantasyPros updated timestamp: 1757083656; average rank: 481.25; best: 444; worst: 513; stddev: 24.80; experts: 4; Sleeper match: matched_name. Near-draft proxy only; historical endpoint was finalized after the Bishop auction.,1991
FantasyPros ECR,2025,2025-09-05,draft,half_ppr,578,WR189,Michael Gallup,5038,WR,,,,FA,FantasyPros updated timestamp: 1757083656; average rank: 485.25; best: 438; worst: 547; stddev: 43.01; experts: 4; Sleeper match: matched_name. Near-draft proxy only; historical endpoint was finalized after the Bishop auction.,1992
FantasyPros ECR,2025,2025-09-05,draft,half_ppr,579,TE101,Nate Adkins,11433,TE,,,12,DEN,FantasyPros updated timestamp: 1757083656; average rank: 429.50; best: 416; worst: 443; stddev: 13.50; experts: 2; Sleeper match: matched_name. Near-draft proxy only; historical endpoint was finalized after the Bishop auction.,1993
FantasyPros ECR,2025,2025-09-05,draft,half_ppr,580,TE102,Jake Briningstool,12817,TE,,,10,KC,FantasyPros updated timestamp: 1757083656; average rank: 433.50; best: 398; worst: 469; stddev: 35.50; experts: 2; Sleeper match: matched_name. Near-draft proxy only; historical endpoint was finalized after the Bishop auction.,1994
FantasyPros ECR,2025,2025-09-05,draft,half_ppr,581,WR190,Ben Skowronek,7757,WR,,,5,PIT,FantasyPros updated timestamp: 1757083656; average rank: 434.50; best: 361; worst: 508; stddev: 73.50; experts: 2; Sleeper match: matched_name. Near-draft proxy only; historical endpoint was finalized after the Bishop auction.,1995
FantasyPros ECR,2025,2025-09-05,draft,half_ppr,582,TE103,Brevyn Spann-Ford,11593,TE,,,10,DAL,FantasyPros updated timestamp: 1757083656; average rank: 468.67; best: 421; worst: 515; stddev: 38.39; experts: 3; Sleeper match: matched_name. Near-draft proxy only; historical endpoint was finalized after the Bishop auction.,1996
FantasyPros ECR,2025,2025-09-05,draft,half_ppr,583,RB153,Dalvin Cook,4029,RB,,,,FA,FantasyPros updated timestamp: 1757083656; average rank: 435.00; best: 365; worst: 505; stddev: 70.00; experts: 2; Sleeper match: matched_name. Near-draft proxy only; historical endpoint was finalized after the Bishop auction.,1997
FantasyPros ECR,2025,2025-09-05,draft,half_ppr,584,QB69,Taylor Heinicke,2711,QB,,,,FA,FantasyPros updated timestamp: 1757083656; average rank: 500.00; best: 336; worst: 664; stddev: 164.00; experts: 2; Sleeper match: matched_name. Near-draft proxy only; historical endpoint was finalized after the Bishop auction.,1998
FantasyPros ECR,2025,2025-09-05,draft,half_ppr,585,QB70,Kyle Trask,7605,QB,,,,FA,FantasyPros updated timestamp: 1757083656; average rank: 500.00; best: 340; worst: 660; stddev: 160.00; experts: 2; Sleeper match: matched_name. Near-draft proxy only; historical endpoint was finalized after the Bishop auction.,1999
FantasyPros ECR,2025,2025-09-05,draft,half_ppr,586,WR191,Ryan Flournoy,11783,WR,,,10,DAL,FantasyPros updated timestamp: 1757083656; average rank: 441.00; best: 390; worst: 492; stddev: 51.00; experts: 2; Sleeper match: matched_name. Near-draft proxy only; historical endpoint was finalized after the Bishop auction.,2000
FantasyPros ECR,2025,2025-09-05,draft,half_ppr,587,WR192,Dominic Lovett,12732,WR,,,8,DET,FantasyPros updated timestamp: 1757083656; average rank: 475.00; best: 436; worst: 499; stddev: 27.82; experts: 3; Sleeper match: matched_name. Near-draft proxy only; historical endpoint was finalized after the Bishop auction.,2001
FantasyPros ECR,2025,2025-09-05,draft,half_ppr,588,TE104,Connor Heyward,8181,TE,,,8,LV,FantasyPros updated timestamp: 1757083656; average rank: 445.50; best: 440; worst: 451; stddev: 5.50; experts: 2; Sleeper match: matched_name. Near-draft proxy only; historical endpoint was finalized after the Bishop auction.,2002
FantasyPros ECR,2025,2025-09-05,draft,half_ppr,589,TE105,Robert Tonyan,4602,TE,,,5,PIT,FantasyPros updated timestamp: 1757083656; average rank: 447.00; best: 424; worst: 470; stddev: 23.00; experts: 2; Sleeper match: matched_name. Near-draft proxy only; historical endpoint was finalized after the Bishop auction.,2003
FantasyPros ECR,2025,2025-09-05,draft,half_ppr,590,TE106,Ross Dwelley,5285,TE,,,,FA,FantasyPros updated timestamp: 1757083656; average rank: 448.50; best: 386; worst: 511; stddev: 62.50; experts: 2; Sleeper match: matched_name. Near-draft proxy only; historical endpoint was finalized after the Bishop auction.,2004
FantasyPros ECR,2025,2025-09-05,draft,half_ppr,591,QB71,Will Howard,12511,QB,,,5,PIT,FantasyPros updated timestamp: 1757083656; average rank: 524.33; best: 439; worst: 675; stddev: 106.85; experts: 3; Sleeper match: matched_name. Near-draft proxy only; historical endpoint was finalized after the Bishop auction.,2005
FantasyPros ECR,2025,2025-09-05,draft,half_ppr,592,RB154,Frank Gore Jr.,,RB,,,7,BUF,FantasyPros updated timestamp: 1757083656; average rank: 500.75; best: 386; worst: 567; stddev: 68.53; experts: 4; Sleeper match: ambiguous_name. Near-draft proxy only; historical endpoint was finalized after the Bishop auction.,2006
FantasyPros ECR,2025,2025-09-05,draft,half_ppr,593,RB155,Tyrion Davis-Price,8211,RB,,,,FA,FantasyPros updated timestamp: 1757083656; average rank: 459.00; best: 363; worst: 555; stddev: 96.00; experts: 2; Sleeper match: matched_name. Near-draft proxy only; historical endpoint was finalized after the Bishop auction.,2007
FantasyPros ECR,2025,2025-09-05,draft,half_ppr,594,RB156,Jakob Johnson,6202,RB,,,,FA,FantasyPros updated timestamp: 1757083656; average rank: 479.33; best: 380; worst: 535; stddev: 70.41; experts: 3; Sleeper match: matched_name. Near-draft proxy only; historical endpoint was finalized after the Bishop auction.,2008
FantasyPros ECR,2025,2025-09-05,draft,half_ppr,595,TE107,Gerald Everett,4089,TE,,,,FA,FantasyPros updated timestamp: 1757083656; average rank: 451.00; best: 434; worst: 468; stddev: 17.00; experts: 2; Sleeper match: matched_name. Near-draft proxy only; historical endpoint was finalized after the Bishop auction.,2009
FantasyPros ECR,2025,2025-09-05,draft,half_ppr,596,WR193,Ricky White III,12475,WR,,,8,SEA,FantasyPros updated timestamp: 1757083656; average rank: 495.25; best: 465; worst: 533; stddev: 27.30; experts: 4; Sleeper match: matched_name. Near-draft proxy only; historical endpoint was finalized after the Bishop auction.,2010
FantasyPros ECR,2025,2025-09-05,draft,half_ppr,597,WR194,K.J. Osborn,7066,WR,,,10,TEN,FantasyPros updated timestamp: 1757083656; average rank: 460.00; best: 444; worst: 476; stddev: 16.00; experts: 2; Sleeper match: matched_name. Near-draft proxy only; historical endpoint was finalized after the Bishop auction.,2011
FantasyPros ECR,2025,2025-09-05,draft,half_ppr,598,WR195,Xavier Weaver,11921,WR,,,8,ARI,FantasyPros updated timestamp: 1757083656; average rank: 484.50; best: 384; worst: 585; stddev: 100.50; experts: 2; Sleeper match: matched_name. Near-draft proxy only; historical endpoint was finalized after the Bishop auction.,2012
FantasyPros ECR,2025,2025-09-05,draft,half_ppr,599,WR196,Malik Heath,11210,WR,,,,FA,FantasyPros updated timestamp: 1757083656; average rank: 461.50; best: 445; worst: 478; stddev: 16.50; experts: 2; Sleeper match: matched_name. Near-draft proxy only; historical endpoint was finalized after the Bishop auction.,2013
FantasyPros ECR,2025,2025-09-05,draft,half_ppr,600,WR197,Kaden Prather,12721,WR,,,5,GB,FantasyPros updated timestamp: 1757083656; average rank: 487.00; best: 460; worst: 520; stddev: 24.86; experts: 3; Sleeper match: matched_name. Near-draft proxy only; historical endpoint was finalized after the Bishop auction.,2014
FantasyPros ECR,2025,2025-09-05,draft,half_ppr,601,WR198,Anthony Gould,11762,WR,,,11,IND,FantasyPros updated timestamp: 1757083656; average rank: 504.67; best: 435; worst: 584; stddev: 61.21; experts: 3; Sleeper match: matched_name. Near-draft proxy only; historical endpoint was finalized after the Bishop auction.,2015
FantasyPros ECR,2025,2025-09-05,draft,half_ppr,602,WR199,Trey Palmer,9492,WR,,,11,NO,FantasyPros updated timestamp: 1757083656; average rank: 468.50; best: 401; worst: 536; stddev: 67.50; experts: 2; Sleeper match: matched_name. Near-draft proxy only; historical endpoint was finalized after the Bishop auction.,2016
FantasyPros ECR,2025,2025-09-05,draft,half_ppr,603,WR200,Tommy Mellott,12690,WR,,,,FA,FantasyPros updated timestamp: 1757083656; average rank: 514.33; best: 449; worst: 602; stddev: 64.43; experts: 3; Sleeper match: matched_name. Near-draft proxy only; historical endpoint was finalized after the Bishop auction.,2017
FantasyPros ECR,2025,2025-09-05,draft,half_ppr,604,QB72,Kyle McCord,12494,QB,,,12,MIA,FantasyPros updated timestamp: 1757083656; average rank: 543.00; best: 407; worst: 679; stddev: 136.00; experts: 2; Sleeper match: matched_name. Near-draft proxy only; historical endpoint was finalized after the Bishop auction.,2018
FantasyPros ECR,2025,2025-09-05,draft,half_ppr,605,WR201,Simi Fehoko,7812,WR,,,8,ARI,FantasyPros updated timestamp: 1757083656; average rank: 495.33; best: 476; worst: 522; stddev: 19.48; experts: 3; Sleeper match: matched_name. Near-draft proxy only; historical endpoint was finalized after the Bishop auction.,2019
FantasyPros ECR,2025,2025-09-05,draft,half_ppr,606,WR202,Chris Blair,7521,WR,,,5,ATL,FantasyPros updated timestamp: 1757083656; average rank: 476.50; best: 430; worst: 523; stddev: 46.50; experts: 2; Sleeper match: matched_name. Near-draft proxy only; historical endpoint was finalized after the Bishop auction.,2020
FantasyPros ECR,2025,2025-09-05,draft,half_ppr,607,WR203,Bub Means,11748,WR,,,,FA,FantasyPros updated timestamp: 1757083656; average rank: 501.00; best: 469; worst: 544; stddev: 31.59; experts: 3; Sleeper match: matched_name. Near-draft proxy only; historical endpoint was finalized after the Bishop auction.,2021
FantasyPros ECR,2025,2025-09-05,draft,half_ppr,608,TE108,Cole Turner,8214,TE,,,12,MIA,FantasyPros updated timestamp: 1757083656; average rank: 483.50; best: 442; worst: 525; stddev: 41.50; experts: 2; Sleeper match: matched_name. Near-draft proxy only; historical endpoint was finalized after the Bishop auction.,2022
FantasyPros ECR,2025,2025-09-05,draft,half_ppr,609,QB73,Jarrett Stidham,6136,QB,,,12,DEN,FantasyPros updated timestamp: 1757083656; average rank: 550.50; best: 434; worst: 667; stddev: 116.50; experts: 2; Sleeper match: matched_name. Near-draft proxy only; historical endpoint was finalized after the Bishop auction.,2023
FantasyPros ECR,2025,2025-09-05,draft,half_ppr,610,QB74,Jake Haener,10215,QB,,,14,NYG,FantasyPros updated timestamp: 1757083656; average rank: 553.50; best: 444; worst: 663; stddev: 109.50; experts: 2; Sleeper match: matched_name. Near-draft proxy only; historical endpoint was finalized after the Bishop auction.,2024
FantasyPros ECR,2025,2025-09-05,draft,half_ppr,611,WR204,LaJohntay Wester,12699,WR,,,7,BAL,FantasyPros updated timestamp: 1757083656; average rank: 494.00; best: 492; worst: 496; stddev: 2.00; experts: 2; Sleeper match: matched_name. Near-draft proxy only; historical endpoint was finalized after the Bishop auction.,2025
FantasyPros ECR,2025,2025-09-05,draft,half_ppr,612,TE109,Teagan Quitoriano,8227,TE,,,8,ARI,FantasyPros updated timestamp: 1757083656; average rank: 509.67; best: 473; worst: 528; stddev: 25.93; experts: 3; Sleeper match: matched_name. Near-draft proxy only; historical endpoint was finalized after the Bishop auction.,2026
FantasyPros ECR,2025,2025-09-05,draft,half_ppr,613,QB75,Brandon Allen,3357,QB,,,14,NYG,FantasyPros updated timestamp: 1757083656; average rank: 566.00; best: 463; worst: 669; stddev: 103.00; experts: 2; Sleeper match: matched_name. Near-draft proxy only; historical endpoint was finalized after the Bishop auction.,2027
FantasyPros ECR,2025,2025-09-05,draft,half_ppr,614,WR205,Bo Melton,8204,WR,,,5,GB,FantasyPros updated timestamp: 1757083656; average rank: 534.75; best: 474; worst: 595; stddev: 42.79; experts: 4; Sleeper match: matched_name. Near-draft proxy only; historical endpoint was finalized after the Bishop auction.,2028
FantasyPros ECR,2025,2025-09-05,draft,half_ppr,615,RB157,Jawhar Jordan,11588,RB,,,6,HOU,FantasyPros updated timestamp: 1757083656; average rank: 517.00; best: 503; worst: 531; stddev: 14.00; experts: 2; Sleeper match: matched_name. Near-draft proxy only; historical endpoint was finalized after the Bishop auction.,2029
FantasyPros ECR,2025,2025-09-05,draft,half_ppr,616,QB76,Hendon Hooker,9998,QB,,,10,TEN,FantasyPros updated timestamp: 1757083656; average rank: 578.00; best: 500; worst: 656; stddev: 78.00; experts: 2; Sleeper match: matched_name. Near-draft proxy only; historical endpoint was finalized after the Bishop auction.,2030
FantasyPros ECR,2025,2025-09-05,draft,half_ppr,617,WR206,Braxton Berrios,5121,WR,,,14,NYG,FantasyPros updated timestamp: 1757083656; average rank: 556.50; best: 501; worst: 612; stddev: 55.50; experts: 2; Sleeper match: matched_name. Near-draft proxy only; historical endpoint was finalized after the Bishop auction.,2031
FantasyPros ECR,2025,2025-09-05,draft,half_ppr,618,RB158,Ronnie Rivers,8195,RB,,,8,LAR,FantasyPros updated timestamp: 1757083656; average rank: 538.00; best: 511; worst: 571; stddev: 24.86; experts: 3; Sleeper match: matched_name. Near-draft proxy only; historical endpoint was finalized after the Bishop auction.,2032
FantasyPros ECR,2025,2025-09-05,draft,half_ppr,619,WR207,Rakim Jarrett,9495,WR,,,,FA,FantasyPros updated timestamp: 1757083656; average rank: 561.00; best: 511; worst: 611; stddev: 50.00; experts: 2; Sleeper match: matched_name. Near-draft proxy only; historical endpoint was finalized after the Bishop auction.,2033
FantasyPros ECR,2025,2025-09-05,draft,half_ppr,620,WR208,Tim Jones,8013,WR,,,8,JAC,FantasyPros updated timestamp: 1757083656; average rank: 558.67; best: 529; worst: 614; stddev: 39.16; experts: 3; Sleeper match: matched_name. Near-draft proxy only; historical endpoint was finalized after the Bishop auction.,2034
FantasyPros ECR,2026,2026-08-30,draft,half_ppr,1,RB1,Jahmyr Gibbs,9221,RB,,,6,DET,FantasyPros updated timestamp: 1788111282; average rank: 1.45; best: 1; worst: 3; stddev: 0.62; experts: 106; Sleeper match: matched_name_position. Same-day GDFM draft-era snapshot; exact pre/post-draft cutoff is unknown.,2035
FantasyPros ECR,2026,2026-08-30,draft,half_ppr,2,RB2,Bijan Robinson,9509,RB,,,11,ATL,FantasyPros updated timestamp: 1788111282; average rank: 2.24; best: 1; worst: 5; stddev: 0.78; experts: 106; Sleeper match: matched_name_position. Same-day GDFM draft-era snapshot; exact pre/post-draft cutoff is unknown.,2036
FantasyPros ECR,2026,2026-08-30,draft,half_ppr,3,WR1,Ja'Marr Chase,7564,WR,,,6,CIN,FantasyPros updated timestamp: 1788111282; average rank: 2.63; best: 1; worst: 5; stddev: 0.97; experts: 106; Sleeper match: matched_name_position. Same-day GDFM draft-era snapshot; exact pre/post-draft cutoff is unknown.,2037
FantasyPros ECR,2026,2026-08-30,draft,half_ppr,4,WR2,Puka Nacua,9493,WR,,,11,LAR,FantasyPros updated timestamp: 1788111282; average rank: 4.35; best: 1; worst: 11; stddev: 1.39; experts: 106; Sleeper match: matched_name_position. Same-day GDFM draft-era snapshot; exact pre/post-draft cutoff is unknown.,2038
FantasyPros ECR,2026,2026-08-30,draft,half_ppr,5,WR3,Jaxon Smith-Njigba,9488,WR,,,11,SEA,FantasyPros updated timestamp: 1788111282; average rank: 6.04; best: 4; worst: 14; stddev: 1.60; experts: 106; Sleeper match: matched_name_position. Same-day GDFM draft-era snapshot; exact pre/post-draft cutoff is unknown.,2039
FantasyPros ECR,2026,2026-08-30,draft,half_ppr,6,WR4,Amon-Ra St. Brown,7547,WR,,,6,DET,FantasyPros updated timestamp: 1788111282; average rank: 6.60; best: 4; worst: 19; stddev: 1.70; experts: 106; Sleeper match: matched_name_position. Same-day GDFM draft-era snapshot; exact pre/post-draft cutoff is unknown.,2040
FantasyPros ECR,2026,2026-08-30,draft,half_ppr,7,RB3,Christian McCaffrey,4034,RB,,,8,SF,FantasyPros updated timestamp: 1788111282; average rank: 8.34; best: 4; worst: 20; stddev: 3.75; experts: 106; Sleeper match: matched_name_position. Same-day GDFM draft-era snapshot; exact pre/post-draft cutoff is unknown.,2041
FantasyPros ECR,2026,2026-08-30,draft,half_ppr,8,RB4,Jonathan Taylor,6813,RB,,,13,IND,FantasyPros updated timestamp: 1788111282; average rank: 8.53; best: 3; worst: 17; stddev: 2.88; experts: 106; Sleeper match: matched_name_position. Same-day GDFM draft-era snapshot; exact pre/post-draft cutoff is unknown.,2042
FantasyPros ECR,2026,2026-08-30,draft,half_ppr,9,WR5,CeeDee Lamb,6786,WR,,,14,DAL,FantasyPros updated timestamp: 1788111282; average rank: 10.30; best: 7; worst: 27; stddev: 3.08; experts: 106; Sleeper match: matched_name_position. Same-day GDFM draft-era snapshot; exact pre/post-draft cutoff is unknown.,2043
FantasyPros ECR,2026,2026-08-30,draft,half_ppr,10,RB5,James Cook III,8138,RB,,,7,BUF,FantasyPros updated timestamp: 1788111282; average rank: 10.37; best: 5; worst: 26; stddev: 3.20; experts: 106; Sleeper match: matched_name_position. Same-day GDFM draft-era snapshot; exact pre/post-draft cutoff is unknown.,2044
FantasyPros ECR,2026,2026-08-30,draft,half_ppr,11,WR6,Justin Jefferson,6794,WR,,,6,MIN,FantasyPros updated timestamp: 1788111282; average rank: 11.75; best: 7; worst: 47; stddev: 5.17; experts: 106; Sleeper match: matched_name_position. Same-day GDFM draft-era snapshot; exact pre/post-draft cutoff is unknown.,2045
FantasyPros ECR,2026,2026-08-30,draft,half_ppr,12,RB6,Chase Brown,9224,RB,,,6,CIN,FantasyPros updated timestamp: 1788111282; average rank: 15.40; best: 8; worst: 33; stddev: 5.29; experts: 106; Sleeper match: matched_name_position. Same-day GDFM draft-era snapshot; exact pre/post-draft cutoff is unknown.,2046
FantasyPros ECR,2026,2026-08-30,draft,half_ppr,13,WR7,A.J. Brown,5859,WR,,,11,NE,FantasyPros updated timestamp: 1788111282; average rank: 15.92; best: 7; worst: 40; stddev: 5.72; experts: 106; Sleeper match: matched_name_position. Same-day GDFM draft-era snapshot; exact pre/post-draft cutoff is unknown.,2047
FantasyPros ECR,2026,2026-08-30,draft,half_ppr,14,RB7,Saquon Barkley,4866,RB,,,10,PHI,FantasyPros updated timestamp: 1788111282; average rank: 16.49; best: 9; worst: 33; stddev: 5.21; experts: 106; Sleeper match: matched_name_position. Same-day GDFM draft-era snapshot; exact pre/post-draft cutoff is unknown.,2048
FantasyPros ECR,2026,2026-08-30,draft,half_ppr,15,WR8,Drake London,8112,WR,,,11,ATL,FantasyPros updated timestamp: 1788111282; average rank: 16.62; best: 9; worst: 34; stddev: 5.03; experts: 106; Sleeper match: matched_name_position. Same-day GDFM draft-era snapshot; exact pre/post-draft cutoff is unknown.,2049
FantasyPros ECR,2026,2026-08-30,draft,half_ppr,16,RB8,De'Von Achane,9226,RB,,,6,MIA,FantasyPros updated timestamp: 1788111282; average rank: 18.48; best: 10; worst: 45; stddev: 6.83; experts: 106; Sleeper match: matched_name_position. Same-day GDFM draft-era snapshot; exact pre/post-draft cutoff is unknown.,2050
FantasyPros ECR,2026,2026-08-30,draft,half_ppr,17,RB9,Kenneth Walker III,8151,RB,,,5,KC,FantasyPros updated timestamp: 1788111282; average rank: 19.16; best: 9; worst: 44; stddev: 7.46; experts: 106; Sleeper match: matched_name_position. Same-day GDFM draft-era snapshot; exact pre/post-draft cutoff is unknown.,2051
FantasyPros ECR,2026,2026-08-30,draft,half_ppr,18,RB10,Omarion Hampton,12507,RB,,,7,LAC,FantasyPros updated timestamp: 1788111282; average rank: 19.17; best: 9; worst: 45; stddev: 5.83; experts: 106; Sleeper match: matched_name_position. Same-day GDFM draft-era snapshot; exact pre/post-draft cutoff is unknown.,2052
FantasyPros ECR,2026,2026-08-30,draft,half_ppr,19,WR9,Nico Collins,7569,WR,,,8,HOU,FantasyPros updated timestamp: 1788111282; average rank: 19.21; best: 10; worst: 37; stddev: 4.44; experts: 106; Sleeper match: matched_name_position. Same-day GDFM draft-era snapshot; exact pre/post-draft cutoff is unknown.,2053
FantasyPros ECR,2026,2026-08-30,draft,half_ppr,20,TE1,Brock Bowers,11604,TE,,,13,LV,FantasyPros updated timestamp: 1788111282; average rank: 19.30; best: 10; worst: 66; stddev: 8.38; experts: 106; Sleeper match: matched_name_position. Same-day GDFM draft-era snapshot; exact pre/post-draft cutoff is unknown.,2054
FantasyPros ECR,2026,2026-08-30,draft,half_ppr,21,RB11,Derrick Henry,3198,RB,,,13,BAL,FantasyPros updated timestamp: 1788111282; average rank: 21.03; best: 11; worst: 37; stddev: 5.53; experts: 106; Sleeper match: matched_name_position. Same-day GDFM draft-era snapshot; exact pre/post-draft cutoff is unknown.,2055
FantasyPros ECR,2026,2026-08-30,draft,half_ppr,22,RB12,Ashton Jeanty,12527,RB,,,13,LV,FantasyPros updated timestamp: 1788111282; average rank: 22.73; best: 5; worst: 52; stddev: 8.54; experts: 105; Sleeper match: matched_name_position. Same-day GDFM draft-era snapshot; exact pre/post-draft cutoff is unknown.,2056
FantasyPros ECR,2026,2026-08-30,draft,half_ppr,23,WR10,George Pickens,8137,WR,,,14,DAL,FantasyPros updated timestamp: 1788111282; average rank: 23.42; best: 10; worst: 47; stddev: 6.00; experts: 106; Sleeper match: matched_name_position. Same-day GDFM draft-era snapshot; exact pre/post-draft cutoff is unknown.,2057
FantasyPros ECR,2026,2026-08-30,draft,half_ppr,24,WR11,Chris Olave,8144,WR,,,8,NO,FantasyPros updated timestamp: 1788111282; average rank: 23.82; best: 9; worst: 38; stddev: 5.70; experts: 106; Sleeper match: matched_name_position. Same-day GDFM draft-era snapshot; exact pre/post-draft cutoff is unknown.,2058
FantasyPros ECR,2026,2026-08-30,draft,half_ppr,25,TE2,Trey McBride,8130,TE,,,14,ARI,FantasyPros updated timestamp: 1788111282; average rank: 25.14; best: 12; worst: 60; stddev: 8.28; experts: 106; Sleeper match: matched_name_position. Same-day GDFM draft-era snapshot; exact pre/post-draft cutoff is unknown.,2059
FantasyPros ECR,2026,2026-08-30,draft,half_ppr,26,WR12,Malik Nabers,11632,WR,,,8,NYG,FantasyPros updated timestamp: 1788111282; average rank: 28.22; best: 11; worst: 54; stddev: 8.49; experts: 106; Sleeper match: matched_name_position. Same-day GDFM draft-era snapshot; exact pre/post-draft cutoff is unknown.,2060
FantasyPros ECR,2026,2026-08-30,draft,half_ppr,27,QB1,Josh Allen,4984,QB,,,7,BUF,FantasyPros updated timestamp: 1788111282; average rank: 28.84; best: 19; worst: 48; stddev: 6.48; experts: 105; Sleeper match: matched_name_position. Same-day GDFM draft-era snapshot; exact pre/post-draft cutoff is unknown.,2061
FantasyPros ECR,2026,2026-08-30,draft,half_ppr,28,WR13,DeVonta Smith,7525,WR,,,10,PHI,FantasyPros updated timestamp: 1788111282; average rank: 29.92; best: 17; worst: 47; stddev: 6.10; experts: 106; Sleeper match: matched_name_position. Same-day GDFM draft-era snapshot; exact pre/post-draft cutoff is unknown.,2062
FantasyPros ECR,2026,2026-08-30,draft,half_ppr,29,WR14,Rashee Rice,10229,WR,,,5,KC,FantasyPros updated timestamp: 1788111282; average rank: 31.41; best: 15; worst: 52; stddev: 8.28; experts: 106; Sleeper match: matched_name_position. Same-day GDFM draft-era snapshot; exact pre/post-draft cutoff is unknown.,2063
FantasyPros ECR,2026,2026-08-30,draft,half_ppr,30,WR15,Zay Flowers,9997,WR,,,13,BAL,FantasyPros updated timestamp: 1788111282; average rank: 32.76; best: 20; worst: 56; stddev: 7.05; experts: 106; Sleeper match: matched_name_position. Same-day GDFM draft-era snapshot; exact pre/post-draft cutoff is unknown.,2064
FantasyPros ECR,2026,2026-08-30,draft,half_ppr,31,RB13,Kyren Williams,8150,RB,,,11,LAR,FantasyPros updated timestamp: 1788111282; average rank: 34.03; best: 18; worst: 55; stddev: 7.53; experts: 106; Sleeper match: matched_name_position. Same-day GDFM draft-era snapshot; exact pre/post-draft cutoff is unknown.,2065
FantasyPros ECR,2026,2026-08-30,draft,half_ppr,32,WR16,Tee Higgins,6801,WR,,,6,CIN,FantasyPros updated timestamp: 1788111282; average rank: 36.46; best: 20; worst: 52; stddev: 6.42; experts: 106; Sleeper match: matched_name_position. Same-day GDFM draft-era snapshot; exact pre/post-draft cutoff is unknown.,2066
FantasyPros ECR,2026,2026-08-30,draft,half_ppr,33,RB14,Javonte Williams,7588,RB,,,14,DAL,FantasyPros updated timestamp: 1788111282; average rank: 36.75; best: 17; worst: 57; stddev: 7.71; experts: 106; Sleeper match: matched_name_position. Same-day GDFM draft-era snapshot; exact pre/post-draft cutoff is unknown.,2067
FantasyPros ECR,2026,2026-08-30,draft,half_ppr,34,RB15,Breece Hall,8155,RB,,,13,NYJ,FantasyPros updated timestamp: 1788111282; average rank: 37.89; best: 23; worst: 55; stddev: 7.36; experts: 106; Sleeper match: matched_name_position. Same-day GDFM draft-era snapshot; exact pre/post-draft cutoff is unknown.,2068
FantasyPros ECR,2026,2026-08-30,draft,half_ppr,35,WR17,Jaylen Waddle,7526,WR,,,10,DEN,FantasyPros updated timestamp: 1788111282; average rank: 38.17; best: 25; worst: 65; stddev: 7.70; experts: 106; Sleeper match: matched_name_position. Same-day GDFM draft-era snapshot; exact pre/post-draft cutoff is unknown.,2069
FantasyPros ECR,2026,2026-08-30,draft,half_ppr,36,WR18,Ladd McConkey,11635,WR,,,7,LAC,FantasyPros updated timestamp: 1788111282; average rank: 38.29; best: 21; worst: 59; stddev: 7.29; experts: 106; Sleeper match: matched_name_position. Same-day GDFM draft-era snapshot; exact pre/post-draft cutoff is unknown.,2070
FantasyPros ECR,2026,2026-08-30,draft,half_ppr,37,WR19,Garrett Wilson,8146,WR,,,13,NYJ,FantasyPros updated timestamp: 1788111282; average rank: 38.50; best: 19; worst: 61; stddev: 7.31; experts: 106; Sleeper match: matched_name_position. Same-day GDFM draft-era snapshot; exact pre/post-draft cutoff is unknown.,2071
FantasyPros ECR,2026,2026-08-30,draft,half_ppr,38,WR20,Tetairoa McMillan,12526,WR,,,5,CAR,FantasyPros updated timestamp: 1788111282; average rank: 38.56; best: 25; worst: 58; stddev: 6.11; experts: 106; Sleeper match: matched_name_position. Same-day GDFM draft-era snapshot; exact pre/post-draft cutoff is unknown.,2072
FantasyPros ECR,2026,2026-08-30,draft,half_ppr,39,QB2,Lamar Jackson,4881,QB,,,13,BAL,FantasyPros updated timestamp: 1788111282; average rank: 39.29; best: 23; worst: 77; stddev: 12.85; experts: 105; Sleeper match: matched_name_position. Same-day GDFM draft-era snapshot; exact pre/post-draft cutoff is unknown.,2073
FantasyPros ECR,2026,2026-08-30,draft,half_ppr,40,TE3,Colston Loveland,12517,TE,,,10,CHI,FantasyPros updated timestamp: 1788111282; average rank: 39.42; best: 22; worst: 96; stddev: 12.35; experts: 106; Sleeper match: matched_name_position. Same-day GDFM draft-era snapshot; exact pre/post-draft cutoff is unknown.,2074
FantasyPros ECR,2026,2026-08-30,draft,half_ppr,41,RB16,Jeremiyah Love,13287,RB,,,14,ARI,FantasyPros updated timestamp: 1788111282; average rank: 40.61; best: 24; worst: 60; stddev: 9.00; experts: 106; Sleeper match: matched_name_position. Same-day GDFM draft-era snapshot; exact pre/post-draft cutoff is unknown.,2075
FantasyPros ECR,2026,2026-08-30,draft,half_ppr,42,WR21,Emeka Egbuka,12514,WR,,,10,TB,FantasyPros updated timestamp: 1788111282; average rank: 41.00; best: 19; worst: 68; stddev: 8.12; experts: 106; Sleeper match: matched_name_position. Same-day GDFM draft-era snapshot; exact pre/post-draft cutoff is unknown.,2076
FantasyPros ECR,2026,2026-08-30,draft,half_ppr,43,RB17,Josh Jacobs,5850,RB,,,11,GB,FantasyPros updated timestamp: 1788111282; average rank: 44.49; best: 17; worst: 68; stddev: 11.36; experts: 106; Sleeper match: matched_name_position. Same-day GDFM draft-era snapshot; exact pre/post-draft cutoff is unknown.,2077
FantasyPros ECR,2026,2026-08-30,draft,half_ppr,44,RB18,Travis Etienne Jr.,7543,RB,,,8,NO,FantasyPros updated timestamp: 1788111282; average rank: 44.68; best: 21; worst: 64; stddev: 8.35; experts: 106; Sleeper match: matched_name_position. Same-day GDFM draft-era snapshot; exact pre/post-draft cutoff is unknown.,2078
FantasyPros ECR,2026,2026-08-30,draft,half_ppr,45,QB3,Drake Maye,11564,QB,,,11,NE,FantasyPros updated timestamp: 1788111282; average rank: 44.72; best: 25; worst: 90; stddev: 15.20; experts: 105; Sleeper match: matched_name_position. Same-day GDFM draft-era snapshot; exact pre/post-draft cutoff is unknown.,2079
FantasyPros ECR,2026,2026-08-30,draft,half_ppr,46,RB19,D'Andre Swift,6790,RB,,,10,CHI,FantasyPros updated timestamp: 1788111282; average rank: 49.11; best: 25; worst: 70; stddev: 8.79; experts: 106; Sleeper match: matched_name_position. Same-day GDFM draft-era snapshot; exact pre/post-draft cutoff is unknown.,2080
FantasyPros ECR,2026,2026-08-30,draft,half_ppr,47,WR22,Terry McLaurin,5927,WR,,,7,WAS,FantasyPros updated timestamp: 1788111282; average rank: 49.42; best: 31; worst: 79; stddev: 8.00; experts: 106; Sleeper match: matched_name_position. Same-day GDFM draft-era snapshot; exact pre/post-draft cutoff is unknown.,2081
FantasyPros ECR,2026,2026-08-30,draft,half_ppr,48,WR23,Davante Adams,2133,WR,,,11,LAR,FantasyPros updated timestamp: 1788111282; average rank: 49.73; best: 35; worst: 69; stddev: 7.85; experts: 106; Sleeper match: matched_name_position. Same-day GDFM draft-era snapshot; exact pre/post-draft cutoff is unknown.,2082
FantasyPros ECR,2026,2026-08-30,draft,half_ppr,49,WR24,Luther Burden III,12519,WR,,,10,CHI,FantasyPros updated timestamp: 1788111282; average rank: 49.84; best: 27; worst: 75; stddev: 9.70; experts: 106; Sleeper match: matched_name_position. Same-day GDFM draft-era snapshot; exact pre/post-draft cutoff is unknown.,2083
FantasyPros ECR,2026,2026-08-30,draft,half_ppr,50,QB4,Joe Burrow,6770,QB,,,6,CIN,FantasyPros updated timestamp: 1788111282; average rank: 50.71; best: 27; worst: 100; stddev: 15.61; experts: 105; Sleeper match: matched_name_position. Same-day GDFM draft-era snapshot; exact pre/post-draft cutoff is unknown.,2084
FantasyPros ECR,2026,2026-08-30,draft,half_ppr,51,WR25,Jameson Williams,8148,WR,,,6,DET,FantasyPros updated timestamp: 1788111282; average rank: 52.72; best: 35; worst: 89; stddev: 9.93; experts: 106; Sleeper match: matched_name_position. Same-day GDFM draft-era snapshot; exact pre/post-draft cutoff is unknown.,2085
FantasyPros ECR,2026,2026-08-30,draft,half_ppr,52,TE4,Tyler Warren,12518,TE,,,13,IND,FantasyPros updated timestamp: 1788111282; average rank: 53.73; best: 22; worst: 84; stddev: 10.79; experts: 106; Sleeper match: matched_name_position. Same-day GDFM draft-era snapshot; exact pre/post-draft cutoff is unknown.,2086
FantasyPros ECR,2026,2026-08-30,draft,half_ppr,53,RB20,Bucky Irving,11584,RB,,,10,TB,FantasyPros updated timestamp: 1788111282; average rank: 53.89; best: 33; worst: 82; stddev: 8.24; experts: 106; Sleeper match: matched_name_position. Same-day GDFM draft-era snapshot; exact pre/post-draft cutoff is unknown.,2087
FantasyPros ECR,2026,2026-08-30,draft,half_ppr,54,RB21,Cam Skattebo,12481,RB,,,8,NYG,FantasyPros updated timestamp: 1788111282; average rank: 53.93; best: 37; worst: 72; stddev: 7.47; experts: 106; Sleeper match: matched_name_position. Same-day GDFM draft-era snapshot; exact pre/post-draft cutoff is unknown.,2088
FantasyPros ECR,2026,2026-08-30,draft,half_ppr,55,WR26,DJ Moore,4983,WR,,,7,BUF,FantasyPros updated timestamp: 1788111282; average rank: 55.65; best: 31; worst: 92; stddev: 12.48; experts: 106; Sleeper match: matched_name_position. Same-day GDFM draft-era snapshot; exact pre/post-draft cutoff is unknown.,2089
FantasyPros ECR,2026,2026-08-30,draft,half_ppr,56,RB22,Quinshon Judkins,12512,RB,,,11,CLE,FantasyPros updated timestamp: 1788111282; average rank: 55.67; best: 33; worst: 80; stddev: 8.39; experts: 106; Sleeper match: matched_name_position. Same-day GDFM draft-era snapshot; exact pre/post-draft cutoff is unknown.,2090
FantasyPros ECR,2026,2026-08-30,draft,half_ppr,57,WR27,Christian Watson,8167,WR,,,11,GB,FantasyPros updated timestamp: 1788111282; average rank: 55.94; best: 39; worst: 87; stddev: 9.26; experts: 106; Sleeper match: matched_name_position. Same-day GDFM draft-era snapshot; exact pre/post-draft cutoff is unknown.,2091
FantasyPros ECR,2026,2026-08-30,draft,half_ppr,58,RB23,David Montgomery,5892,RB,,,8,HOU,FantasyPros updated timestamp: 1788111282; average rank: 55.99; best: 37; worst: 72; stddev: 7.93; experts: 106; Sleeper match: matched_name_position. Same-day GDFM draft-era snapshot; exact pre/post-draft cutoff is unknown.,2092
FantasyPros ECR,2026,2026-08-30,draft,half_ppr,59,WR28,Rome Odunze,11620,WR,,,10,CHI,FantasyPros updated timestamp: 1788111282; average rank: 58.47; best: 39; worst: 88; stddev: 9.35; experts: 106; Sleeper match: matched_name_position. Same-day GDFM draft-era snapshot; exact pre/post-draft cutoff is unknown.,2093
FantasyPros ECR,2026,2026-08-30,draft,half_ppr,60,WR29,Mike Evans,2216,WR,,,8,SF,FantasyPros updated timestamp: 1788111282; average rank: 58.65; best: 35; worst: 89; stddev: 11.05; experts: 106; Sleeper match: matched_name_position. Same-day GDFM draft-era snapshot; exact pre/post-draft cutoff is unknown.,2094
FantasyPros ECR,2026,2026-08-30,draft,half_ppr,61,QB5,Jayden Daniels,11566,QB,,,7,WAS,FantasyPros updated timestamp: 1788111282; average rank: 58.69; best: 27; worst: 100; stddev: 16.09; experts: 105; Sleeper match: matched_name_position. Same-day GDFM draft-era snapshot; exact pre/post-draft cutoff is unknown.,2095
FantasyPros ECR,2026,2026-08-30,draft,half_ppr,62,QB6,Jalen Hurts,6904,QB,,,10,PHI,FantasyPros updated timestamp: 1788111282; average rank: 60.56; best: 27; worst: 103; stddev: 13.60; experts: 105; Sleeper match: matched_name_position. Same-day GDFM draft-era snapshot; exact pre/post-draft cutoff is unknown.,2096
FantasyPros ECR,2026,2026-08-30,draft,half_ppr,63,RB24,Bhayshul Tuten,12490,RB,,,7,JAC,FantasyPros updated timestamp: 1788111282; average rank: 60.71; best: 33; worst: 89; stddev: 9.97; experts: 106; Sleeper match: matched_name_position. Same-day GDFM draft-era snapshot; exact pre/post-draft cutoff is unknown.,2097
FantasyPros ECR,2026,2026-08-30,draft,half_ppr,64,RB25,Jadarian Price,13286,RB,,,11,SEA,FantasyPros updated timestamp: 1788111282; average rank: 63.13; best: 35; worst: 116; stddev: 10.87; experts: 106; Sleeper match: matched_name_position. Same-day GDFM draft-era snapshot; exact pre/post-draft cutoff is unknown.,2098
FantasyPros ECR,2026,2026-08-30,draft,half_ppr,65,WR30,Parker Washington,9487,WR,,,7,JAC,FantasyPros updated timestamp: 1788111282; average rank: 66.26; best: 42; worst: 114; stddev: 15.94; experts: 106; Sleeper match: matched_name_position. Same-day GDFM draft-era snapshot; exact pre/post-draft cutoff is unknown.,2099
FantasyPros ECR,2026,2026-08-30,draft,half_ppr,66,RB26,TreVeyon Henderson,12529,RB,,,11,NE,FantasyPros updated timestamp: 1788111282; average rank: 66.92; best: 42; worst: 100; stddev: 9.69; experts: 106; Sleeper match: matched_name_position. Same-day GDFM draft-era snapshot; exact pre/post-draft cutoff is unknown.,2100
FantasyPros ECR,2026,2026-08-30,draft,half_ppr,67,QB7,Caleb Williams,11560,QB,,,10,CHI,FantasyPros updated timestamp: 1788111282; average rank: 69.38; best: 36; worst: 127; stddev: 15.06; experts: 105; Sleeper match: matched_name_position. Same-day GDFM draft-era snapshot; exact pre/post-draft cutoff is unknown.,2101
FantasyPros ECR,2026,2026-08-30,draft,half_ppr,68,TE5,Tucker Kraft,9484,TE,,,11,GB,FantasyPros updated timestamp: 1788111282; average rank: 71.57; best: 34; worst: 122; stddev: 13.70; experts: 106; Sleeper match: matched_name_position. Same-day GDFM draft-era snapshot; exact pre/post-draft cutoff is unknown.,2102
FantasyPros ECR,2026,2026-08-30,draft,half_ppr,69,RB27,Rhamondre Stevenson,7611,RB,,,11,NE,FantasyPros updated timestamp: 1788111282; average rank: 71.81; best: 51; worst: 113; stddev: 10.45; experts: 106; Sleeper match: matched_name_position. Same-day GDFM draft-era snapshot; exact pre/post-draft cutoff is unknown.,2103
FantasyPros ECR,2026,2026-08-30,draft,half_ppr,70,WR31,Marvin Harrison Jr.,11628,WR,,,14,ARI,FantasyPros updated timestamp: 1788111282; average rank: 72.68; best: 45; worst: 110; stddev: 11.41; experts: 106; Sleeper match: matched_name_position. Same-day GDFM draft-era snapshot; exact pre/post-draft cutoff is unknown.,2104
FantasyPros ECR,2026,2026-08-30,draft,half_ppr,71,QB8,Justin Herbert,6797,QB,,,7,LAC,FantasyPros updated timestamp: 1788111282; average rank: 74.10; best: 36; worst: 143; stddev: 16.14; experts: 105; Sleeper match: matched_name_position. Same-day GDFM draft-era snapshot; exact pre/post-draft cutoff is unknown.,2105
FantasyPros ECR,2026,2026-08-30,draft,half_ppr,72,RB28,Jaylen Warren,8228,RB,,,9,PIT,FantasyPros updated timestamp: 1788111282; average rank: 74.87; best: 60; worst: 101; stddev: 8.32; experts: 106; Sleeper match: matched_name_position. Same-day GDFM draft-era snapshot; exact pre/post-draft cutoff is unknown.,2106
FantasyPros ECR,2026,2026-08-30,draft,half_ppr,73,WR32,Carnell Tate,13279,WR,,,9,TEN,FantasyPros updated timestamp: 1788111282; average rank: 74.93; best: 48; worst: 123; stddev: 14.28; experts: 106; Sleeper match: matched_name_position. Same-day GDFM draft-era snapshot; exact pre/post-draft cutoff is unknown.,2107
FantasyPros ECR,2026,2026-08-30,draft,half_ppr,74,RB29,Tony Pollard,5967,RB,,,9,TEN,FantasyPros updated timestamp: 1788111282; average rank: 79.80; best: 55; worst: 109; stddev: 9.99; experts: 106; Sleeper match: matched_name_position. Same-day GDFM draft-era snapshot; exact pre/post-draft cutoff is unknown.,2108
FantasyPros ECR,2026,2026-08-30,draft,half_ppr,75,WR33,Brian Thomas Jr.,11631,WR,,,7,JAC,FantasyPros updated timestamp: 1788111282; average rank: 79.89; best: 54; worst: 127; stddev: 11.82; experts: 106; Sleeper match: matched_name_position. Same-day GDFM draft-era snapshot; exact pre/post-draft cutoff is unknown.,2109
FantasyPros ECR,2026,2026-08-30,draft,half_ppr,76,QB9,Trevor Lawrence,7523,QB,,,7,JAC,FantasyPros updated timestamp: 1788111282; average rank: 80.08; best: 58; worst: 122; stddev: 13.27; experts: 105; Sleeper match: matched_name_position. Same-day GDFM draft-era snapshot; exact pre/post-draft cutoff is unknown.,2110
FantasyPros ECR,2026,2026-08-30,draft,half_ppr,77,QB10,Dak Prescott,3294,QB,,,14,DAL,FantasyPros updated timestamp: 1788111282; average rank: 80.29; best: 36; worst: 165; stddev: 16.86; experts: 105; Sleeper match: matched_name_position. Same-day GDFM draft-era snapshot; exact pre/post-draft cutoff is unknown.,2111
FantasyPros ECR,2026,2026-08-30,draft,half_ppr,78,WR34,DK Metcalf,5846,WR,,,9,PIT,FantasyPros updated timestamp: 1788111282; average rank: 80.88; best: 54; worst: 115; stddev: 12.41; experts: 106; Sleeper match: matched_name_position. Same-day GDFM draft-era snapshot; exact pre/post-draft cutoff is unknown.,2112
FantasyPros ECR,2026,2026-08-30,draft,half_ppr,79,TE6,Harold Fannin Jr.,12506,TE,,,11,CLE,FantasyPros updated timestamp: 1788111282; average rank: 80.91; best: 54; worst: 182; stddev: 15.78; experts: 105; Sleeper match: matched_name_position. Same-day GDFM draft-era snapshot; exact pre/post-draft cutoff is unknown.,2113
FantasyPros ECR,2026,2026-08-30,draft,half_ppr,80,RB30,Jonathon Brooks,11583,RB,,,5,CAR,FantasyPros updated timestamp: 1788111282; average rank: 82.16; best: 54; worst: 128; stddev: 15.10; experts: 106; Sleeper match: matched_name_position. Same-day GDFM draft-era snapshot; exact pre/post-draft cutoff is unknown.,2114
FantasyPros ECR,2026,2026-08-30,draft,half_ppr,81,RB31,Rico Dowdle,7021,RB,,,9,PIT,FantasyPros updated timestamp: 1788111282; average rank: 82.23; best: 58; worst: 117; stddev: 10.30; experts: 106; Sleeper match: matched_name_position. Same-day GDFM draft-era snapshot; exact pre/post-draft cutoff is unknown.,2115
FantasyPros ECR,2026,2026-08-30,draft,half_ppr,82,WR35,Chris Godwin Jr.,4037,WR,,,10,TB,FantasyPros updated timestamp: 1788111282; average rank: 82.95; best: 59; worst: 125; stddev: 13.29; experts: 106; Sleeper match: matched_name_position. Same-day GDFM draft-era snapshot; exact pre/post-draft cutoff is unknown.,2116
FantasyPros ECR,2026,2026-08-30,draft,half_ppr,83,TE7,Sam LaPorta,10859,TE,,,6,DET,FantasyPros updated timestamp: 1788111282; average rank: 83.03; best: 56; worst: 130; stddev: 13.00; experts: 106; Sleeper match: matched_name_position. Same-day GDFM draft-era snapshot; exact pre/post-draft cutoff is unknown.,2117
FantasyPros ECR,2026,2026-08-30,draft,half_ppr,84,TE8,Kyle Pitts Sr.,7553,TE,,,11,ATL,FantasyPros updated timestamp: 1788111282; average rank: 84.50; best: 59; worst: 114; stddev: 9.71; experts: 106; Sleeper match: matched_name_position. Same-day GDFM draft-era snapshot; exact pre/post-draft cutoff is unknown.,2118
FantasyPros ECR,2026,2026-08-30,draft,half_ppr,85,WR36,Courtland Sutton,5045,WR,,,10,DEN,FantasyPros updated timestamp: 1788111282; average rank: 86.77; best: 60; worst: 121; stddev: 13.78; experts: 106; Sleeper match: matched_name_position. Same-day GDFM draft-era snapshot; exact pre/post-draft cutoff is unknown.,2119
FantasyPros ECR,2026,2026-08-30,draft,half_ppr,86,WR37,Quentin Johnston,9754,WR,,,7,LAC,FantasyPros updated timestamp: 1788111282; average rank: 91.52; best: 58; worst: 125; stddev: 12.30; experts: 106; Sleeper match: matched_name_position. Same-day GDFM draft-era snapshot; exact pre/post-draft cutoff is unknown.,2120
FantasyPros ECR,2026,2026-08-30,draft,half_ppr,87,RB32,J.K. Dobbins,6806,RB,,,10,DEN,FantasyPros updated timestamp: 1788111282; average rank: 91.60; best: 65; worst: 128; stddev: 13.55; experts: 106; Sleeper match: matched_name_position. Same-day GDFM draft-era snapshot; exact pre/post-draft cutoff is unknown.,2121
FantasyPros ECR,2026,2026-08-30,draft,half_ppr,88,WR38,Michael Pittman Jr.,6819,WR,,,9,PIT,FantasyPros updated timestamp: 1788111282; average rank: 91.76; best: 63; worst: 122; stddev: 12.74; experts: 106; Sleeper match: matched_name_position. Same-day GDFM draft-era snapshot; exact pre/post-draft cutoff is unknown.,2122
FantasyPros ECR,2026,2026-08-30,draft,half_ppr,89,WR39,Michael Wilson,10232,WR,,,14,ARI,FantasyPros updated timestamp: 1788111282; average rank: 93.50; best: 60; worst: 143; stddev: 16.91; experts: 106; Sleeper match: matched_name_position. Same-day GDFM draft-era snapshot; exact pre/post-draft cutoff is unknown.,2123
FantasyPros ECR,2026,2026-08-30,draft,half_ppr,90,RB33,Blake Corum,11586,RB,,,11,LAR,FantasyPros updated timestamp: 1788111282; average rank: 95.00; best: 69; worst: 132; stddev: 13.27; experts: 106; Sleeper match: matched_name_position. Same-day GDFM draft-era snapshot; exact pre/post-draft cutoff is unknown.,2124
FantasyPros ECR,2026,2026-08-30,draft,half_ppr,91,WR40,Alec Pierce,8142,WR,,,13,IND,FantasyPros updated timestamp: 1788111282; average rank: 96.61; best: 67; worst: 171; stddev: 18.41; experts: 106; Sleeper match: matched_name_position. Same-day GDFM draft-era snapshot; exact pre/post-draft cutoff is unknown.,2125
FantasyPros ECR,2026,2026-08-30,draft,half_ppr,92,TE9,George Kittle,4217,TE,,,8,SF,FantasyPros updated timestamp: 1788111282; average rank: 97.24; best: 66; worst: 221; stddev: 17.72; experts: 106; Sleeper match: matched_name_position. Same-day GDFM draft-era snapshot; exact pre/post-draft cutoff is unknown.,2126
FantasyPros ECR,2026,2026-08-30,draft,half_ppr,93,QB11,Brock Purdy,8183,QB,,,8,SF,FantasyPros updated timestamp: 1788111282; average rank: 97.42; best: 36; worst: 132; stddev: 14.36; experts: 105; Sleeper match: matched_name_position. Same-day GDFM draft-era snapshot; exact pre/post-draft cutoff is unknown.,2127
FantasyPros ECR,2026,2026-08-30,draft,half_ppr,94,RB34,Chuba Hubbard,7594,RB,,,5,CAR,FantasyPros updated timestamp: 1788111282; average rank: 97.52; best: 66; worst: 137; stddev: 17.21; experts: 106; Sleeper match: matched_name_position. Same-day GDFM draft-era snapshot; exact pre/post-draft cutoff is unknown.,2128
FantasyPros ECR,2026,2026-08-30,draft,half_ppr,95,WR41,Josh Downs,9500,WR,,,13,IND,FantasyPros updated timestamp: 1788111282; average rank: 98.70; best: 67; worst: 135; stddev: 15.56; experts: 106; Sleeper match: matched_name_position. Same-day GDFM draft-era snapshot; exact pre/post-draft cutoff is unknown.,2129
FantasyPros ECR,2026,2026-08-30,draft,half_ppr,96,QB12,Jaxson Dart,12508,QB,,,8,NYG,FantasyPros updated timestamp: 1788111282; average rank: 99.68; best: 57; worst: 203; stddev: 18.40; experts: 105; Sleeper match: matched_name_position. Same-day GDFM draft-era snapshot; exact pre/post-draft cutoff is unknown.,2130
FantasyPros ECR,2026,2026-08-30,draft,half_ppr,97,QB13,Bo Nix,11563,QB,,,10,DEN,FantasyPros updated timestamp: 1788111282; average rank: 100.21; best: 69; worst: 170; stddev: 15.58; experts: 105; Sleeper match: matched_name_position. Same-day GDFM draft-era snapshot; exact pre/post-draft cutoff is unknown.,2131
FantasyPros ECR,2026,2026-08-30,draft,half_ppr,98,RB35,RJ Harvey,12489,RB,,,10,DEN,FantasyPros updated timestamp: 1788111282; average rank: 100.24; best: 64; worst: 140; stddev: 16.21; experts: 106; Sleeper match: matched_name_position. Same-day GDFM draft-era snapshot; exact pre/post-draft cutoff is unknown.,2132
FantasyPros ECR,2026,2026-08-30,draft,half_ppr,99,WR42,Wan'Dale Robinson,8126,WR,,,9,TEN,FantasyPros updated timestamp: 1788111282; average rank: 101.26; best: 63; worst: 141; stddev: 15.57; experts: 106; Sleeper match: matched_name_position. Same-day GDFM draft-era snapshot; exact pre/post-draft cutoff is unknown.,2133
FantasyPros ECR,2026,2026-08-30,draft,half_ppr,100,RB36,Jacory Croskey-Merritt,12533,RB,,,7,WAS,FantasyPros updated timestamp: 1788111282; average rank: 101.49; best: 70; worst: 138; stddev: 14.71; experts: 106; Sleeper match: matched_name_position. Same-day GDFM draft-era snapshot; exact pre/post-draft cutoff is unknown.,2134
FantasyPros ECR,2026,2026-08-30,draft,half_ppr,101,WR43,Stefon Diggs,2449,WR,,,7,WAS,FantasyPros updated timestamp: 1788111282; average rank: 101.84; best: 59; worst: 229; stddev: 29.15; experts: 105; Sleeper match: matched_name_position. Same-day GDFM draft-era snapshot; exact pre/post-draft cutoff is unknown.,2135
FantasyPros ECR,2026,2026-08-30,draft,half_ppr,102,RB37,Jordan Mason,8408,RB,,,6,MIN,FantasyPros updated timestamp: 1788111282; average rank: 102.41; best: 67; worst: 146; stddev: 17.16; experts: 106; Sleeper match: matched_name_position. Same-day GDFM draft-era snapshot; exact pre/post-draft cutoff is unknown.,2136
FantasyPros ECR,2026,2026-08-30,draft,half_ppr,103,QB14,Patrick Mahomes II,4046,QB,,,5,KC,FantasyPros updated timestamp: 1788111282; average rank: 104.06; best: 62; worst: 166; stddev: 17.93; experts: 105; Sleeper match: matched_name_position. Same-day GDFM draft-era snapshot; exact pre/post-draft cutoff is unknown.,2137
FantasyPros ECR,2026,2026-08-30,draft,half_ppr,104,RB38,Kenny Gainwell,7567,RB,,,10,TB,FantasyPros updated timestamp: 1788111282; average rank: 105.14; best: 71; worst: 131; stddev: 13.31; experts: 106; Sleeper match: matched_name_position. Same-day GDFM draft-era snapshot; exact pre/post-draft cutoff is unknown.,2138
FantasyPros ECR,2026,2026-08-30,draft,half_ppr,105,TE10,Travis Kelce,1466,TE,,,5,KC,FantasyPros updated timestamp: 1788111282; average rank: 105.40; best: 76; worst: 175; stddev: 15.65; experts: 106; Sleeper match: matched_name_position. Same-day GDFM draft-era snapshot; exact pre/post-draft cutoff is unknown.,2139
FantasyPros ECR,2026,2026-08-30,draft,half_ppr,106,WR44,Jordan Addison,9756,WR,,,6,MIN,FantasyPros updated timestamp: 1788111282; average rank: 105.45; best: 75; worst: 163; stddev: 17.06; experts: 105; Sleeper match: matched_name_position. Same-day GDFM draft-era snapshot; exact pre/post-draft cutoff is unknown.,2140
FantasyPros ECR,2026,2026-08-30,draft,half_ppr,107,WR45,Jayden Reed,10222,WR,,,11,GB,FantasyPros updated timestamp: 1788111282; average rank: 106.73; best: 66; worst: 151; stddev: 16.82; experts: 106; Sleeper match: matched_name_position. Same-day GDFM draft-era snapshot; exact pre/post-draft cutoff is unknown.,2141
FantasyPros ECR,2026,2026-08-30,draft,half_ppr,108,QB15,Matthew Stafford,421,QB,,,11,LAR,FantasyPros updated timestamp: 1788111282; average rank: 108.69; best: 62; worst: 184; stddev: 19.79; experts: 105; Sleeper match: matched_name_position. Same-day GDFM draft-era snapshot; exact pre/post-draft cutoff is unknown.,2142
FantasyPros ECR,2026,2026-08-30,draft,half_ppr,109,QB16,Jared Goff,3163,QB,,,6,DET,FantasyPros updated timestamp: 1788111282; average rank: 109.43; best: 58; worst: 190; stddev: 17.52; experts: 105; Sleeper match: matched_name_position. Same-day GDFM draft-era snapshot; exact pre/post-draft cutoff is unknown.,2143
FantasyPros ECR,2026,2026-08-30,draft,half_ppr,110,RB39,Kyle Monangai,12534,RB,,,10,CHI,FantasyPros updated timestamp: 1788111282; average rank: 110.07; best: 77; worst: 151; stddev: 14.93; experts: 106; Sleeper match: matched_name_position. Same-day GDFM draft-era snapshot; exact pre/post-draft cutoff is unknown.,2144
FantasyPros ECR,2026,2026-08-30,draft,half_ppr,111,WR46,Makai Lemon,13294,WR,,,10,PHI,FantasyPros updated timestamp: 1788111282; average rank: 110.98; best: 74; worst: 152; stddev: 19.01; experts: 106; Sleeper match: matched_name_position. Same-day GDFM draft-era snapshot; exact pre/post-draft cutoff is unknown.,2145
FantasyPros ECR,2026,2026-08-30,draft,half_ppr,112,TE11,Dalton Kincaid,10236,TE,,,7,BUF,FantasyPros updated timestamp: 1788111282; average rank: 111.17; best: 76; worst: 222; stddev: 18.44; experts: 105; Sleeper match: matched_name_position. Same-day GDFM draft-era snapshot; exact pre/post-draft cutoff is unknown.,2146
FantasyPros ECR,2026,2026-08-30,draft,half_ppr,113,WR47,Jakobi Meyers,5947,WR,,,7,JAC,FantasyPros updated timestamp: 1788111282; average rank: 112.29; best: 73; worst: 151; stddev: 18.22; experts: 106; Sleeper match: matched_name_position. Same-day GDFM draft-era snapshot; exact pre/post-draft cutoff is unknown.,2147
FantasyPros ECR,2026,2026-08-30,draft,half_ppr,114,RB40,Rachaad White,8136,RB,,,7,WAS,FantasyPros updated timestamp: 1788111282; average rank: 112.90; best: 72; worst: 191; stddev: 16.62; experts: 106; Sleeper match: matched_name_position. Same-day GDFM draft-era snapshot; exact pre/post-draft cutoff is unknown.,2148
FantasyPros ECR,2026,2026-08-30,draft,half_ppr,115,RB41,Aaron Jones Sr.,4199,RB,,,6,MIN,FantasyPros updated timestamp: 1788111282; average rank: 117.28; best: 77; worst: 147; stddev: 13.96; experts: 106; Sleeper match: matched_name_position. Same-day GDFM draft-era snapshot; exact pre/post-draft cutoff is unknown.,2149
FantasyPros ECR,2026,2026-08-30,draft,half_ppr,116,TE12,Dallas Goedert,5022,TE,,,10,PHI,FantasyPros updated timestamp: 1788111282; average rank: 117.94; best: 84; worst: 170; stddev: 16.40; experts: 106; Sleeper match: matched_name_position. Same-day GDFM draft-era snapshot; exact pre/post-draft cutoff is unknown.,2150
FantasyPros ECR,2026,2026-08-30,draft,half_ppr,117,TE13,Isaiah Likely,8131,TE,,,8,NYG,FantasyPros updated timestamp: 1788111282; average rank: 121.73; best: 76; worst: 255; stddev: 31.65; experts: 105; Sleeper match: matched_name_position. Same-day GDFM draft-era snapshot; exact pre/post-draft cutoff is unknown.,2151
FantasyPros ECR,2026,2026-08-30,draft,half_ppr,118,QB17,Baker Mayfield,4892,QB,,,10,TB,FantasyPros updated timestamp: 1788111282; average rank: 124.39; best: 62; worst: 223; stddev: 19.87; experts: 105; Sleeper match: matched_name_position. Same-day GDFM draft-era snapshot; exact pre/post-draft cutoff is unknown.,2152
FantasyPros ECR,2026,2026-08-30,draft,half_ppr,119,QB18,Jordan Love,6804,QB,,,11,GB,FantasyPros updated timestamp: 1788111282; average rank: 124.72; best: 75; worst: 235; stddev: 20.03; experts: 105; Sleeper match: matched_name_position. Same-day GDFM draft-era snapshot; exact pre/post-draft cutoff is unknown.,2153
FantasyPros ECR,2026,2026-08-30,draft,half_ppr,120,QB19,Kyler Murray,5849,QB,,,6,MIN,FantasyPros updated timestamp: 1788111282; average rank: 117.11; best: 88; worst: 205; stddev: 17.93; experts: 104; Sleeper match: matched_name_position. Same-day GDFM draft-era snapshot; exact pre/post-draft cutoff is unknown.,2154
FantasyPros ECR,2026,2026-08-30,draft,half_ppr,121,TE14,Jake Ferguson,8110,TE,,,14,DAL,FantasyPros updated timestamp: 1788111282; average rank: 126.35; best: 93; worst: 184; stddev: 18.85; experts: 105; Sleeper match: matched_name_position. Same-day GDFM draft-era snapshot; exact pre/post-draft cutoff is unknown.,2155
FantasyPros ECR,2026,2026-08-30,draft,half_ppr,122,RB42,Chris Rodriguez Jr.,10219,RB,,,7,JAC,FantasyPros updated timestamp: 1788111282; average rank: 127.38; best: 85; worst: 215; stddev: 19.60; experts: 105; Sleeper match: matched_name_position. Same-day GDFM draft-era snapshot; exact pre/post-draft cutoff is unknown.,2156
FantasyPros ECR,2026,2026-08-30,draft,half_ppr,123,WR48,Romeo Doubs,8121,WR,,,11,NE,FantasyPros updated timestamp: 1788111282; average rank: 128.06; best: 81; worst: 179; stddev: 17.19; experts: 106; Sleeper match: matched_name_position. Same-day GDFM draft-era snapshot; exact pre/post-draft cutoff is unknown.,2157
FantasyPros ECR,2026,2026-08-30,draft,half_ppr,124,WR49,Xavier Worthy,11624,WR,,,5,KC,FantasyPros updated timestamp: 1788111282; average rank: 128.64; best: 87; worst: 196; stddev: 18.12; experts: 106; Sleeper match: matched_name_position. Same-day GDFM draft-era snapshot; exact pre/post-draft cutoff is unknown.,2158
FantasyPros ECR,2026,2026-08-30,draft,half_ppr,125,WR50,KC Concepcion,13298,WR,,,11,CLE,FantasyPros updated timestamp: 1788111282; average rank: 120.77; best: 72; worst: 200; stddev: 25.58; experts: 104; Sleeper match: matched_name_position. Same-day GDFM draft-era snapshot; exact pre/post-draft cutoff is unknown.,2159
FantasyPros ECR,2026,2026-08-30,draft,half_ppr,126,WR51,Matthew Golden,12501,WR,,,11,GB,FantasyPros updated timestamp: 1788111282; average rank: 130.36; best: 82; worst: 208; stddev: 24.36; experts: 105; Sleeper match: matched_name_position. Same-day GDFM draft-era snapshot; exact pre/post-draft cutoff is unknown.,2160
FantasyPros ECR,2026,2026-08-30,draft,half_ppr,127,TE15,Mark Andrews,5012,TE,,,13,BAL,FantasyPros updated timestamp: 1788111282; average rank: 130.53; best: 86; worst: 206; stddev: 21.16; experts: 106; Sleeper match: matched_name_position. Same-day GDFM draft-era snapshot; exact pre/post-draft cutoff is unknown.,2161
FantasyPros ECR,2026,2026-08-30,draft,half_ppr,128,WR52,Jalen Coker,11646,WR,,,5,CAR,FantasyPros updated timestamp: 1788111282; average rank: 130.74; best: 89; worst: 197; stddev: 19.25; experts: 106; Sleeper match: matched_name_position. Same-day GDFM draft-era snapshot; exact pre/post-draft cutoff is unknown.,2162
FantasyPros ECR,2026,2026-08-30,draft,half_ppr,129,RB43,Woody Marks,12474,RB,,,8,HOU,FantasyPros updated timestamp: 1788111282; average rank: 131.08; best: 100; worst: 159; stddev: 12.32; experts: 106; Sleeper match: matched_name_position. Same-day GDFM draft-era snapshot; exact pre/post-draft cutoff is unknown.,2163
FantasyPros ECR,2026,2026-08-30,draft,half_ppr,130,QB20,Tyler Shough,12545,QB,,,8,NO,FantasyPros updated timestamp: 1788111282; average rank: 132.27; best: 88; worst: 290; stddev: 27.99; experts: 105; Sleeper match: matched_name_position. Same-day GDFM draft-era snapshot; exact pre/post-draft cutoff is unknown.,2164
FantasyPros ECR,2026,2026-08-30,draft,half_ppr,131,RB44,Tyler Allgeier,8132,RB,,,14,ARI,FantasyPros updated timestamp: 1788111282; average rank: 132.84; best: 97; worst: 164; stddev: 12.69; experts: 106; Sleeper match: matched_name_position. Same-day GDFM draft-era snapshot; exact pre/post-draft cutoff is unknown.,2165
FantasyPros ECR,2026,2026-08-30,draft,half_ppr,132,WR53,Khalil Shakir,8134,WR,,,7,BUF,FantasyPros updated timestamp: 1788111282; average rank: 134.51; best: 91; worst: 173; stddev: 14.69; experts: 106; Sleeper match: matched_name_position. Same-day GDFM draft-era snapshot; exact pre/post-draft cutoff is unknown.,2166
FantasyPros ECR,2026,2026-08-30,draft,half_ppr,133,WR54,Jordyn Tyson,13281,WR,,,8,NO,FantasyPros updated timestamp: 1788111282; average rank: 140.75; best: 91; worst: 244; stddev: 30.09; experts: 105; Sleeper match: matched_name_position. Same-day GDFM draft-era snapshot; exact pre/post-draft cutoff is unknown.,2167
FantasyPros ECR,2026,2026-08-30,draft,half_ppr,134,RB45,Tyjae Spears,9508,RB,,,9,TEN,FantasyPros updated timestamp: 1788111282; average rank: 141.99; best: 107; worst: 212; stddev: 17.99; experts: 106; Sleeper match: matched_name_position. Same-day GDFM draft-era snapshot; exact pre/post-draft cutoff is unknown.,2168
FantasyPros ECR,2026,2026-08-30,draft,half_ppr,135,TE16,Juwan Johnson,7002,TE,,,8,NO,FantasyPros updated timestamp: 1788111282; average rank: 135.42; best: 95; worst: 260; stddev: 25.17; experts: 104; Sleeper match: matched_name_position. Same-day GDFM draft-era snapshot; exact pre/post-draft cutoff is unknown.,2169
FantasyPros ECR,2026,2026-08-30,draft,half_ppr,136,RB46,Zach Charbonnet,9753,RB,,,11,SEA,FantasyPros updated timestamp: 1788111282; average rank: 144.74; best: 110; worst: 253; stddev: 24.15; experts: 105; Sleeper match: matched_name_position. Same-day GDFM draft-era snapshot; exact pre/post-draft cutoff is unknown.,2170
FantasyPros ECR,2026,2026-08-30,draft,half_ppr,137,RB47,Keaton Mitchell,9511,RB,,,7,LAC,FantasyPros updated timestamp: 1788111282; average rank: 145.31; best: 95; worst: 300; stddev: 30.67; experts: 105; Sleeper match: matched_name_position. Same-day GDFM draft-era snapshot; exact pre/post-draft cutoff is unknown.,2171
FantasyPros ECR,2026,2026-08-30,draft,half_ppr,138,WR55,Rashid Shaheed,8676,WR,,,11,SEA,FantasyPros updated timestamp: 1788111282; average rank: 147.65; best: 110; worst: 186; stddev: 16.36; experts: 106; Sleeper match: matched_name_position. Same-day GDFM draft-era snapshot; exact pre/post-draft cutoff is unknown.,2172
FantasyPros ECR,2026,2026-08-30,draft,half_ppr,139,WR56,Deebo Samuel Sr.,5872,WR,,,8,SF,FantasyPros updated timestamp: 1788111282; average rank: 140.58; best: 79; worst: 244; stddev: 35.11; experts: 104; Sleeper match: matched_name_position. Same-day GDFM draft-era snapshot; exact pre/post-draft cutoff is unknown.,2173
FantasyPros ECR,2026,2026-08-30,draft,half_ppr,140,QB21,Malik Willis,8161,QB,,,6,MIA,FantasyPros updated timestamp: 1788111282; average rank: 140.71; best: 92; worst: 655; stddev: 59.62; experts: 104; Sleeper match: matched_name_position. Same-day GDFM draft-era snapshot; exact pre/post-draft cutoff is unknown.,2174
FantasyPros ECR,2026,2026-08-30,draft,half_ppr,141,RB48,Jonah Coleman,13345,RB,,,10,DEN,FantasyPros updated timestamp: 1788111282; average rank: 148.52; best: 102; worst: 297; stddev: 29.49; experts: 105; Sleeper match: matched_name_position. Same-day GDFM draft-era snapshot; exact pre/post-draft cutoff is unknown.,2175
FantasyPros ECR,2026,2026-08-30,draft,half_ppr,142,RB49,Tank Bigsby,9225,RB,,,10,PHI,FantasyPros updated timestamp: 1788111282; average rank: 151.35; best: 113; worst: 215; stddev: 16.81; experts: 106; Sleeper match: matched_name_position. Same-day GDFM draft-era snapshot; exact pre/post-draft cutoff is unknown.,2176
FantasyPros ECR,2026,2026-08-30,draft,half_ppr,143,QB22,Sam Darnold,4943,QB,,,11,SEA,FantasyPros updated timestamp: 1788111282; average rank: 150.03; best: 104; worst: 299; stddev: 25.55; experts: 104; Sleeper match: matched_name_position. Same-day GDFM draft-era snapshot; exact pre/post-draft cutoff is unknown.,2177
FantasyPros ECR,2026,2026-08-30,draft,half_ppr,144,WR57,De'Zhaun Stribling,13417,WR,,,8,SF,FantasyPros updated timestamp: 1788111282; average rank: 126.85; best: 71; worst: 269; stddev: 38.31; experts: 101; Sleeper match: matched_name_position. Same-day GDFM draft-era snapshot; exact pre/post-draft cutoff is unknown.,2178
FantasyPros ECR,2026,2026-08-30,draft,half_ppr,145,TE17,Hunter Henry,3214,TE,,,11,NE,FantasyPros updated timestamp: 1788111282; average rank: 158.40; best: 117; worst: 219; stddev: 20.98; experts: 105; Sleeper match: matched_name_position. Same-day GDFM draft-era snapshot; exact pre/post-draft cutoff is unknown.,2179
FantasyPros ECR,2026,2026-08-30,draft,half_ppr,146,RB50,Dylan Sampson,12469,RB,,,11,CLE,FantasyPros updated timestamp: 1788111282; average rank: 153.84; best: 110; worst: 268; stddev: 24.21; experts: 104; Sleeper match: matched_name_position. Same-day GDFM draft-era snapshot; exact pre/post-draft cutoff is unknown.,2180
FantasyPros ECR,2026,2026-08-30,draft,half_ppr,147,RB51,MarShawn Lloyd,11581,RB,,,11,GB,FantasyPros updated timestamp: 1788111282; average rank: 161.78; best: 94; worst: 304; stddev: 50.59; experts: 105; Sleeper match: matched_name_position. Same-day GDFM draft-era snapshot; exact pre/post-draft cutoff is unknown.,2181
FantasyPros ECR,2026,2026-08-30,draft,half_ppr,148,RB52,Isiah Pacheco,8205,RB,,,6,DET,FantasyPros updated timestamp: 1788111282; average rank: 157.60; best: 118; worst: 262; stddev: 27.88; experts: 104; Sleeper match: matched_name_position. Same-day GDFM draft-era snapshot; exact pre/post-draft cutoff is unknown.,2182
FantasyPros ECR,2026,2026-08-30,draft,half_ppr,149,TE18,Dalton Schultz,5001,TE,,,8,HOU,FantasyPros updated timestamp: 1788111282; average rank: 167.05; best: 111; worst: 238; stddev: 27.80; experts: 105; Sleeper match: matched_name_position. Same-day GDFM draft-era snapshot; exact pre/post-draft cutoff is unknown.,2183
FantasyPros ECR,2026,2026-08-30,draft,half_ppr,150,RB53,Alvin Kamara,4035,RB,,,8,NO,FantasyPros updated timestamp: 1788111282; average rank: 167.18; best: 114; worst: 274; stddev: 33.83; experts: 106; Sleeper match: matched_name_position. Same-day GDFM draft-era snapshot; exact pre/post-draft cutoff is unknown.,2184
FantasyPros ECR,2026,2026-08-30,draft,half_ppr,151,RB54,Brian Robinson Jr.,8154,RB,,,11,ATL,FantasyPros updated timestamp: 1788111282; average rank: 160.53; best: 126; worst: 255; stddev: 19.50; experts: 104; Sleeper match: matched_name_position. Same-day GDFM draft-era snapshot; exact pre/post-draft cutoff is unknown.,2185
FantasyPros ECR,2026,2026-08-30,draft,half_ppr,152,QB23,C.J. Stroud,9758,QB,,,8,HOU,FantasyPros updated timestamp: 1788111282; average rank: 155.04; best: 107; worst: 298; stddev: 26.82; experts: 103; Sleeper match: matched_name_position. Same-day GDFM draft-era snapshot; exact pre/post-draft cutoff is unknown.,2186
FantasyPros ECR,2026,2026-08-30,draft,half_ppr,153,QB24,Cam Ward,12522,QB,,,9,TEN,FantasyPros updated timestamp: 1788111282; average rank: 170.62; best: 107; worst: 486; stddev: 42.16; experts: 105; Sleeper match: matched_name_position. Same-day GDFM draft-era snapshot; exact pre/post-draft cutoff is unknown.,2187
FantasyPros ECR,2026,2026-08-30,draft,half_ppr,154,TE19,Chig Okonkwo,8210,TE,,,7,WAS,FantasyPros updated timestamp: 1788111282; average rank: 163.48; best: 111; worst: 271; stddev: 26.56; experts: 104; Sleeper match: matched_name_position. Same-day GDFM draft-era snapshot; exact pre/post-draft cutoff is unknown.,2188
FantasyPros ECR,2026,2026-08-30,draft,half_ppr,155,RB55,Braelon Allen,11576,RB,,,13,NYJ,FantasyPros updated timestamp: 1788111282; average rank: 163.57; best: 110; worst: 341; stddev: 31.73; experts: 104; Sleeper match: matched_name_position. Same-day GDFM draft-era snapshot; exact pre/post-draft cutoff is unknown.,2189
FantasyPros ECR,2026,2026-08-30,draft,half_ppr,156,TE20,Brenton Strange,9480,TE,,,7,JAC,FantasyPros updated timestamp: 1788111282; average rank: 156.45; best: 110; worst: 233; stddev: 23.39; experts: 103; Sleeper match: matched_name_position. Same-day GDFM draft-era snapshot; exact pre/post-draft cutoff is unknown.,2190
FantasyPros ECR,2026,2026-08-30,draft,half_ppr,157,WR58,Tre Tucker,10213,WR,,,13,LV,FantasyPros updated timestamp: 1788111282; average rank: 166.96; best: 116; worst: 264; stddev: 25.89; experts: 104; Sleeper match: matched_name_position. Same-day GDFM draft-era snapshot; exact pre/post-draft cutoff is unknown.,2191
FantasyPros ECR,2026,2026-08-30,draft,half_ppr,158,WR59,Adonai Mitchell,11625,WR,,,13,NYJ,FantasyPros updated timestamp: 1788111282; average rank: 170.39; best: 115; worst: 243; stddev: 25.57; experts: 104; Sleeper match: matched_name_position. Same-day GDFM draft-era snapshot; exact pre/post-draft cutoff is unknown.,2192
FantasyPros ECR,2026,2026-08-30,draft,half_ppr,159,RB56,Tyrone Tracy Jr.,11655,RB,,,8,NYG,FantasyPros updated timestamp: 1788111282; average rank: 164.43; best: 117; worst: 300; stddev: 35.52; experts: 103; Sleeper match: matched_name_position. Same-day GDFM draft-era snapshot; exact pre/post-draft cutoff is unknown.,2193
FantasyPros ECR,2026,2026-08-30,draft,half_ppr,160,QB25,Daniel Jones,5870,QB,,,13,IND,FantasyPros updated timestamp: 1788111282; average rank: 157.48; best: 111; worst: 301; stddev: 31.02; experts: 102; Sleeper match: matched_name_position. Same-day GDFM draft-era snapshot; exact pre/post-draft cutoff is unknown.,2194
FantasyPros ECR,2026,2026-08-30,draft,half_ppr,161,WR60,Denzel Boston,13346,WR,,,11,CLE,FantasyPros updated timestamp: 1788111282; average rank: 158.10; best: 109; worst: 313; stddev: 30.91; experts: 102; Sleeper match: matched_name_position. Same-day GDFM draft-era snapshot; exact pre/post-draft cutoff is unknown.,2195
FantasyPros ECR,2026,2026-08-30,draft,half_ppr,162,WR61,Jalen McMillan,11618,WR,,,10,TB,FantasyPros updated timestamp: 1788111282; average rank: 174.72; best: 124; worst: 305; stddev: 28.84; experts: 103; Sleeper match: matched_name_position. Same-day GDFM draft-era snapshot; exact pre/post-draft cutoff is unknown.,2196
FantasyPros ECR,2026,2026-08-30,draft,half_ppr,163,WR62,Kayshon Boutte,9504,WR,,,8,HOU,FantasyPros updated timestamp: 1788111282; average rank: 174.73; best: 118; worst: 233; stddev: 24.70; experts: 103; Sleeper match: matched_name_position. Same-day GDFM draft-era snapshot; exact pre/post-draft cutoff is unknown.,2197
FantasyPros ECR,2026,2026-08-30,draft,half_ppr,164,RB57,Mike Washington Jr.,13305,RB,,,13,LV,FantasyPros updated timestamp: 1788111282; average rank: 152.89; best: 83; worst: 245; stddev: 32.00; experts: 100; Sleeper match: matched_name_position. Same-day GDFM draft-era snapshot; exact pre/post-draft cutoff is unknown.,2198
FantasyPros ECR,2026,2026-08-30,draft,half_ppr,165,WR63,Jerry Jeudy,6783,WR,,,11,CLE,FantasyPros updated timestamp: 1788111282; average rank: 178.03; best: 126; worst: 263; stddev: 25.81; experts: 103; Sleeper match: matched_name_position. Same-day GDFM draft-era snapshot; exact pre/post-draft cutoff is unknown.,2199
FantasyPros ECR,2026,2026-08-30,draft,half_ppr,166,WR64,Tre' Harris,12509,WR,,,7,LAC,FantasyPros updated timestamp: 1788111282; average rank: 185.68; best: 125; worst: 285; stddev: 28.66; experts: 104; Sleeper match: matched_name_position. Same-day GDFM draft-era snapshot; exact pre/post-draft cutoff is unknown.,2200
FantasyPros ECR,2026,2026-08-30,draft,half_ppr,167,RB58,Ray Davis,11575,RB,,,7,BUF,FantasyPros updated timestamp: 1788111282; average rank: 187.76; best: 130; worst: 251; stddev: 29.85; experts: 104; Sleeper match: matched_name_position. Same-day GDFM draft-era snapshot; exact pre/post-draft cutoff is unknown.,2201
FantasyPros ECR,2026,2026-08-30,draft,half_ppr,168,WR65,Dontayvion Wicks,9486,WR,,,10,PHI,FantasyPros updated timestamp: 1788111282; average rank: 189.31; best: 133; worst: 273; stddev: 32.20; experts: 104; Sleeper match: matched_name_position. Same-day GDFM draft-era snapshot; exact pre/post-draft cutoff is unknown.,2202
FantasyPros ECR,2026,2026-08-30,draft,half_ppr,169,WR66,Jauan Jennings,7049,WR,,,6,MIN,FantasyPros updated timestamp: 1788111282; average rank: 175.07; best: 113; worst: 286; stddev: 32.75; experts: 102; Sleeper match: matched_name_position. Same-day GDFM draft-era snapshot; exact pre/post-draft cutoff is unknown.,2203
FantasyPros ECR,2026,2026-08-30,draft,half_ppr,170,TE21,Terrance Ferguson,12487,TE,,,11,LAR,FantasyPros updated timestamp: 1788111282; average rank: 190.32; best: 110; worst: 391; stddev: 46.71; experts: 104; Sleeper match: matched_name_position. Same-day GDFM draft-era snapshot; exact pre/post-draft cutoff is unknown.,2204
FantasyPros ECR,2026,2026-08-30,draft,half_ppr,171,WR67,Ryan Flournoy,11783,WR,,,14,DAL,FantasyPros updated timestamp: 1788111282; average rank: 188.38; best: 135; worst: 330; stddev: 31.68; experts: 102; Sleeper match: matched_name_position. Same-day GDFM draft-era snapshot; exact pre/post-draft cutoff is unknown.,2205
FantasyPros ECR,2026,2026-08-30,draft,half_ppr,172,WR68,Pat Bryant,12492,WR,,,10,DEN,FantasyPros updated timestamp: 1788111282; average rank: 195.99; best: 129; worst: 302; stddev: 31.27; experts: 103; Sleeper match: matched_name_position. Same-day GDFM draft-era snapshot; exact pre/post-draft cutoff is unknown.,2206
FantasyPros ECR,2026,2026-08-30,draft,half_ppr,173,QB26,Bryce Young,9228,QB,,,5,CAR,FantasyPros updated timestamp: 1788111282; average rank: 191.31; best: 121; worst: 484; stddev: 45.45; experts: 102; Sleeper match: matched_name_position. Same-day GDFM draft-era snapshot; exact pre/post-draft cutoff is unknown.,2207
FantasyPros ECR,2026,2026-08-30,draft,half_ppr,174,TE22,AJ Barner,11603,TE,,,11,SEA,FantasyPros updated timestamp: 1788111282; average rank: 199.07; best: 123; worst: 265; stddev: 26.11; experts: 103; Sleeper match: matched_name_position. Same-day GDFM draft-era snapshot; exact pre/post-draft cutoff is unknown.,2208
FantasyPros ECR,2026,2026-08-30,draft,half_ppr,175,TE23,T.J. Hockenson,5844,TE,,,6,MIN,FantasyPros updated timestamp: 1788111282; average rank: 198.87; best: 125; worst: 257; stddev: 26.04; experts: 102; Sleeper match: matched_name_position. Same-day GDFM draft-era snapshot; exact pre/post-draft cutoff is unknown.,2209
FantasyPros ECR,2026,2026-08-30,draft,half_ppr,176,RB59,Kimani Vidal,11647,RB,,,7,LAC,FantasyPros updated timestamp: 1788111282; average rank: 192.79; best: 145; worst: 371; stddev: 36.23; experts: 101; Sleeper match: matched_name_position. Same-day GDFM draft-era snapshot; exact pre/post-draft cutoff is unknown.,2210
FantasyPros ECR,2026,2026-08-30,draft,half_ppr,177,WR69,Jalen Nailor,8180,WR,,,13,LV,FantasyPros updated timestamp: 1788111282; average rank: 193.89; best: 126; worst: 309; stddev: 35.19; experts: 101; Sleeper match: matched_name_position. Same-day GDFM draft-era snapshot; exact pre/post-draft cutoff is unknown.,2211
FantasyPros ECR,2026,2026-08-30,draft,half_ppr,178,WR70,Omar Cooper Jr.,13276,WR,,,13,NYJ,FantasyPros updated timestamp: 1788111282; average rank: 188.12; best: 134; worst: 318; stddev: 34.67; experts: 100; Sleeper match: matched_name_position. Same-day GDFM draft-era snapshot; exact pre/post-draft cutoff is unknown.,2212
FantasyPros ECR,2026,2026-08-30,draft,half_ppr,179,WR71,Calvin Ridley,4981,WR,,,9,TEN,FantasyPros updated timestamp: 1788111282; average rank: 204.05; best: 134; worst: 310; stddev: 34.52; experts: 102; Sleeper match: matched_name_position. Same-day GDFM draft-era snapshot; exact pre/post-draft cutoff is unknown.,2213
FantasyPros ECR,2026,2026-08-30,draft,half_ppr,180,RB60,Emmett Johnson,13337,RB,,,5,KC,FantasyPros updated timestamp: 1788111282; average rank: 182.17; best: 125; worst: 269; stddev: 33.32; experts: 99; Sleeper match: matched_name_position. Same-day GDFM draft-era snapshot; exact pre/post-draft cutoff is unknown.,2214
FantasyPros ECR,2026,2026-08-30,draft,half_ppr,181,WR72,Malik Washington,11610,WR,,,6,MIA,FantasyPros updated timestamp: 1788111282; average rank: 200.10; best: 122; worst: 295; stddev: 33.94; experts: 101; Sleeper match: matched_name_position. Same-day GDFM draft-era snapshot; exact pre/post-draft cutoff is unknown.,2215
FantasyPros ECR,2026,2026-08-30,draft,half_ppr,182,TE24,Kenyon Sadiq,13330,TE,,,13,NYJ,FantasyPros updated timestamp: 1788111282; average rank: 212.43; best: 140; worst: 374; stddev: 33.98; experts: 102; Sleeper match: matched_name_position. Same-day GDFM draft-era snapshot; exact pre/post-draft cutoff is unknown.,2216
FantasyPros ECR,2026,2026-08-30,draft,half_ppr,183,WR73,Keenan Allen,1479,WR,,,13,IND,FantasyPros updated timestamp: 1788111282; average rank: 198.49; best: 108; worst: 300; stddev: 58.48; experts: 100; Sleeper match: matched_name_position. Same-day GDFM draft-era snapshot; exact pre/post-draft cutoff is unknown.,2217
FantasyPros ECR,2026,2026-08-30,draft,half_ppr,184,TE25,Oronde Gadsden II,12493,TE,,,7,LAC,FantasyPros updated timestamp: 1788111282; average rank: 198.90; best: 111; worst: 289; stddev: 37.62; experts: 100; Sleeper match: matched_name_position. Same-day GDFM draft-era snapshot; exact pre/post-draft cutoff is unknown.,2218
FantasyPros ECR,2026,2026-08-30,draft,half_ppr,185,DST1,Houston Texans,HOU,DEF,,,8,HOU,FantasyPros updated timestamp: 1788111282; average rank: 156.44; best: 122; worst: 313; stddev: 24.25; experts: 94; Sleeper match: team_abbreviation. Same-day GDFM draft-era snapshot; exact pre/post-draft cutoff is unknown.,2219
FantasyPros ECR,2026,2026-08-30,draft,half_ppr,186,QB27,Jacoby Brissett,3257,QB,,,14,ARI,FantasyPros updated timestamp: 1788111282; average rank: 212.79; best: 126; worst: 483; stddev: 49.42; experts: 101; Sleeper match: matched_name_position. Same-day GDFM draft-era snapshot; exact pre/post-draft cutoff is unknown.,2220
FantasyPros ECR,2026,2026-08-30,draft,half_ppr,187,RB61,Nicholas Singleton,13288,RB,,,9,TEN,FantasyPros updated timestamp: 1788111282; average rank: 207.39; best: 145; worst: 336; stddev: 36.30; experts: 100; Sleeper match: matched_name_position. Same-day GDFM draft-era snapshot; exact pre/post-draft cutoff is unknown.,2221
FantasyPros ECR,2026,2026-08-30,draft,half_ppr,188,RB62,Sean Tucker,9506,RB,,,10,TB,FantasyPros updated timestamp: 1788111282; average rank: 202.96; best: 145; worst: 337; stddev: 37.10; experts: 99; Sleeper match: matched_name_position. Same-day GDFM draft-era snapshot; exact pre/post-draft cutoff is unknown.,2222
FantasyPros ECR,2026,2026-08-30,draft,half_ppr,189,WR74,Jaylin Noel,12536,WR,,,8,HOU,FantasyPros updated timestamp: 1788111282; average rank: 204.92; best: 141; worst: 299; stddev: 29.56; experts: 99; Sleeper match: matched_name_position. Same-day GDFM draft-era snapshot; exact pre/post-draft cutoff is unknown.,2223
FantasyPros ECR,2026,2026-08-30,draft,half_ppr,190,DST2,Denver Broncos,DEN,DEF,,,10,DEN,FantasyPros updated timestamp: 1788111282; average rank: 165.39; best: 131; worst: 315; stddev: 23.12; experts: 94; Sleeper match: team_abbreviation. Same-day GDFM draft-era snapshot; exact pre/post-draft cutoff is unknown.,2224
FantasyPros ECR,2026,2026-08-30,draft,half_ppr,191,WR75,Travis Hunter,12530,WR,,,7,JAC,FantasyPros updated timestamp: 1788111282; average rank: 191.77; best: 108; worst: 301; stddev: 34.78; experts: 97; Sleeper match: matched_name_position. Same-day GDFM draft-era snapshot; exact pre/post-draft cutoff is unknown.,2225
FantasyPros ECR,2026,2026-08-30,draft,half_ppr,192,DST3,Los Angeles Rams,LAR,DEF,,,11,LAR,FantasyPros updated timestamp: 1788111282; average rank: 168.80; best: 114; worst: 317; stddev: 23.07; experts: 94; Sleeper match: team_abbreviation. Same-day GDFM draft-era snapshot; exact pre/post-draft cutoff is unknown.,2226
FantasyPros ECR,2026,2026-08-30,draft,half_ppr,193,DST4,Seattle Seahawks,SEA,DEF,,,11,SEA,FantasyPros updated timestamp: 1788111282; average rank: 169.02; best: 132; worst: 319; stddev: 22.41; experts: 94; Sleeper match: team_abbreviation. Same-day GDFM draft-era snapshot; exact pre/post-draft cutoff is unknown.,2227
FantasyPros ECR,2026,2026-08-30,draft,half_ppr,194,TE26,Gunnar Helm,12502,TE,,,9,TEN,FantasyPros updated timestamp: 1788111282; average rank: 223.64; best: 143; worst: 289; stddev: 27.74; experts: 101; Sleeper match: matched_name_position. Same-day GDFM draft-era snapshot; exact pre/post-draft cutoff is unknown.,2228
FantasyPros ECR,2026,2026-08-30,draft,half_ppr,195,RB63,Jaydon Blue,12457,RB,,,14,DAL,FantasyPros updated timestamp: 1788111282; average rank: 216.73; best: 129; worst: 370; stddev: 44.58; experts: 100; Sleeper match: matched_name_position. Same-day GDFM draft-era snapshot; exact pre/post-draft cutoff is unknown.,2229
FantasyPros ECR,2026,2026-08-30,draft,half_ppr,196,DST5,Jacksonville Jaguars,JAC,DEF,,,7,JAC,FantasyPros updated timestamp: 1788111282; average rank: 192.06; best: 147; worst: 342; stddev: 30.37; experts: 96; Sleeper match: team_abbreviation. Same-day GDFM draft-era snapshot; exact pre/post-draft cutoff is unknown.,2230
FantasyPros ECR,2026,2026-08-30,draft,half_ppr,197,DST6,Philadelphia Eagles,PHI,DEF,,,10,PHI,FantasyPros updated timestamp: 1788111282; average rank: 177.13; best: 135; worst: 321; stddev: 23.06; experts: 94; Sleeper match: team_abbreviation. Same-day GDFM draft-era snapshot; exact pre/post-draft cutoff is unknown.,2231
FantasyPros ECR,2026,2026-08-30,draft,half_ppr,198,DST7,New England Patriots,NE,DEF,,,11,NE,FantasyPros updated timestamp: 1788111282; average rank: 188.38; best: 155; worst: 356; stddev: 27.05; experts: 95; Sleeper match: team_abbreviation. Same-day GDFM draft-era snapshot; exact pre/post-draft cutoff is unknown.,2232
FantasyPros ECR,2026,2026-08-30,draft,half_ppr,199,DST8,Pittsburgh Steelers,PIT,DEF,,,9,PIT,FantasyPros updated timestamp: 1788111282; average rank: 189.49; best: 154; worst: 336; stddev: 26.08; experts: 95; Sleeper match: team_abbreviation. Same-day GDFM draft-era snapshot; exact pre/post-draft cutoff is unknown.,2233
FantasyPros ECR,2026,2026-08-30,draft,half_ppr,200,RB64,George Holani,12048,RB,,,11,SEA,FantasyPros updated timestamp: 1788111282; average rank: 235.01; best: 151; worst: 555; stddev: 48.80; experts: 101; Sleeper match: matched_name_position. Same-day GDFM draft-era snapshot; exact pre/post-draft cutoff is unknown.,2234
FantasyPros ECR,2026,2026-08-30,draft,half_ppr,201,WR76,Cooper Kupp,4039,WR,,,11,SEA,FantasyPros updated timestamp: 1788111282; average rank: 229.41; best: 155; worst: 292; stddev: 30.39; experts: 100; Sleeper match: matched_name_position. Same-day GDFM draft-era snapshot; exact pre/post-draft cutoff is unknown.,2235
FantasyPros ECR,2026,2026-08-30,draft,half_ppr,202,K1,Brandon Aubrey,11533,K,,,14,DAL,FantasyPros updated timestamp: 1788111282; average rank: 183.32; best: 115; worst: 312; stddev: 24.17; experts: 94; Sleeper match: matched_name_position. Same-day GDFM draft-era snapshot; exact pre/post-draft cutoff is unknown.,2236
FantasyPros ECR,2026,2026-08-30,draft,half_ppr,203,TE27,Pat Freiermuth,7600,TE,,,9,PIT,FantasyPros updated timestamp: 1788111282; average rank: 229.56; best: 157; worst: 289; stddev: 26.80; experts: 100; Sleeper match: matched_name_position. Same-day GDFM draft-era snapshot; exact pre/post-draft cutoff is unknown.,2237
FantasyPros ECR,2026,2026-08-30,draft,half_ppr,204,WR77,Rashod Bateman,7571,WR,,,13,BAL,FantasyPros updated timestamp: 1788111282; average rank: 222.59; best: 160; worst: 295; stddev: 29.89; experts: 99; Sleeper match: matched_name_position. Same-day GDFM draft-era snapshot; exact pre/post-draft cutoff is unknown.,2238
FantasyPros ECR,2026,2026-08-30,draft,half_ppr,205,DST9,Los Angeles Chargers,LAC,DEF,,,7,LAC,FantasyPros updated timestamp: 1788111282; average rank: 194.78; best: 156; worst: 331; stddev: 26.98; experts: 95; Sleeper match: team_abbreviation. Same-day GDFM draft-era snapshot; exact pre/post-draft cutoff is unknown.,2239
FantasyPros ECR,2026,2026-08-30,draft,half_ppr,206,K2,Cameron Dicker,8259,K,,,7,LAC,FantasyPros updated timestamp: 1788111282; average rank: 195.26; best: 137; worst: 318; stddev: 24.57; experts: 95; Sleeper match: matched_name_position. Same-day GDFM draft-era snapshot; exact pre/post-draft cutoff is unknown.,2240
FantasyPros ECR,2026,2026-08-30,draft,half_ppr,207,DST10,Minnesota Vikings,MIN,DEF,,,6,MIN,FantasyPros updated timestamp: 1788111282; average rank: 187.22; best: 153; worst: 327; stddev: 23.68; experts: 94; Sleeper match: team_abbreviation. Same-day GDFM draft-era snapshot; exact pre/post-draft cutoff is unknown.,2241
FantasyPros ECR,2026,2026-08-30,draft,half_ppr,208,RB65,Kaytron Allen,13405,RB,,,7,WAS,FantasyPros updated timestamp: 1788111282; average rank: 219.08; best: 144; worst: 347; stddev: 35.68; experts: 98; Sleeper match: matched_name_position. Same-day GDFM draft-era snapshot; exact pre/post-draft cutoff is unknown.,2242
FantasyPros ECR,2026,2026-08-30,draft,half_ppr,209,K3,Ka'imi Fairbairn,3451,K,,,8,HOU,FantasyPros updated timestamp: 1788111282; average rank: 192.51; best: 114; worst: 316; stddev: 22.01; experts: 94; Sleeper match: matched_name_position. Same-day GDFM draft-era snapshot; exact pre/post-draft cutoff is unknown.,2243
FantasyPros ECR,2026,2026-08-30,draft,half_ppr,210,QB28,Geno Smith,1373,QB,,,13,NYJ,FantasyPros updated timestamp: 1788111282; average rank: 240.00; best: 132; worst: 488; stddev: 42.81; experts: 100; Sleeper match: matched_name_position. Same-day GDFM draft-era snapshot; exact pre/post-draft cutoff is unknown.,2244
FantasyPros ECR,2026,2026-08-30,draft,half_ppr,211,QB29,Aaron Rodgers,96,QB,,,9,PIT,FantasyPros updated timestamp: 1788111282; average rank: 233.60; best: 124; worst: 485; stddev: 44.77; experts: 99; Sleeper match: matched_name_position. Same-day GDFM draft-era snapshot; exact pre/post-draft cutoff is unknown.,2245
FantasyPros ECR,2026,2026-08-30,draft,half_ppr,212,TE28,Cade Otton,8111,TE,,,10,TB,FantasyPros updated timestamp: 1788111282; average rank: 235.65; best: 179; worst: 287; stddev: 24.20; experts: 99; Sleeper match: matched_name_position. Same-day GDFM draft-era snapshot; exact pre/post-draft cutoff is unknown.,2246
FantasyPros ECR,2026,2026-08-30,draft,half_ppr,213,WR78,Darnell Mooney,7090,WR,,,8,NYG,FantasyPros updated timestamp: 1788111282; average rank: 221.98; best: 166; worst: 343; stddev: 27.58; experts: 97; Sleeper match: matched_name_position. Same-day GDFM draft-era snapshot; exact pre/post-draft cutoff is unknown.,2247
FantasyPros ECR,2026,2026-08-30,draft,half_ppr,214,DST11,Kansas City Chiefs,KC,DEF,,,5,KC,FantasyPros updated timestamp: 1788111282; average rank: 214.48; best: 176; worst: 348; stddev: 29.07; experts: 96; Sleeper match: team_abbreviation. Same-day GDFM draft-era snapshot; exact pre/post-draft cutoff is unknown.,2248
FantasyPros ECR,2026,2026-08-30,draft,half_ppr,215,K4,Cam Little,11786,K,,,7,JAC,FantasyPros updated timestamp: 1788111282; average rank: 199.41; best: 148; worst: 318; stddev: 22.12; experts: 94; Sleeper match: matched_name_position. Same-day GDFM draft-era snapshot; exact pre/post-draft cutoff is unknown.,2249
FantasyPros ECR,2026,2026-08-30,draft,half_ppr,216,DST12,Baltimore Ravens,BAL,DEF,,,13,BAL,FantasyPros updated timestamp: 1788111282; average rank: 199.60; best: 160; worst: 333; stddev: 24.69; experts: 94; Sleeper match: team_abbreviation. Same-day GDFM draft-era snapshot; exact pre/post-draft cutoff is unknown.,2250
FantasyPros ECR,2026,2026-08-30,draft,half_ppr,217,RB66,James Conner,4137,RB,,,14,ARI,FantasyPros updated timestamp: 1788111282; average rank: 208.02; best: 127; worst: 344; stddev: 39.89; experts: 95; Sleeper match: matched_name_position. Same-day GDFM draft-era snapshot; exact pre/post-draft cutoff is unknown.,2251
FantasyPros ECR,2026,2026-08-30,draft,half_ppr,218,WR79,Isaac TeSlaa,12535,WR,,,6,DET,FantasyPros updated timestamp: 1788111282; average rank: 216.12; best: 162; worst: 302; stddev: 26.14; experts: 96; Sleeper match: matched_name_position. Same-day GDFM draft-era snapshot; exact pre/post-draft cutoff is unknown.,2252
FantasyPros ECR,2026,2026-08-30,draft,half_ppr,219,WR80,Tank Dell,9502,WR,,,8,HOU,FantasyPros updated timestamp: 1788111282; average rank: 216.96; best: 137; worst: 292; stddev: 32.66; experts: 96; Sleeper match: matched_name_position. Same-day GDFM draft-era snapshot; exact pre/post-draft cutoff is unknown.,2253
FantasyPros ECR,2026,2026-08-30,draft,half_ppr,220,RB67,Emanuel Wilson,11435,RB,,,11,SEA,FantasyPros updated timestamp: 1788111282; average rank: 215.86; best: 157; worst: 335; stddev: 37.45; experts: 95; Sleeper match: matched_name_position. Same-day GDFM draft-era snapshot; exact pre/post-draft cutoff is unknown.,2254
FantasyPros ECR,2026,2026-08-30,draft,half_ppr,221,K5,Jason Myers,2747,K,,,11,SEA,FantasyPros updated timestamp: 1788111282; average rank: 200.28; best: 138; worst: 320; stddev: 21.57; experts: 93; Sleeper match: matched_name_position. Same-day GDFM draft-era snapshot; exact pre/post-draft cutoff is unknown.,2255
FantasyPros ECR,2026,2026-08-30,draft,half_ppr,222,RB68,Jaylen Wright,11643,RB,,,6,MIA,FantasyPros updated timestamp: 1788111282; average rank: 225.44; best: 155; worst: 340; stddev: 28.34; experts: 96; Sleeper match: matched_name_position. Same-day GDFM draft-era snapshot; exact pre/post-draft cutoff is unknown.,2256
FantasyPros ECR,2026,2026-08-30,draft,half_ppr,223,K6,Tyler Loop,12711,K,,,13,BAL,FantasyPros updated timestamp: 1788111282; average rank: 211.72; best: 152; worst: 324; stddev: 22.68; experts: 94; Sleeper match: matched_name_position. Same-day GDFM draft-era snapshot; exact pre/post-draft cutoff is unknown.,2257
FantasyPros ECR,2026,2026-08-30,draft,half_ppr,224,DST13,Green Bay Packers,GB,DEF,,,11,GB,FantasyPros updated timestamp: 1788111282; average rank: 206.07; best: 156; worst: 350; stddev: 32.91; experts: 93; Sleeper match: team_abbreviation. Same-day GDFM draft-era snapshot; exact pre/post-draft cutoff is unknown.,2258
FantasyPros ECR,2026,2026-08-30,draft,half_ppr,225,K7,Jake Bates,11539,K,,,6,DET,FantasyPros updated timestamp: 1788111282; average rank: 224.89; best: 154; worst: 326; stddev: 22.20; experts: 95; Sleeper match: matched_name_position. Same-day GDFM draft-era snapshot; exact pre/post-draft cutoff is unknown.,2259
FantasyPros ECR,2026,2026-08-30,draft,half_ppr,226,K8,Eddy Pineiro,5189,K,,,8,SF,FantasyPros updated timestamp: 1788111282; average rank: 210.73; best: 153; worst: 322; stddev: 20.90; experts: 93; Sleeper match: matched_name_position. Same-day GDFM draft-era snapshot; exact pre/post-draft cutoff is unknown.,2260
FantasyPros ECR,2026,2026-08-30,draft,half_ppr,227,K9,Harrison Mevis,12015,K,,,11,LAR,FantasyPros updated timestamp: 1788111282; average rank: 231.79; best: 155; worst: 336; stddev: 24.21; experts: 95; Sleeper match: matched_name_position. Same-day GDFM draft-era snapshot; exact pre/post-draft cutoff is unknown.,2261
FantasyPros ECR,2026,2026-08-30,draft,half_ppr,228,RB69,Kaelon Black,13414,RB,,,8,SF,FantasyPros updated timestamp: 1788111282; average rank: 219.77; best: 135; worst: 320; stddev: 50.75; experts: 93; Sleeper match: matched_name_position. Same-day GDFM draft-era snapshot; exact pre/post-draft cutoff is unknown.,2262
FantasyPros ECR,2026,2026-08-30,draft,half_ppr,229,RB70,Justice Hill,5995,RB,,,13,BAL,FantasyPros updated timestamp: 1788111282; average rank: 235.27; best: 140; worst: 303; stddev: 38.15; experts: 95; Sleeper match: matched_name_position. Same-day GDFM draft-era snapshot; exact pre/post-draft cutoff is unknown.,2263
FantasyPros ECR,2026,2026-08-30,draft,half_ppr,230,DST14,Detroit Lions,DET,DEF,,,6,DET,FantasyPros updated timestamp: 1788111282; average rank: 223.36; best: 177; worst: 341; stddev: 32.22; experts: 93; Sleeper match: team_abbreviation. Same-day GDFM draft-era snapshot; exact pre/post-draft cutoff is unknown.,2264
FantasyPros ECR,2026,2026-08-30,draft,half_ppr,231,WR81,Germie Bernard,13274,WR,,,9,PIT,FantasyPros updated timestamp: 1788111282; average rank: 235.05; best: 159; worst: 295; stddev: 28.69; experts: 94; Sleeper match: matched_name_position. Same-day GDFM draft-era snapshot; exact pre/post-draft cutoff is unknown.,2265
FantasyPros ECR,2026,2026-08-30,draft,half_ppr,232,WR82,Troy Franklin,11627,WR,,,10,DEN,FantasyPros updated timestamp: 1788111282; average rank: 220.31; best: 145; worst: 314; stddev: 36.08; experts: 92; Sleeper match: matched_name_position. Same-day GDFM draft-era snapshot; exact pre/post-draft cutoff is unknown.,2266
FantasyPros ECR,2026,2026-08-30,draft,half_ppr,233,TE29,David Njoku,4033,TE,,,7,LAC,FantasyPros updated timestamp: 1788111282; average rank: 243.59; best: 157; worst: 352; stddev: 29.35; experts: 95; Sleeper match: matched_name_position. Same-day GDFM draft-era snapshot; exact pre/post-draft cutoff is unknown.,2267
FantasyPros ECR,2026,2026-08-30,draft,half_ppr,234,DST15,Buffalo Bills,BUF,DEF,,,7,BUF,FantasyPros updated timestamp: 1788111282; average rank: 229.21; best: 184; worst: 353; stddev: 30.82; experts: 93; Sleeper match: team_abbreviation. Same-day GDFM draft-era snapshot; exact pre/post-draft cutoff is unknown.,2268
FantasyPros ECR,2026,2026-08-30,draft,half_ppr,235,WR83,Zachariah Branch,13320,WR,,,11,ATL,FantasyPros updated timestamp: 1788111282; average rank: 235.09; best: 158; worst: 295; stddev: 33.85; experts: 93; Sleeper match: matched_name_position. Same-day GDFM draft-era snapshot; exact pre/post-draft cutoff is unknown.,2269
FantasyPros ECR,2026,2026-08-30,draft,half_ppr,236,K10,Cairo Santos,2020,K,,,10,CHI,FantasyPros updated timestamp: 1788111282; average rank: 220.60; best: 177; worst: 330; stddev: 22.21; experts: 91; Sleeper match: matched_name_position. Same-day GDFM draft-era snapshot; exact pre/post-draft cutoff is unknown.,2270
FantasyPros ECR,2026,2026-08-30,draft,half_ppr,237,WR84,Devaughn Vele,11834,WR,,,8,NO,FantasyPros updated timestamp: 1788111282; average rank: 245.06; best: 147; worst: 306; stddev: 40.27; experts: 94; Sleeper match: matched_name_position. Same-day GDFM draft-era snapshot; exact pre/post-draft cutoff is unknown.,2271
FantasyPros ECR,2026,2026-08-30,draft,half_ppr,238,K11,Chase McLaughlin,6650,K,,,10,TB,FantasyPros updated timestamp: 1788111282; average rank: 230.54; best: 182; worst: 334; stddev: 23.86; experts: 92; Sleeper match: matched_name_position. Same-day GDFM draft-era snapshot; exact pre/post-draft cutoff is unknown.,2272
FantasyPros ECR,2026,2026-08-30,draft,half_ppr,239,WR85,Chris Bell,13311,WR,,,6,MIA,FantasyPros updated timestamp: 1788111282; average rank: 239.15; best: 148; worst: 329; stddev: 40.18; experts: 93; Sleeper match: matched_name_position. Same-day GDFM draft-era snapshot; exact pre/post-draft cutoff is unknown.,2273
FantasyPros ECR,2026,2026-08-30,draft,half_ppr,240,RB71,Demond Claiborne,13347,RB,,,6,MIN,FantasyPros updated timestamp: 1788111282; average rank: 239.34; best: 148; worst: 336; stddev: 33.44; experts: 93; Sleeper match: matched_name_position. Same-day GDFM draft-era snapshot; exact pre/post-draft cutoff is unknown.,2274
FantasyPros ECR,2026,2026-08-30,draft,half_ppr,241,WR86,Keon Coleman,11637,WR,,,7,BUF,FantasyPros updated timestamp: 1788111282; average rank: 247.85; best: 162; worst: 339; stddev: 32.18; experts: 94; Sleeper match: matched_name_position. Same-day GDFM draft-era snapshot; exact pre/post-draft cutoff is unknown.,2275
FantasyPros ECR,2026,2026-08-30,draft,half_ppr,242,K12,Evan McPherson,7839,K,,,6,CIN,FantasyPros updated timestamp: 1788111282; average rank: 217.48; best: 177; worst: 328; stddev: 24.06; experts: 90; Sleeper match: matched_name_position. Same-day GDFM draft-era snapshot; exact pre/post-draft cutoff is unknown.,2276
FantasyPros ECR,2026,2026-08-30,draft,half_ppr,243,RB72,Najee Harris,7528,RB,,,8,NYG,FantasyPros updated timestamp: 1788111282; average rank: 234.05; best: 153; worst: 346; stddev: 49.08; experts: 92; Sleeper match: matched_name_position. Same-day GDFM draft-era snapshot; exact pre/post-draft cutoff is unknown.,2277
FantasyPros ECR,2026,2026-08-30,draft,half_ppr,244,DST16,Cleveland Browns,CLE,DEF,,,11,CLE,FantasyPros updated timestamp: 1788111282; average rank: 218.09; best: 160; worst: 343; stddev: 35.11; experts: 90; Sleeper match: team_abbreviation. Same-day GDFM draft-era snapshot; exact pre/post-draft cutoff is unknown.,2278
FantasyPros ECR,2026,2026-08-30,draft,half_ppr,245,WR87,Malachi Fields,13285,WR,,,8,NYG,FantasyPros updated timestamp: 1788111282; average rank: 235.40; best: 157; worst: 333; stddev: 36.27; experts: 92; Sleeper match: matched_name_position. Same-day GDFM draft-era snapshot; exact pre/post-draft cutoff is unknown.,2279
FantasyPros ECR,2026,2026-08-30,draft,half_ppr,246,QB30,Fernando Mendoza,13269,QB,,,13,LV,FantasyPros updated timestamp: 1788111282; average rank: 266.44; best: 171; worst: 708; stddev: 59.58; experts: 96; Sleeper match: matched_name_position. Same-day GDFM draft-era snapshot; exact pre/post-draft cutoff is unknown.,2280
FantasyPros ECR,2026,2026-08-30,draft,half_ppr,247,TE30,Evan Engram,4066,TE,,,10,DEN,FantasyPros updated timestamp: 1788111282; average rank: 253.51; best: 193; worst: 299; stddev: 22.29; experts: 94; Sleeper match: matched_name_position. Same-day GDFM draft-era snapshot; exact pre/post-draft cutoff is unknown.,2281
FantasyPros ECR,2026,2026-08-30,draft,half_ppr,248,WR88,Jack Bech,12483,WR,,,13,LV,FantasyPros updated timestamp: 1788111282; average rank: 246.78; best: 149; worst: 327; stddev: 31.26; experts: 93; Sleeper match: matched_name_position. Same-day GDFM draft-era snapshot; exact pre/post-draft cutoff is unknown.,2282
FantasyPros ECR,2026,2026-08-30,draft,half_ppr,249,RB73,Samaje Perine,4147,RB,,,6,CIN,FantasyPros updated timestamp: 1788111282; average rank: 255.16; best: 146; worst: 317; stddev: 38.58; experts: 94; Sleeper match: matched_name_position. Same-day GDFM draft-era snapshot; exact pre/post-draft cutoff is unknown.,2283
FantasyPros ECR,2026,2026-08-30,draft,half_ppr,250,WR89,Antonio Williams,13301,WR,,,7,WAS,FantasyPros updated timestamp: 1788111282; average rank: 232.63; best: 146; worst: 367; stddev: 40.97; experts: 91; Sleeper match: matched_name_position. Same-day GDFM draft-era snapshot; exact pre/post-draft cutoff is unknown.,2284
FantasyPros ECR,2026,2026-08-30,draft,half_ppr,251,K13,Andy Borregales,12713,K,,,11,NE,FantasyPros updated timestamp: 1788111282; average rank: 225.63; best: 181; worst: 332; stddev: 23.56; experts: 90; Sleeper match: matched_name_position. Same-day GDFM draft-era snapshot; exact pre/post-draft cutoff is unknown.,2285
FantasyPros ECR,2026,2026-08-30,draft,half_ppr,252,RB74,Jordan James,12467,RB,,,8,SF,FantasyPros updated timestamp: 1788111282; average rank: 252.65; best: 161; worst: 331; stddev: 36.32; experts: 93; Sleeper match: matched_name_position. Same-day GDFM draft-era snapshot; exact pre/post-draft cutoff is unknown.,2286
FantasyPros ECR,2026,2026-08-30,draft,half_ppr,253,RB75,Chris Brooks,11370,RB,,,11,GB,FantasyPros updated timestamp: 1788111282; average rank: 260.67; best: 174; worst: 557; stddev: 42.84; experts: 94; Sleeper match: matched_name_position. Same-day GDFM draft-era snapshot; exact pre/post-draft cutoff is unknown.,2287
FantasyPros ECR,2026,2026-08-30,draft,half_ppr,254,RB76,Malik Davis,8800,RB,,,14,DAL,FantasyPros updated timestamp: 1788111282; average rank: 249.79; best: 166; worst: 333; stddev: 31.08; experts: 92; Sleeper match: matched_name_position. Same-day GDFM draft-era snapshot; exact pre/post-draft cutoff is unknown.,2288
FantasyPros ECR,2026,2026-08-30,draft,half_ppr,255,RB77,Isaiah Davis,11571,RB,,,13,NYJ,FantasyPros updated timestamp: 1788111282; average rank: 254.32; best: 174; worst: 372; stddev: 26.67; experts: 92; Sleeper match: matched_name_position. Same-day GDFM draft-era snapshot; exact pre/post-draft cutoff is unknown.,2289
FantasyPros ECR,2026,2026-08-30,draft,half_ppr,256,K14,Harrison Butker,4227,K,,,5,KC,FantasyPros updated timestamp: 1788111282; average rank: 248.22; best: 197; worst: 342; stddev: 26.37; experts: 91; Sleeper match: matched_name_position. Same-day GDFM draft-era snapshot; exact pre/post-draft cutoff is unknown.,2290
FantasyPros ECR,2026,2026-08-30,draft,half_ppr,257,TE31,Colby Parkinson,6865,TE,,,11,LAR,FantasyPros updated timestamp: 1788111282; average rank: 256.07; best: 204; worst: 334; stddev: 23.11; experts: 92; Sleeper match: matched_name_position. Same-day GDFM draft-era snapshot; exact pre/post-draft cutoff is unknown.,2291
FantasyPros ECR,2026,2026-08-30,draft,half_ppr,258,RB78,Ollie Gordon II,12495,RB,,,6,MIA,FantasyPros updated timestamp: 1788111282; average rank: 241.38; best: 166; worst: 456; stddev: 33.56; experts: 90; Sleeper match: matched_name_position. Same-day GDFM draft-era snapshot; exact pre/post-draft cutoff is unknown.,2292
FantasyPros ECR,2026,2026-08-30,draft,half_ppr,259,WR90,Ja'Kobi Lane,13293,WR,,,13,BAL,FantasyPros updated timestamp: 1788111282; average rank: 209.69; best: 141; worst: 320; stddev: 47.12; experts: 86; Sleeper match: matched_name_position. Same-day GDFM draft-era snapshot; exact pre/post-draft cutoff is unknown.,2293
FantasyPros ECR,2026,2026-08-30,draft,half_ppr,260,QB31,Tua Tagovailoa,6768,QB,,,11,ATL,FantasyPros updated timestamp: 1788111282; average rank: 284.27; best: 142; worst: 706; stddev: 55.57; experts: 94; Sleeper match: matched_name_position. Same-day GDFM draft-era snapshot; exact pre/post-draft cutoff is unknown.,2294
FantasyPros ECR,2026,2026-08-30,draft,half_ppr,261,WR91,Ted Hurst III,13317,WR,,,10,TB,FantasyPros updated timestamp: 1788111282; average rank: 239.07; best: 148; worst: 396; stddev: 39.59; experts: 88; Sleeper match: matched_name_position. Same-day GDFM draft-era snapshot; exact pre/post-draft cutoff is unknown.,2295
FantasyPros ECR,2026,2026-08-30,draft,half_ppr,262,WR92,Tyquan Thornton,8188,WR,,,5,KC,FantasyPros updated timestamp: 1788111282; average rank: 256.56; best: 162; worst: 318; stddev: 34.21; experts: 90; Sleeper match: matched_name_position. Same-day GDFM draft-era snapshot; exact pre/post-draft cutoff is unknown.,2296
FantasyPros ECR,2026,2026-08-30,draft,half_ppr,263,RB79,Ty Johnson,6039,RB,,,7,BUF,FantasyPros updated timestamp: 1788111282; average rank: 256.73; best: 172; worst: 345; stddev: 30.97; experts: 90; Sleeper match: matched_name_position. Same-day GDFM draft-era snapshot; exact pre/post-draft cutoff is unknown.,2297
FantasyPros ECR,2026,2026-08-30,draft,half_ppr,264,RB80,LeQuint Allen Jr.,12544,RB,,,7,JAC,FantasyPros updated timestamp: 1788111282; average rank: 273.18; best: 187; worst: 558; stddev: 40.07; experts: 92; Sleeper match: matched_name_position. Same-day GDFM draft-era snapshot; exact pre/post-draft cutoff is unknown.,2298
FantasyPros ECR,2026,2026-08-30,draft,half_ppr,265,K15,Chris Boswell,1945,K,,,9,PIT,FantasyPros updated timestamp: 1788111282; average rank: 243.09; best: 184; worst: 338; stddev: 20.91; experts: 88; Sleeper match: matched_name_position. Same-day GDFM draft-era snapshot; exact pre/post-draft cutoff is unknown.,2299
FantasyPros ECR,2026,2026-08-30,draft,half_ppr,266,K16,Wil Lutz,3678,K,,,10,DEN,FantasyPros updated timestamp: 1788111282; average rank: 264.91; best: 180; worst: 344; stddev: 29.54; experts: 90; Sleeper match: matched_name_position. Same-day GDFM draft-era snapshot; exact pre/post-draft cutoff is unknown.,2300
FantasyPros ECR,2026,2026-08-30,draft,half_ppr,267,TE32,Greg Dulcich,8172,TE,,,6,MIA,FantasyPros updated timestamp: 1788111282; average rank: 204.68; best: 129; worst: 356; stddev: 42.93; experts: 82; Sleeper match: matched_name_position. Same-day GDFM draft-era snapshot; exact pre/post-draft cutoff is unknown.,2301
FantasyPros ECR,2026,2026-08-30,draft,half_ppr,268,QB32,Michael Penix Jr.,11559,QB,,,11,ATL,FantasyPros updated timestamp: 1788111282; average rank: 286.40; best: 157; worst: 487; stddev: 37.39; experts: 92; Sleeper match: matched_name_position. Same-day GDFM draft-era snapshot; exact pre/post-draft cutoff is unknown.,2302
FantasyPros ECR,2026,2026-08-30,draft,half_ppr,269,WR93,Tory Horton,12497,WR,,,11,SEA,FantasyPros updated timestamp: 1788111282; average rank: 257.49; best: 186; worst: 364; stddev: 28.16; experts: 88; Sleeper match: matched_name_position. Same-day GDFM draft-era snapshot; exact pre/post-draft cutoff is unknown.,2303
FantasyPros ECR,2026,2026-08-30,draft,half_ppr,270,WR94,Elic Ayomanor,12499,WR,,,9,TEN,FantasyPros updated timestamp: 1788111282; average rank: 252.35; best: 179; worst: 349; stddev: 33.06; experts: 87; Sleeper match: matched_name_position. Same-day GDFM draft-era snapshot; exact pre/post-draft cutoff is unknown.,2304
FantasyPros ECR,2026,2026-08-30,draft,half_ppr,271,RB81,DJ Giddens,12471,RB,,,13,IND,FantasyPros updated timestamp: 1788111282; average rank: 268.90; best: 200; worst: 552; stddev: 39.44; experts: 87; Sleeper match: matched_name_position. Same-day GDFM draft-era snapshot; exact pre/post-draft cutoff is unknown.,2305
FantasyPros ECR,2026,2026-08-30,draft,half_ppr,272,WR95,Caleb Douglas,13296,WR,,,6,MIA,FantasyPros updated timestamp: 1788111282; average rank: 200.03; best: 121; worst: 330; stddev: 51.77; experts: 79; Sleeper match: matched_name_position. Same-day GDFM draft-era snapshot; exact pre/post-draft cutoff is unknown.,2306
FantasyPros ECR,2026,2026-08-30,draft,half_ppr,273,QB33,Kirk Cousins,1166,QB,,,13,LV,FantasyPros updated timestamp: 1788111282; average rank: 294.67; best: 190; worst: 657; stddev: 47.19; experts: 90; Sleeper match: matched_name_position. Same-day GDFM draft-era snapshot; exact pre/post-draft cutoff is unknown.,2307
FantasyPros ECR,2026,2026-08-30,draft,half_ppr,274,WR96,Chimere Dike,12540,WR,,,9,TEN,FantasyPros updated timestamp: 1788111282; average rank: 247.60; best: 171; worst: 349; stddev: 36.05; experts: 84; Sleeper match: matched_name_position. Same-day GDFM draft-era snapshot; exact pre/post-draft cutoff is unknown.,2308
FantasyPros ECR,2026,2026-08-30,draft,half_ppr,275,WR97,Darius Slayton,6149,WR,,,8,NYG,FantasyPros updated timestamp: 1788111282; average rank: 266.81; best: 200; worst: 315; stddev: 25.72; experts: 86; Sleeper match: matched_name_position. Same-day GDFM draft-era snapshot; exact pre/post-draft cutoff is unknown.,2309
FantasyPros ECR,2026,2026-08-30,draft,half_ppr,276,RB82,Kendre Miller,9757,RB,,,8,NO,FantasyPros updated timestamp: 1788111282; average rank: 271.95; best: 170; worst: 387; stddev: 34.04; experts: 86; Sleeper match: matched_name_position. Same-day GDFM draft-era snapshot; exact pre/post-draft cutoff is unknown.,2310
FantasyPros ECR,2026,2026-08-30,draft,half_ppr,277,WR98,Christian Kirk,4950,WR,,,8,SF,FantasyPros updated timestamp: 1788111282; average rank: 266.17; best: 175; worst: 385; stddev: 32.71; experts: 84; Sleeper match: matched_name_position. Same-day GDFM draft-era snapshot; exact pre/post-draft cutoff is unknown.,2311
FantasyPros ECR,2026,2026-08-30,draft,half_ppr,278,K17,Will Reichard,11792,K,,,6,MIN,FantasyPros updated timestamp: 1788111282; average rank: 254.84; best: 159; worst: 340; stddev: 29.91; experts: 82; Sleeper match: matched_name_position. Same-day GDFM draft-era snapshot; exact pre/post-draft cutoff is unknown.,2312
FantasyPros ECR,2026,2026-08-30,draft,half_ppr,279,RB83,Seth McGowan,13424,RB,,,13,IND,FantasyPros updated timestamp: 1788111282; average rank: 256.53; best: 156; worst: 342; stddev: 40.89; experts: 82; Sleeper match: matched_name_position. Same-day GDFM draft-era snapshot; exact pre/post-draft cutoff is unknown.,2313
FantasyPros ECR,2026,2026-08-30,draft,half_ppr,280,WR99,Xavier Legette,11626,WR,,,5,CAR,FantasyPros updated timestamp: 1788111282; average rank: 268.41; best: 200; worst: 327; stddev: 30.77; experts: 83; Sleeper match: matched_name_position. Same-day GDFM draft-era snapshot; exact pre/post-draft cutoff is unknown.,2314
FantasyPros ECR,2026,2026-08-30,draft,half_ppr,281,QB34,Shedeur Sanders,12524,QB,,,11,CLE,FantasyPros updated timestamp: 1788111282; average rank: 300.20; best: 194; worst: 705; stddev: 51.12; experts: 86; Sleeper match: matched_name_position. Same-day GDFM draft-era snapshot; exact pre/post-draft cutoff is unknown.,2315
FantasyPros ECR,2026,2026-08-30,draft,half_ppr,282,TE33,Mason Taylor,12498,TE,,,13,NYJ,FantasyPros updated timestamp: 1788111282; average rank: 272.48; best: 220; worst: 357; stddev: 26.46; experts: 82; Sleeper match: matched_name_position. Same-day GDFM draft-era snapshot; exact pre/post-draft cutoff is unknown.,2316
FantasyPros ECR,2026,2026-08-30,draft,half_ppr,283,QB35,Deshaun Watson,4017,QB,,,11,CLE,FantasyPros updated timestamp: 1788111282; average rank: 294.16; best: 191; worst: 656; stddev: 48.99; experts: 84; Sleeper match: matched_name_position. Same-day GDFM draft-era snapshot; exact pre/post-draft cutoff is unknown.,2317
FantasyPros ECR,2026,2026-08-30,draft,half_ppr,284,DST17,Atlanta Falcons,ATL,DEF,,,11,ATL,FantasyPros updated timestamp: 1788111282; average rank: 267.72; best: 186; worst: 355; stddev: 36.86; experts: 80; Sleeper match: team_abbreviation. Same-day GDFM draft-era snapshot; exact pre/post-draft cutoff is unknown.,2318
FantasyPros ECR,2026,2026-08-30,draft,half_ppr,285,RB84,Adam Randall,13302,RB,,,13,BAL,FantasyPros updated timestamp: 1788111282; average rank: 275.53; best: 158; worst: 367; stddev: 33.12; experts: 80; Sleeper match: matched_name_position. Same-day GDFM draft-era snapshot; exact pre/post-draft cutoff is unknown.,2319
FantasyPros ECR,2026,2026-08-30,draft,half_ppr,286,WR100,Marvin Mims Jr.,9494,WR,,,10,DEN,FantasyPros updated timestamp: 1788111282; average rank: 271.05; best: 200; worst: 325; stddev: 26.60; experts: 78; Sleeper match: matched_name_position. Same-day GDFM draft-era snapshot; exact pre/post-draft cutoff is unknown.,2320
FantasyPros ECR,2026,2026-08-30,draft,half_ppr,287,RB85,Emari Demercado,11199,RB,,,5,KC,FantasyPros updated timestamp: 1788111282; average rank: 279.74; best: 161; worst: 347; stddev: 32.15; experts: 79; Sleeper match: matched_name_position. Same-day GDFM draft-era snapshot; exact pre/post-draft cutoff is unknown.,2321
FantasyPros ECR,2026,2026-08-30,draft,half_ppr,288,RB86,Devin Neal,12476,RB,,,8,NO,FantasyPros updated timestamp: 1788111282; average rank: 262.72; best: 165; worst: 453; stddev: 41.53; experts: 77; Sleeper match: matched_name_position. Same-day GDFM draft-era snapshot; exact pre/post-draft cutoff is unknown.,2322
FantasyPros ECR,2026,2026-08-30,draft,half_ppr,289,TE34,Theo Johnson,11597,TE,,,8,NYG,FantasyPros updated timestamp: 1788111282; average rank: 274.01; best: 182; worst: 344; stddev: 30.72; experts: 78; Sleeper match: matched_name_position. Same-day GDFM draft-era snapshot; exact pre/post-draft cutoff is unknown.,2323
FantasyPros ECR,2026,2026-08-30,draft,half_ppr,290,DST18,San Francisco 49ers,SF,DEF,,,8,SF,FantasyPros updated timestamp: 1788111282; average rank: 261.80; best: 199; worst: 361; stddev: 30.83; experts: 76; Sleeper match: team_abbreviation. Same-day GDFM draft-era snapshot; exact pre/post-draft cutoff is unknown.,2324
FantasyPros ECR,2026,2026-08-30,draft,half_ppr,291,WR101,Cyrus Allen,13413,WR,,,5,KC,FantasyPros updated timestamp: 1788111282; average rank: 212.94; best: 132; worst: 325; stddev: 53.44; experts: 70; Sleeper match: matched_name_position. Same-day GDFM draft-era snapshot; exact pre/post-draft cutoff is unknown.,2325
FantasyPros ECR,2026,2026-08-30,draft,half_ppr,292,WR102,Elijah Sarratt,13268,WR,,,13,BAL,FantasyPros updated timestamp: 1788111282; average rank: 262.72; best: 207; worst: 313; stddev: 20.69; experts: 75; Sleeper match: matched_name_position. Same-day GDFM draft-era snapshot; exact pre/post-draft cutoff is unknown.,2326
FantasyPros ECR,2026,2026-08-30,draft,half_ppr,293,RB87,Brashard Smith,12455,RB,,,5,KC,FantasyPros updated timestamp: 1788111282; average rank: 289.74; best: 212; worst: 568; stddev: 40.52; experts: 78; Sleeper match: matched_name_position. Same-day GDFM draft-era snapshot; exact pre/post-draft cutoff is unknown.,2327
FantasyPros ECR,2026,2026-08-30,draft,half_ppr,294,RB88,Devin Singletary,6130,RB,,,8,NYG,FantasyPros updated timestamp: 1788111282; average rank: 287.28; best: 218; worst: 386; stddev: 24.61; experts: 76; Sleeper match: matched_name_position. Same-day GDFM draft-era snapshot; exact pre/post-draft cutoff is unknown.,2328
FantasyPros ECR,2026,2026-08-30,draft,half_ppr,295,TE35,Eli Stowers,13349,TE,,,10,PHI,FantasyPros updated timestamp: 1788111282; average rank: 275.68; best: 195; worst: 376; stddev: 37.28; experts: 74; Sleeper match: matched_name_position. Same-day GDFM draft-era snapshot; exact pre/post-draft cutoff is unknown.,2329
FantasyPros ECR,2026,2026-08-30,draft,half_ppr,296,WR103,Kyle Williams,,WR,,,11,NE,FantasyPros updated timestamp: 1788111282; average rank: 268.47; best: 198; worst: 384; stddev: 37.28; experts: 73; Sleeper match: unmatched. Same-day GDFM draft-era snapshot; exact pre/post-draft cutoff is unknown.,2330
FantasyPros ECR,2026,2026-08-30,draft,half_ppr,297,RB89,Trevor Etienne,12531,RB,,,5,CAR,FantasyPros updated timestamp: 1788111282; average rank: 304.23; best: 238; worst: 644; stddev: 44.88; experts: 74; Sleeper match: matched_name_position. Same-day GDFM draft-era snapshot; exact pre/post-draft cutoff is unknown.,2331
FantasyPros ECR,2026,2026-08-30,draft,half_ppr,298,WR104,Hollywood Brown,,WR,,,10,PHI,FantasyPros updated timestamp: 1788111282; average rank: 285.70; best: 215; worst: 375; stddev: 24.14; experts: 71; Sleeper match: unmatched. Same-day GDFM draft-era snapshot; exact pre/post-draft cutoff is unknown.,2332
FantasyPros ECR,2026,2026-08-30,draft,half_ppr,299,DST19,New Orleans Saints,NO,DEF,,,8,NO,FantasyPros updated timestamp: 1788111282; average rank: 262.94; best: 170; worst: 355; stddev: 35.33; experts: 67; Sleeper match: team_abbreviation. Same-day GDFM draft-era snapshot; exact pre/post-draft cutoff is unknown.,2333
FantasyPros ECR,2026,2026-08-30,draft,half_ppr,300,RB90,Tahj Brooks,12543,RB,,,6,CIN,FantasyPros updated timestamp: 1788111282; average rank: 305.31; best: 249; worst: 659; stddev: 46.74; experts: 71; Sleeper match: matched_name_position. Same-day GDFM draft-era snapshot; exact pre/post-draft cutoff is unknown.,2334
FantasyPros ECR,2026,2026-08-30,draft,half_ppr,301,WR105,Mack Hollins,4177,WR,,,11,NE,FantasyPros updated timestamp: 1788111282; average rank: 283.91; best: 212; worst: 395; stddev: 32.18; experts: 68; Sleeper match: matched_name_position. Same-day GDFM draft-era snapshot; exact pre/post-draft cutoff is unknown.,2335
FantasyPros ECR,2026,2026-08-30,draft,half_ppr,302,RB91,Trey Benson,11589,RB,,,14,ARI,FantasyPros updated timestamp: 1788111282; average rank: 271.18; best: 153; worst: 341; stddev: 35.12; experts: 66; Sleeper match: matched_name_position. Same-day GDFM draft-era snapshot; exact pre/post-draft cutoff is unknown.,2336
FantasyPros ECR,2026,2026-08-30,draft,half_ppr,303,TE36,Mike Gesicki,4993,TE,,,6,CIN,FantasyPros updated timestamp: 1788111282; average rank: 268.16; best: 195; worst: 380; stddev: 34.20; experts: 65; Sleeper match: matched_name_position. Same-day GDFM draft-era snapshot; exact pre/post-draft cutoff is unknown.,2337
FantasyPros ECR,2026,2026-08-30,draft,half_ppr,304,RB92,Kaleb Johnson,12504,RB,,,9,PIT,FantasyPros updated timestamp: 1788111282; average rank: 282.28; best: 159; worst: 560; stddev: 57.30; experts: 66; Sleeper match: matched_name_position. Same-day GDFM draft-era snapshot; exact pre/post-draft cutoff is unknown.,2338
FantasyPros ECR,2026,2026-08-30,draft,half_ppr,305,RB93,Jarquez Hunter,11569,RB,,,6,MIA,FantasyPros updated timestamp: 1788111282; average rank: 304.61; best: 246; worst: 500; stddev: 32.17; experts: 68; Sleeper match: matched_name_position. Same-day GDFM draft-era snapshot; exact pre/post-draft cutoff is unknown.,2339
FantasyPros ECR,2026,2026-08-30,draft,half_ppr,306,DST20,Indianapolis Colts,IND,DEF,,,13,IND,FantasyPros updated timestamp: 1788111282; average rank: 276.48; best: 184; worst: 362; stddev: 34.48; experts: 63; Sleeper match: team_abbreviation. Same-day GDFM draft-era snapshot; exact pre/post-draft cutoff is unknown.,2340
FantasyPros ECR,2026,2026-08-30,draft,half_ppr,307,RB94,Jerome Ford,8143,RB,,,7,WAS,FantasyPros updated timestamp: 1788111282; average rank: 291.94; best: 232; worst: 503; stddev: 35.75; experts: 64; Sleeper match: matched_name_position. Same-day GDFM draft-era snapshot; exact pre/post-draft cutoff is unknown.,2341
FantasyPros ECR,2026,2026-08-30,draft,half_ppr,308,RB95,Isaac Guerendo,11651,RB,,,8,SF,FantasyPros updated timestamp: 1788111282; average rank: 304.89; best: 240; worst: 641; stddev: 53.82; experts: 64; Sleeper match: matched_name_position. Same-day GDFM draft-era snapshot; exact pre/post-draft cutoff is unknown.,2342
FantasyPros ECR,2026,2026-08-30,draft,half_ppr,309,WR106,Isaiah Bond,12503,WR,,,11,CLE,FantasyPros updated timestamp: 1788111282; average rank: 289.71; best: 203; worst: 383; stddev: 32.09; experts: 60; Sleeper match: matched_name_position. Same-day GDFM draft-era snapshot; exact pre/post-draft cutoff is unknown.,2343
FantasyPros ECR,2026,2026-08-30,draft,half_ppr,310,RB96,Audric Estime,11579,RB,,,8,NO,FantasyPros updated timestamp: 1788111282; average rank: 309.57; best: 266; worst: 509; stddev: 36.91; experts: 61; Sleeper match: matched_name_position. Same-day GDFM draft-era snapshot; exact pre/post-draft cutoff is unknown.,2344
FantasyPros ECR,2026,2026-08-30,draft,half_ppr,311,WR107,Skyler Bell,13402,WR,,,7,BUF,FantasyPros updated timestamp: 1788111282; average rank: 294.29; best: 244; worst: 532; stddev: 41.68; experts: 59; Sleeper match: matched_name_position. Same-day GDFM draft-era snapshot; exact pre/post-draft cutoff is unknown.,2345
FantasyPros ECR,2026,2026-08-30,draft,half_ppr,312,RB97,Jaleel McLaughlin,11439,RB,,,10,DEN,FantasyPros updated timestamp: 1788111282; average rank: 306.83; best: 234; worst: 556; stddev: 48.15; experts: 60; Sleeper match: matched_name_position. Same-day GDFM draft-era snapshot; exact pre/post-draft cutoff is unknown.,2346
FantasyPros ECR,2026,2026-08-30,draft,half_ppr,313,WR108,Brandon Aiyuk,6803,WR,,,8,SF,FantasyPros updated timestamp: 1788111282; average rank: 274.09; best: 151; worst: 536; stddev: 62.28; experts: 54; Sleeper match: matched_name_position. Same-day GDFM draft-era snapshot; exact pre/post-draft cutoff is unknown.,2347
FantasyPros ECR,2026,2026-08-30,draft,half_ppr,314,K18,Charlie Smyth,11653,K,,,8,NO,FantasyPros updated timestamp: 1788111282; average rank: 282.08; best: 208; worst: 490; stddev: 46.43; experts: 53; Sleeper match: matched_name_position. Same-day GDFM draft-era snapshot; exact pre/post-draft cutoff is unknown.,2348
FantasyPros ECR,2026,2026-08-30,draft,half_ppr,315,TE37,Jake Tonges,8698,TE,,,8,SF,FantasyPros updated timestamp: 1788111282; average rank: 280.53; best: 154; worst: 364; stddev: 37.95; experts: 52; Sleeper match: matched_name_position. Same-day GDFM draft-era snapshot; exact pre/post-draft cutoff is unknown.,2349
FantasyPros ECR,2026,2026-08-30,draft,half_ppr,316,TE38,Darren Waller,2505,TE,,,5,CAR,FantasyPros updated timestamp: 1788111282; average rank: 257.63; best: 193; worst: 394; stddev: 41.04; experts: 50; Sleeper match: matched_name_position. Same-day GDFM draft-era snapshot; exact pre/post-draft cutoff is unknown.,2350
FantasyPros ECR,2026,2026-08-30,draft,half_ppr,317,RB98,Will Shipley,11577,RB,,,10,PHI,FantasyPros updated timestamp: 1788111282; average rank: 318.87; best: 240; worst: 563; stddev: 49.45; experts: 54; Sleeper match: matched_name_position. Same-day GDFM draft-era snapshot; exact pre/post-draft cutoff is unknown.,2351
FantasyPros ECR,2026,2026-08-30,draft,half_ppr,318,DST21,Chicago Bears,CHI,DEF,,,10,CHI,FantasyPros updated timestamp: 1788111282; average rank: 271.31; best: 185; worst: 379; stddev: 50.30; experts: 49; Sleeper match: team_abbreviation. Same-day GDFM draft-era snapshot; exact pre/post-draft cutoff is unknown.,2352
FantasyPros ECR,2026,2026-08-30,draft,half_ppr,319,TE39,Darnell Washington,9479,TE,,,9,PIT,FantasyPros updated timestamp: 1788111282; average rank: 284.50; best: 204; worst: 388; stddev: 37.03; experts: 49; Sleeper match: matched_name_position. Same-day GDFM draft-era snapshot; exact pre/post-draft cutoff is unknown.,2353
FantasyPros ECR,2026,2026-08-30,draft,half_ppr,320,WR109,DeMario Douglas,9501,WR,,,11,NE,FantasyPros updated timestamp: 1788111282; average rank: 265.84; best: 177; worst: 368; stddev: 52.51; experts: 46; Sleeper match: matched_name_position. Same-day GDFM draft-era snapshot; exact pre/post-draft cutoff is unknown.,2354
FantasyPros ECR,2026,2026-08-30,draft,half_ppr,321,WR110,Andrei Iosivas,10226,WR,,,6,CIN,FantasyPros updated timestamp: 1788111282; average rank: 268.50; best: 187; worst: 336; stddev: 36.66; experts: 43; Sleeper match: matched_name_position. Same-day GDFM draft-era snapshot; exact pre/post-draft cutoff is unknown.,2355
FantasyPros ECR,2026,2026-08-30,draft,half_ppr,322,WR111,Tyreek Hill,3321,WR,,,,FA,FantasyPros updated timestamp: 1788111282; average rank: 277.07; best: 164; worst: 385; stddev: 48.71; experts: 43; Sleeper match: matched_name_position. Same-day GDFM draft-era snapshot; exact pre/post-draft cutoff is unknown.,2356
FantasyPros ECR,2026,2026-08-30,draft,half_ppr,323,WR112,Jahan Dotson,8119,WR,,,11,ATL,FantasyPros updated timestamp: 1788111282; average rank: 278.71; best: 141; worst: 545; stddev: 64.67; experts: 42; Sleeper match: matched_name_position. Same-day GDFM draft-era snapshot; exact pre/post-draft cutoff is unknown.,2357
FantasyPros ECR,2026,2026-08-30,draft,half_ppr,324,TE40,Michael Mayer,9482,TE,,,13,LV,FantasyPros updated timestamp: 1788111282; average rank: 287.68; best: 197; worst: 391; stddev: 41.12; experts: 42; Sleeper match: matched_name_position. Same-day GDFM draft-era snapshot; exact pre/post-draft cutoff is unknown.,2358
FantasyPros ECR,2026,2026-08-30,draft,half_ppr,325,TE41,Charlie Kolar,8127,TE,,,7,LAC,FantasyPros updated timestamp: 1788111282; average rank: 275.58; best: 200; worst: 434; stddev: 57.71; experts: 41; Sleeper match: matched_name_position. Same-day GDFM draft-era snapshot; exact pre/post-draft cutoff is unknown.,2359
FantasyPros ECR,2026,2026-08-30,draft,half_ppr,326,TE42,Oscar Delp,13319,TE,,,8,NO,FantasyPros updated timestamp: 1788111282; average rank: 299.79; best: 228; worst: 385; stddev: 43.90; experts: 40; Sleeper match: matched_name_position. Same-day GDFM draft-era snapshot; exact pre/post-draft cutoff is unknown.,2360
FantasyPros ECR,2026,2026-08-30,draft,half_ppr,327,TE43,Elijah Arroyo,12521,TE,,,11,SEA,FantasyPros updated timestamp: 1788111282; average rank: 295.68; best: 213; worst: 418; stddev: 43.66; experts: 39; Sleeper match: matched_name_position. Same-day GDFM draft-era snapshot; exact pre/post-draft cutoff is unknown.,2361
FantasyPros ECR,2026,2026-08-30,draft,half_ppr,328,WR113,Bryce Lance,13420,WR,,,8,NO,FantasyPros updated timestamp: 1788111282; average rank: 288.19; best: 184; worst: 551; stddev: 58.12; experts: 37; Sleeper match: matched_name_position. Same-day GDFM draft-era snapshot; exact pre/post-draft cutoff is unknown.,2362
FantasyPros ECR,2026,2026-08-30,draft,half_ppr,329,TE44,Erick All Jr.,11592,TE,,,6,CIN,FantasyPros updated timestamp: 1788111282; average rank: 303.25; best: 210; worst: 463; stddev: 47.74; experts: 37; Sleeper match: matched_name_position. Same-day GDFM draft-era snapshot; exact pre/post-draft cutoff is unknown.,2363
FantasyPros ECR,2026,2026-08-30,draft,half_ppr,330,QB36,Carson Beck,13272,QB,,,14,ARI,FantasyPros updated timestamp: 1788111282; average rank: 326.75; best: 270; worst: 701; stddev: 68.38; experts: 37; Sleeper match: matched_name_position. Same-day GDFM draft-era snapshot; exact pre/post-draft cutoff is unknown.,2364
FantasyPros ECR,2026,2026-08-30,draft,half_ppr,331,TE45,Eli Raridon,13421,TE,,,11,NE,FantasyPros updated timestamp: 1788111282; average rank: 310.49; best: 209; worst: 410; stddev: 51.80; experts: 36; Sleeper match: matched_name_position. Same-day GDFM draft-era snapshot; exact pre/post-draft cutoff is unknown.,2365
FantasyPros ECR,2026,2026-08-30,draft,half_ppr,332,RB99,Kareem Hunt,4098,RB,,,,FA,FantasyPros updated timestamp: 1788111282; average rank: 316.40; best: 266; worst: 515; stddev: 40.15; experts: 36; Sleeper match: matched_name_position. Same-day GDFM draft-era snapshot; exact pre/post-draft cutoff is unknown.,2366
FantasyPros ECR,2026,2026-08-30,draft,half_ppr,333,WR114,Xavier Hutchinson,10218,WR,,,8,HOU,FantasyPros updated timestamp: 1788111282; average rank: 281.82; best: 182; worst: 556; stddev: 67.25; experts: 34; Sleeper match: matched_name_position. Same-day GDFM draft-era snapshot; exact pre/post-draft cutoff is unknown.,2367
FantasyPros ECR,2026,2026-08-30,draft,half_ppr,334,WR115,Jalen Tolbert,8117,WR,,,6,MIA,FantasyPros updated timestamp: 1788111282; average rank: 289.27; best: 188; worst: 548; stddev: 68.69; experts: 34; Sleeper match: matched_name_position. Same-day GDFM draft-era snapshot; exact pre/post-draft cutoff is unknown.,2368
FantasyPros ECR,2026,2026-08-30,draft,half_ppr,335,TE46,Cole Kmet,6826,TE,,,10,CHI,FantasyPros updated timestamp: 1788111282; average rank: 310.87; best: 251; worst: 371; stddev: 29.10; experts: 32; Sleeper match: matched_name_position. Same-day GDFM draft-era snapshot; exact pre/post-draft cutoff is unknown.,2369
FantasyPros ECR,2026,2026-08-30,draft,half_ppr,336,TE47,Dawson Knox,5906,TE,,,7,BUF,FantasyPros updated timestamp: 1788111282; average rank: 318.20; best: 248; worst: 412; stddev: 37.81; experts: 31; Sleeper match: matched_name_position. Same-day GDFM draft-era snapshot; exact pre/post-draft cutoff is unknown.,2370
FantasyPros ECR,2026,2026-08-30,draft,half_ppr,337,DST22,Dallas Cowboys,DAL,DEF,,,14,DAL,FantasyPros updated timestamp: 1788111282; average rank: 263.26; best: 179; worst: 372; stddev: 58.99; experts: 28; Sleeper match: team_abbreviation. Same-day GDFM draft-era snapshot; exact pre/post-draft cutoff is unknown.,2371
FantasyPros ECR,2026,2026-08-30,draft,half_ppr,338,WR116,Brenen Thompson,13380,WR,,,7,LAC,FantasyPros updated timestamp: 1788111282; average rank: 314.10; best: 236; worst: 571; stddev: 60.31; experts: 30; Sleeper match: matched_name_position. Same-day GDFM draft-era snapshot; exact pre/post-draft cutoff is unknown.,2372
FantasyPros ECR,2026,2026-08-30,draft,half_ppr,339,RB100,Joe Mixon,4018,RB,,,,FA,FantasyPros updated timestamp: 1788111282; average rank: 318.21; best: 260; worst: 521; stddev: 46.52; experts: 30; Sleeper match: matched_name_position. Same-day GDFM draft-era snapshot; exact pre/post-draft cutoff is unknown.,2373
FantasyPros ECR,2026,2026-08-30,draft,half_ppr,340,QB37,J.J. McCarthy,11565,QB,,,6,MIN,FantasyPros updated timestamp: 1788111282; average rank: 330.86; best: 229; worst: 702; stddev: 76.67; experts: 30; Sleeper match: matched_name_position. Same-day GDFM draft-era snapshot; exact pre/post-draft cutoff is unknown.,2374
FantasyPros ECR,2026,2026-08-30,draft,half_ppr,341,WR117,Konata Mumpfield,12718,WR,,,11,LAR,FantasyPros updated timestamp: 1788111282; average rank: 315.50; best: 252; worst: 568; stddev: 59.50; experts: 29; Sleeper match: matched_name_position. Same-day GDFM draft-era snapshot; exact pre/post-draft cutoff is unknown.,2375
FantasyPros ECR,2026,2026-08-30,draft,half_ppr,342,TE48,Tyler Higbee,3271,TE,,,11,LAR,FantasyPros updated timestamp: 1788111282; average rank: 319.29; best: 258; worst: 431; stddev: 34.03; experts: 29; Sleeper match: matched_name_position. Same-day GDFM draft-era snapshot; exact pre/post-draft cutoff is unknown.,2376
FantasyPros ECR,2026,2026-08-30,draft,half_ppr,343,TE49,Noah Gray,7828,TE,,,5,KC,FantasyPros updated timestamp: 1788111282; average rank: 323.29; best: 264; worst: 414; stddev: 36.19; experts: 29; Sleeper match: matched_name_position. Same-day GDFM draft-era snapshot; exact pre/post-draft cutoff is unknown.,2377
FantasyPros ECR,2026,2026-08-30,draft,half_ppr,344,WR118,Luke McCaffrey,11650,WR,,,7,WAS,FantasyPros updated timestamp: 1788111282; average rank: 323.39; best: 266; worst: 561; stddev: 55.57; experts: 29; Sleeper match: matched_name_position. Same-day GDFM draft-era snapshot; exact pre/post-draft cutoff is unknown.,2378
FantasyPros ECR,2026,2026-08-30,draft,half_ppr,345,WR119,Tez Johnson,12485,WR,,,10,TB,FantasyPros updated timestamp: 1788111282; average rank: 300.81; best: 190; worst: 380; stddev: 39.79; experts: 28; Sleeper match: matched_name_position. Same-day GDFM draft-era snapshot; exact pre/post-draft cutoff is unknown.,2379
FantasyPros ECR,2026,2026-08-30,draft,half_ppr,346,WR120,Kendrick Bourne,4454,WR,,,14,ARI,FantasyPros updated timestamp: 1788111282; average rank: 280.60; best: 187; worst: 364; stddev: 46.18; experts: 26; Sleeper match: matched_name_position. Same-day GDFM draft-era snapshot; exact pre/post-draft cutoff is unknown.,2380
FantasyPros ECR,2026,2026-08-30,draft,half_ppr,347,WR121,Cedric Tillman,10444,WR,,,,FA,FantasyPros updated timestamp: 1788111282; average rank: 308.73; best: 265; worst: 372; stddev: 26.89; experts: 27; Sleeper match: matched_name_position. Same-day GDFM draft-era snapshot; exact pre/post-draft cutoff is unknown.,2381
FantasyPros ECR,2026,2026-08-30,draft,half_ppr,348,TE50,Max Klare,13278,TE,,,11,LAR,FantasyPros updated timestamp: 1788111282; average rank: 332.63; best: 273; worst: 480; stddev: 45.09; experts: 28; Sleeper match: matched_name_position. Same-day GDFM draft-era snapshot; exact pre/post-draft cutoff is unknown.,2382
FantasyPros ECR,2026,2026-08-30,draft,half_ppr,349,WR122,Jalen Royals,12505,WR,,,5,KC,FantasyPros updated timestamp: 1788111282; average rank: 320.92; best: 238; worst: 520; stddev: 52.85; experts: 27; Sleeper match: matched_name_position. Same-day GDFM draft-era snapshot; exact pre/post-draft cutoff is unknown.,2383
FantasyPros ECR,2026,2026-08-30,draft,half_ppr,350,WR123,Joshua Palmer,7670,WR,,,7,BUF,FantasyPros updated timestamp: 1788111282; average rank: 304.36; best: 244; worst: 581; stddev: 64.38; experts: 26; Sleeper match: matched_name_position. Same-day GDFM draft-era snapshot; exact pre/post-draft cutoff is unknown.,2384
FantasyPros ECR,2026,2026-08-30,draft,half_ppr,351,WR124,Olamide Zaccheaus,6271,WR,,,11,ATL,FantasyPros updated timestamp: 1788111282; average rank: 307.04; best: 242; worst: 360; stddev: 30.31; experts: 26; Sleeper match: matched_name_position. Same-day GDFM draft-era snapshot; exact pre/post-draft cutoff is unknown.,2385
FantasyPros ECR,2026,2026-08-30,draft,half_ppr,352,QB38,Mac Jones,7527,QB,,,8,SF,FantasyPros updated timestamp: 1788111282; average rank: 345.42; best: 288; worst: 716; stddev: 77.10; experts: 27; Sleeper match: matched_name_position. Same-day GDFM draft-era snapshot; exact pre/post-draft cutoff is unknown.,2386
FantasyPros ECR,2026,2026-08-30,draft,half_ppr,353,RB101,Bam Knight,,RB,,,14,ARI,FantasyPros updated timestamp: 1788111282; average rank: 315.25; best: 263; worst: 518; stddev: 49.83; experts: 25; Sleeper match: unmatched. Same-day GDFM draft-era snapshot; exact pre/post-draft cutoff is unknown.,2387
FantasyPros ECR,2026,2026-08-30,draft,half_ppr,354,WR125,Chris Brazzell II,13353,WR,,,5,CAR,FantasyPros updated timestamp: 1788111282; average rank: 299.39; best: 243; worst: 579; stddev: 69.23; experts: 24; Sleeper match: matched_name_position. Same-day GDFM draft-era snapshot; exact pre/post-draft cutoff is unknown.,2388
FantasyPros ECR,2026,2026-08-30,draft,half_ppr,355,K19,Jake Elliott,4195,K,,,10,PHI,FantasyPros updated timestamp: 1788111282; average rank: 302.09; best: 215; worst: 365; stddev: 34.25; experts: 24; Sleeper match: matched_name_position. Same-day GDFM draft-era snapshot; exact pre/post-draft cutoff is unknown.,2389
FantasyPros ECR,2026,2026-08-30,draft,half_ppr,356,TE51,Ja'Tavion Sanders,11600,TE,,,5,CAR,FantasyPros updated timestamp: 1788111282; average rank: 321.57; best: 246; worst: 416; stddev: 44.89; experts: 24; Sleeper match: matched_name_position. Same-day GDFM draft-era snapshot; exact pre/post-draft cutoff is unknown.,2390
FantasyPros ECR,2026,2026-08-30,draft,half_ppr,357,WR126,Treylon Burks,8135,WR,,,7,WAS,FantasyPros updated timestamp: 1788111282; average rank: 318.18; best: 210; worst: 576; stddev: 78.37; experts: 23; Sleeper match: matched_name_position. Same-day GDFM draft-era snapshot; exact pre/post-draft cutoff is unknown.,2391
FantasyPros ECR,2026,2026-08-30,draft,half_ppr,358,QB39,Justin Fields,7591,QB,,,5,KC,FantasyPros updated timestamp: 1788111282; average rank: 351.70; best: 270; worst: 704; stddev: 80.84; experts: 24; Sleeper match: matched_name_position. Same-day GDFM draft-era snapshot; exact pre/post-draft cutoff is unknown.,2392
FantasyPros ECR,2026,2026-08-30,draft,half_ppr,359,DST23,Carolina Panthers,CAR,DEF,,,5,CAR,FantasyPros updated timestamp: 1788111282; average rank: 297.33; best: 219; worst: 384; stddev: 49.01; experts: 22; Sleeper match: team_abbreviation. Same-day GDFM draft-era snapshot; exact pre/post-draft cutoff is unknown.,2393
FantasyPros ECR,2026,2026-08-30,draft,half_ppr,360,RB102,Eli Heidenreich,13423,RB,,,9,PIT,FantasyPros updated timestamp: 1788111282; average rank: 327.00; best: 220; worst: 550; stddev: 75.23; experts: 23; Sleeper match: matched_name_position. Same-day GDFM draft-era snapshot; exact pre/post-draft cutoff is unknown.,2394
FantasyPros ECR,2026,2026-08-30,draft,half_ppr,361,RB103,Michael Carter,7607,RB,,,9,TEN,FantasyPros updated timestamp: 1788111282; average rank: 335.33; best: 276; worst: 525; stddev: 56.82; experts: 22; Sleeper match: matched_name_position. Same-day GDFM draft-era snapshot; exact pre/post-draft cutoff is unknown.,2395
FantasyPros ECR,2026,2026-08-30,draft,half_ppr,362,K20,Tyler Bass,7042,K,,,7,BUF,FantasyPros updated timestamp: 1788111282; average rank: 284.72; best: 214; worst: 371; stddev: 43.51; experts: 19; Sleeper match: matched_name_position. Same-day GDFM draft-era snapshot; exact pre/post-draft cutoff is unknown.,2396
FantasyPros ECR,2026,2026-08-30,draft,half_ppr,363,QB40,Ty Simpson,13275,QB,,,11,LAR,FantasyPros updated timestamp: 1788111282; average rank: 363.55; best: 290; worst: 703; stddev: 82.41; experts: 21; Sleeper match: matched_name_position. Same-day GDFM draft-era snapshot; exact pre/post-draft cutoff is unknown.,2397
FantasyPros ECR,2026,2026-08-30,draft,half_ppr,364,RB104,Jawhar Jordan,11588,RB,,,8,HOU,FantasyPros updated timestamp: 1788111282; average rank: 338.47; best: 281; worst: 527; stddev: 54.47; experts: 20; Sleeper match: matched_name_position. Same-day GDFM draft-era snapshot; exact pre/post-draft cutoff is unknown.,2398
FantasyPros ECR,2026,2026-08-30,draft,half_ppr,365,WR127,Savion Williams,12482,WR,,,11,GB,FantasyPros updated timestamp: 1788111282; average rank: 346.06; best: 234; worst: 584; stddev: 66.77; experts: 19; Sleeper match: matched_name_position. Same-day GDFM draft-era snapshot; exact pre/post-draft cutoff is unknown.,2399
FantasyPros ECR,2026,2026-08-30,draft,half_ppr,366,TE52,Justin Joly,13400,TE,,,10,DEN,FantasyPros updated timestamp: 1788111282; average rank: 330.82; best: 260; worst: 414; stddev: 40.47; experts: 18; Sleeper match: matched_name_position. Same-day GDFM draft-era snapshot; exact pre/post-draft cutoff is unknown.,2400
FantasyPros ECR,2026,2026-08-30,draft,half_ppr,367,WR128,Dont'e Thornton Jr.,12541,WR,,,13,LV,FantasyPros updated timestamp: 1788111282; average rank: 341.41; best: 275; worst: 599; stddev: 76.81; experts: 18; Sleeper match: matched_name_position. Same-day GDFM draft-era snapshot; exact pre/post-draft cutoff is unknown.,2401
FantasyPros ECR,2026,2026-08-30,draft,half_ppr,368,WR129,KaVontae Turpin,8917,WR,,,14,DAL,FantasyPros updated timestamp: 1788111282; average rank: 306.44; best: 217; worst: 610; stddev: 91.84; experts: 17; Sleeper match: matched_name_position. Same-day GDFM draft-era snapshot; exact pre/post-draft cutoff is unknown.,2402
FantasyPros ECR,2026,2026-08-30,draft,half_ppr,369,DST24,New York Giants,NYG,DEF,,,8,NYG,FantasyPros updated timestamp: 1788111282; average rank: 266.87; best: 171; worst: 359; stddev: 53.28; experts: 16; Sleeper match: team_abbreviation. Same-day GDFM draft-era snapshot; exact pre/post-draft cutoff is unknown.,2403
FantasyPros ECR,2026,2026-08-30,draft,half_ppr,370,WR130,Roman Wilson,11630,WR,,,9,PIT,FantasyPros updated timestamp: 1788111282; average rank: 309.69; best: 219; worst: 619; stddev: 93.10; experts: 17; Sleeper match: matched_name_position. Same-day GDFM draft-era snapshot; exact pre/post-draft cutoff is unknown.,2404
FantasyPros ECR,2026,2026-08-30,draft,half_ppr,371,WR131,Malik Benson,13329,WR,,,13,LV,FantasyPros updated timestamp: 1788111282; average rank: 315.44; best: 221; worst: 587; stddev: 85.42; experts: 17; Sleeper match: matched_name_position. Same-day GDFM draft-era snapshot; exact pre/post-draft cutoff is unknown.,2405
FantasyPros ECR,2026,2026-08-30,draft,half_ppr,372,QB41,Anthony Richardson Sr.,9229,QB,,,13,IND,FantasyPros updated timestamp: 1788111282; average rank: 362.88; best: 296; worst: 748; stddev: 99.87; experts: 18; Sleeper match: matched_name_position. Same-day GDFM draft-era snapshot; exact pre/post-draft cutoff is unknown.,2406
FantasyPros ECR,2026,2026-08-30,draft,half_ppr,373,RB105,Raheim Sanders,12472,RB,,,11,CLE,FantasyPros updated timestamp: 1788111282; average rank: 338.63; best: 271; worst: 529; stddev: 65.38; experts: 17; Sleeper match: matched_name_position. Same-day GDFM draft-era snapshot; exact pre/post-draft cutoff is unknown.,2407
FantasyPros ECR,2026,2026-08-30,draft,half_ppr,374,WR132,Zavion Thomas,13411,WR,,,10,CHI,FantasyPros updated timestamp: 1788111282; average rank: 342.38; best: 250; worst: 602; stddev: 76.77; experts: 17; Sleeper match: matched_name_position. Same-day GDFM draft-era snapshot; exact pre/post-draft cutoff is unknown.,2408
FantasyPros ECR,2026,2026-08-30,draft,half_ppr,375,RB106,Roschon Johnson,10235,RB,,,10,CHI,FantasyPros updated timestamp: 1788111282; average rank: 349.88; best: 276; worst: 646; stddev: 97.10; experts: 17; Sleeper match: matched_name_position. Same-day GDFM draft-era snapshot; exact pre/post-draft cutoff is unknown.,2409
FantasyPros ECR,2026,2026-08-30,draft,half_ppr,376,DST25,Tampa Bay Buccaneers,TB,DEF,,,10,TB,FantasyPros updated timestamp: 1788111282; average rank: 286.93; best: 182; worst: 365; stddev: 61.15; experts: 15; Sleeper match: team_abbreviation. Same-day GDFM draft-era snapshot; exact pre/post-draft cutoff is unknown.,2410
FantasyPros ECR,2026,2026-08-30,draft,half_ppr,377,WR133,Kalif Raymond,3634,WR,,,10,CHI,FantasyPros updated timestamp: 1788111282; average rank: 316.57; best: 224; worst: 596; stddev: 88.53; experts: 15; Sleeper match: matched_name_position. Same-day GDFM draft-era snapshot; exact pre/post-draft cutoff is unknown.,2411
FantasyPros ECR,2026,2026-08-30,draft,half_ppr,378,K21,Trey Smack,13545,K,,,11,GB,FantasyPros updated timestamp: 1788111282; average rank: 277.69; best: 214; worst: 362; stddev: 47.70; experts: 14; Sleeper match: matched_name_position. Same-day GDFM draft-era snapshot; exact pre/post-draft cutoff is unknown.,2412
FantasyPros ECR,2026,2026-08-30,draft,half_ppr,379,WR134,Colbie Young,13477,WR,,,6,CIN,FantasyPros updated timestamp: 1788111282; average rank: 338.50; best: 233; worst: 605; stddev: 85.78; experts: 15; Sleeper match: matched_name_position. Same-day GDFM draft-era snapshot; exact pre/post-draft cutoff is unknown.,2413
FantasyPros ECR,2026,2026-08-30,draft,half_ppr,380,WR135,Kevin Coleman Jr.,13338,WR,,,6,MIA,FantasyPros updated timestamp: 1788111282; average rank: 346.21; best: 246; worst: 590; stddev: 78.91; experts: 15; Sleeper match: matched_name_position. Same-day GDFM draft-era snapshot; exact pre/post-draft cutoff is unknown.,2414
FantasyPros ECR,2026,2026-08-30,draft,half_ppr,381,WR136,CJ Daniels,13270,WR,,,11,LAR,FantasyPros updated timestamp: 1788111282; average rank: 350.14; best: 272; worst: 616; stddev: 82.33; experts: 15; Sleeper match: matched_name_position. Same-day GDFM draft-era snapshot; exact pre/post-draft cutoff is unknown.,2415
FantasyPros ECR,2026,2026-08-30,draft,half_ppr,382,TE53,Noah Fant,5857,TE,,,8,NO,FantasyPros updated timestamp: 1788111282; average rank: 351.86; best: 277; worst: 418; stddev: 40.39; experts: 15; Sleeper match: matched_name_position. Same-day GDFM draft-era snapshot; exact pre/post-draft cutoff is unknown.,2416
FantasyPros ECR,2026,2026-08-30,draft,half_ppr,383,WR137,Jaylin Lane,12641,WR,,,7,WAS,FantasyPros updated timestamp: 1788111282; average rank: 353.50; best: 283; worst: 593; stddev: 72.30; experts: 15; Sleeper match: matched_name_position. Same-day GDFM draft-era snapshot; exact pre/post-draft cutoff is unknown.,2417
FantasyPros ECR,2026,2026-08-30,draft,half_ppr,384,RB107,J'Mari Taylor,13348,RB,,,7,JAC,FantasyPros updated timestamp: 1788111282; average rank: 356.71; best: 298; worst: 562; stddev: 83.06; experts: 15; Sleeper match: matched_name_position. Same-day GDFM draft-era snapshot; exact pre/post-draft cutoff is unknown.,2418
FantasyPros ECR,2026,2026-08-30,draft,half_ppr,385,DST26,Cincinnati Bengals,CIN,DEF,,,6,CIN,FantasyPros updated timestamp: 1788111282; average rank: 272.00; best: 180; worst: 363; stddev: 61.38; experts: 13; Sleeper match: team_abbreviation. Same-day GDFM draft-era snapshot; exact pre/post-draft cutoff is unknown.,2419
FantasyPros ECR,2026,2026-08-30,draft,half_ppr,386,DST27,Tennessee Titans,TEN,DEF,,,9,TEN,FantasyPros updated timestamp: 1788111282; average rank: 278.58; best: 187; worst: 366; stddev: 69.21; experts: 13; Sleeper match: team_abbreviation. Same-day GDFM draft-era snapshot; exact pre/post-draft cutoff is unknown.,2420
FantasyPros ECR,2026,2026-08-30,draft,half_ppr,387,K22,Zane Gonzalez,4233,K,,,,FA,FantasyPros updated timestamp: 1788111282; average rank: 294.42; best: 207; worst: 366; stddev: 51.99; experts: 13; Sleeper match: matched_name_position. Same-day GDFM draft-era snapshot; exact pre/post-draft cutoff is unknown.,2421
FantasyPros ECR,2026,2026-08-30,draft,half_ppr,388,TE54,Tommy Tremble,7694,TE,,,5,CAR,FantasyPros updated timestamp: 1788111282; average rank: 340.83; best: 266; worst: 426; stddev: 43.60; experts: 13; Sleeper match: matched_name_position. Same-day GDFM draft-era snapshot; exact pre/post-draft cutoff is unknown.,2422
FantasyPros ECR,2026,2026-08-30,draft,half_ppr,389,WR138,John Metchie III,8147,WR,,,5,CAR,FantasyPros updated timestamp: 1788111282; average rank: 345.83; best: 286; worst: 608; stddev: 84.85; experts: 13; Sleeper match: matched_name_position. Same-day GDFM draft-era snapshot; exact pre/post-draft cutoff is unknown.,2423
FantasyPros ECR,2026,2026-08-30,draft,half_ppr,390,TE55,Austin Hooper,3202,TE,,,11,ATL,FantasyPros updated timestamp: 1788111282; average rank: 354.08; best: 281; worst: 460; stddev: 49.18; experts: 13; Sleeper match: matched_name_position. Same-day GDFM draft-era snapshot; exact pre/post-draft cutoff is unknown.,2424
FantasyPros ECR,2026,2026-08-30,draft,half_ppr,391,TE56,Luke Musgrave,9481,TE,,,11,GB,FantasyPros updated timestamp: 1788111282; average rank: 354.67; best: 285; worst: 432; stddev: 45.70; experts: 13; Sleeper match: matched_name_position. Same-day GDFM draft-era snapshot; exact pre/post-draft cutoff is unknown.,2425
FantasyPros ECR,2026,2026-08-30,draft,half_ppr,392,TE57,Ben Sinnott,11596,TE,,,7,WAS,FantasyPros updated timestamp: 1788111282; average rank: 365.92; best: 297; worst: 472; stddev: 45.32; experts: 13; Sleeper match: matched_name_position. Same-day GDFM draft-era snapshot; exact pre/post-draft cutoff is unknown.,2426
FantasyPros ECR,2026,2026-08-30,draft,half_ppr,393,QB42,Joe Flacco,19,QB,,,6,CIN,FantasyPros updated timestamp: 1788111282; average rank: 371.92; best: 292; worst: 707; stddev: 104.20; experts: 13; Sleeper match: matched_name_position. Same-day GDFM draft-era snapshot; exact pre/post-draft cutoff is unknown.,2427
FantasyPros ECR,2026,2026-08-30,draft,half_ppr,394,QB43,Joe Milton III,11557,QB,,,14,DAL,FantasyPros updated timestamp: 1788111282; average rank: 374.67; best: 295; worst: 736; stddev: 112.40; experts: 13; Sleeper match: matched_name_position. Same-day GDFM draft-era snapshot; exact pre/post-draft cutoff is unknown.,2428
FantasyPros ECR,2026,2026-08-30,draft,half_ppr,395,QB44,Jameis Winston,2306,QB,,,8,NYG,FantasyPros updated timestamp: 1788111282; average rank: 379.00; best: 315; worst: 713; stddev: 103.97; experts: 13; Sleeper match: matched_name_position. Same-day GDFM draft-era snapshot; exact pre/post-draft cutoff is unknown.,2429
FantasyPros ECR,2026,2026-08-30,draft,half_ppr,396,WR139,Devontez Walker,11629,WR,,,13,BAL,FantasyPros updated timestamp: 1788111282; average rank: 347.64; best: 268; worst: 631; stddev: 95.32; experts: 12; Sleeper match: matched_name_position. Same-day GDFM draft-era snapshot; exact pre/post-draft cutoff is unknown.,2430
FantasyPros ECR,2026,2026-08-30,draft,half_ppr,397,WR140,Jordan Whittington,11623,WR,,,11,LAR,FantasyPros updated timestamp: 1788111282; average rank: 349.09; best: 261; worst: 622; stddev: 93.83; experts: 12; Sleeper match: matched_name_position. Same-day GDFM draft-era snapshot; exact pre/post-draft cutoff is unknown.,2431
FantasyPros ECR,2026,2026-08-30,draft,half_ppr,398,WR141,Demarcus Robinson,3286,WR,,,8,SF,FantasyPros updated timestamp: 1788111282; average rank: 353.36; best: 243; worst: 625; stddev: 98.55; experts: 12; Sleeper match: matched_name_position. Same-day GDFM draft-era snapshot; exact pre/post-draft cutoff is unknown.,2432
FantasyPros ECR,2026,2026-08-30,draft,half_ppr,399,WR142,Nick Westbrook-Ikhine,7496,WR,,,13,IND,FantasyPros updated timestamp: 1788111282; average rank: 355.45; best: 220; worst: 628; stddev: 99.23; experts: 12; Sleeper match: matched_name_position. Same-day GDFM draft-era snapshot; exact pre/post-draft cutoff is unknown.,2433
FantasyPros ECR,2026,2026-08-30,draft,half_ppr,400,RB108,Jam Miller,13403,RB,,,,FA,FantasyPros updated timestamp: 1788111282; average rank: 363.09; best: 312; worst: 538; stddev: 67.76; experts: 12; Sleeper match: matched_name_position. Same-day GDFM draft-era snapshot; exact pre/post-draft cutoff is unknown.,2434
FantasyPros ECR,2026,2026-08-30,draft,half_ppr,401,RB109,Phil Mafah,12738,RB,,,14,DAL,FantasyPros updated timestamp: 1788111282; average rank: 369.18; best: 280; worst: 648; stddev: 111.00; experts: 12; Sleeper match: matched_name_position. Same-day GDFM draft-era snapshot; exact pre/post-draft cutoff is unknown.,2435
FantasyPros ECR,2026,2026-08-30,draft,half_ppr,402,TE58,Mitchell Evans,12473,TE,,,5,CAR,FantasyPros updated timestamp: 1788111282; average rank: 371.91; best: 338; worst: 435; stddev: 30.39; experts: 12; Sleeper match: matched_name_position. Same-day GDFM draft-era snapshot; exact pre/post-draft cutoff is unknown.,2436
FantasyPros ECR,2026,2026-08-30,draft,half_ppr,403,QB45,Marcus Mariota,2307,QB,,,7,WAS,FantasyPros updated timestamp: 1788111282; average rank: 377.64; best: 300; worst: 711; stddev: 109.97; experts: 12; Sleeper match: matched_name_position. Same-day GDFM draft-era snapshot; exact pre/post-draft cutoff is unknown.,2437
FantasyPros ECR,2026,2026-08-30,draft,half_ppr,404,RB110,Rasheen Ali,11570,RB,,,13,BAL,FantasyPros updated timestamp: 1788111282; average rank: 381.36; best: 299; worst: 649; stddev: 107.40; experts: 12; Sleeper match: matched_name_position. Same-day GDFM draft-era snapshot; exact pre/post-draft cutoff is unknown.,2438
FantasyPros ECR,2026,2026-08-30,draft,half_ppr,405,WR143,Barion Brown,13533,WR,,,8,NO,FantasyPros updated timestamp: 1788111282; average rank: 340.20; best: 232; worst: 636; stddev: 112.35; experts: 11; Sleeper match: matched_name_position. Same-day GDFM draft-era snapshot; exact pre/post-draft cutoff is unknown.,2439
FantasyPros ECR,2026,2026-08-30,draft,half_ppr,406,WR144,Tutu Atwell,7562,WR,,,11,LAR,FantasyPros updated timestamp: 1788111282; average rank: 359.00; best: 264; worst: 613; stddev: 94.64; experts: 11; Sleeper match: matched_name_position. Same-day GDFM draft-era snapshot; exact pre/post-draft cutoff is unknown.,2440
FantasyPros ECR,2026,2026-08-30,draft,half_ppr,407,DST28,Miami Dolphins,MIA,DEF,,,6,MIA,FantasyPros updated timestamp: 1788111282; average rank: 306.00; best: 184; worst: 372; stddev: 66.33; experts: 10; Sleeper match: team_abbreviation. Same-day GDFM draft-era snapshot; exact pre/post-draft cutoff is unknown.,2441
FantasyPros ECR,2026,2026-08-30,draft,half_ppr,408,TE59,Daniel Bellinger,8225,TE,,,9,TEN,FantasyPros updated timestamp: 1788111282; average rank: 374.80; best: 315; worst: 428; stddev: 30.41; experts: 11; Sleeper match: matched_name_position. Same-day GDFM draft-era snapshot; exact pre/post-draft cutoff is unknown.,2442
FantasyPros ECR,2026,2026-08-30,draft,half_ppr,409,RB111,Kyle Juszczyk,1379,RB,,,8,SF,FantasyPros updated timestamp: 1788111282; average rank: 380.80; best: 259; worst: 674; stddev: 126.21; experts: 11; Sleeper match: matched_name. Same-day GDFM draft-era snapshot; exact pre/post-draft cutoff is unknown.,2443
FantasyPros ECR,2026,2026-08-30,draft,half_ppr,410,RB112,Austin Ekeler,4663,RB,,,,FA,FantasyPros updated timestamp: 1788111282; average rank: 371.33; best: 308; worst: 547; stddev: 68.11; experts: 10; Sleeper match: matched_name_position. Same-day GDFM draft-era snapshot; exact pre/post-draft cutoff is unknown.,2444
FantasyPros ECR,2026,2026-08-30,draft,half_ppr,411,WR145,Greg Dortch,5970,WR,,,6,DET,FantasyPros updated timestamp: 1788111282; average rank: 377.89; best: 290; worst: 645; stddev: 98.67; experts: 10; Sleeper match: matched_name_position. Same-day GDFM draft-era snapshot; exact pre/post-draft cutoff is unknown.,2445
FantasyPros ECR,2026,2026-08-30,draft,half_ppr,412,RB113,Sione Vaki,11729,RB,,,6,DET,FantasyPros updated timestamp: 1788111282; average rank: 398.33; best: 307; worst: 666; stddev: 115.83; experts: 10; Sleeper match: matched_name_position. Same-day GDFM draft-era snapshot; exact pre/post-draft cutoff is unknown.,2446
FantasyPros ECR,2026,2026-08-30,draft,half_ppr,413,WR146,Ashton Dulin,6427,WR,,,13,IND,FantasyPros updated timestamp: 1788111282; average rank: 364.88; best: 264; worst: 634; stddev: 112.08; experts: 9; Sleeper match: matched_name_position. Same-day GDFM draft-era snapshot; exact pre/post-draft cutoff is unknown.,2447
FantasyPros ECR,2026,2026-08-30,draft,half_ppr,414,WR147,Deion Burks,13333,WR,,,13,IND,FantasyPros updated timestamp: 1788111282; average rank: 367.00; best: 282; worst: 639; stddev: 108.86; experts: 9; Sleeper match: matched_name_position. Same-day GDFM draft-era snapshot; exact pre/post-draft cutoff is unknown.,2448
FantasyPros ECR,2026,2026-08-30,draft,half_ppr,415,K23,Nick Folk,650,K,,,11,ATL,FantasyPros updated timestamp: 1788111282; average rank: 286.57; best: 213; worst: 360; stddev: 58.53; experts: 8; Sleeper match: matched_name_position. Same-day GDFM draft-era snapshot; exact pre/post-draft cutoff is unknown.,2449
FantasyPros ECR,2026,2026-08-30,draft,half_ppr,416,K24,Daniel Carlson,5095,K,,,8,NO,FantasyPros updated timestamp: 1788111282; average rank: 288.86; best: 209; worst: 364; stddev: 54.87; experts: 8; Sleeper match: matched_name_position. Same-day GDFM draft-era snapshot; exact pre/post-draft cutoff is unknown.,2450
FantasyPros ECR,2026,2026-08-30,draft,half_ppr,417,TE60,John Bates,7716,TE,,,7,WAS,FantasyPros updated timestamp: 1788111282; average rank: 371.50; best: 268; worst: 476; stddev: 59.54; experts: 9; Sleeper match: matched_name_position. Same-day GDFM draft-era snapshot; exact pre/post-draft cutoff is unknown.,2451
FantasyPros ECR,2026,2026-08-30,draft,half_ppr,418,WR148,Dyami Brown,7587,WR,,,7,WAS,FantasyPros updated timestamp: 1788111282; average rank: 372.88; best: 257; worst: 642; stddev: 110.97; experts: 9; Sleeper match: matched_name_position. Same-day GDFM draft-era snapshot; exact pre/post-draft cutoff is unknown.,2452
FantasyPros ECR,2026,2026-08-30,draft,half_ppr,419,RB114,Zavier Scott,11299,RB,,,6,MIN,FantasyPros updated timestamp: 1788111282; average rank: 408.50; best: 313; worst: 572; stddev: 96.65; experts: 9; Sleeper match: matched_name_position. Same-day GDFM draft-era snapshot; exact pre/post-draft cutoff is unknown.,2453
FantasyPros ECR,2026,2026-08-30,draft,half_ppr,420,RB115,Dameon Pierce,8129,RB,,,10,PHI,FantasyPros updated timestamp: 1788111282; average rank: 413.13; best: 308; worst: 660; stddev: 114.66; experts: 9; Sleeper match: matched_name_position. Same-day GDFM draft-era snapshot; exact pre/post-draft cutoff is unknown.,2454
FantasyPros ECR,2026,2026-08-30,draft,half_ppr,421,RB116,Terrell Jennings,12412,RB,,,,FA,FantasyPros updated timestamp: 1788111282; average rank: 377.57; best: 311; worst: 558; stddev: 77.61; experts: 8; Sleeper match: matched_name_position. Same-day GDFM draft-era snapshot; exact pre/post-draft cutoff is unknown.,2455
FantasyPros ECR,2026,2026-08-30,draft,half_ppr,422,QB46,Cade Klubnik,13303,QB,,,13,NYJ,FantasyPros updated timestamp: 1788111282; average rank: 384.86; best: 296; worst: 709; stddev: 136.33; experts: 8; Sleeper match: matched_name_position. Same-day GDFM draft-era snapshot; exact pre/post-draft cutoff is unknown.,2456
FantasyPros ECR,2026,2026-08-30,draft,half_ppr,423,TE61,Marlin Klein,13307,TE,,,8,HOU,FantasyPros updated timestamp: 1788111282; average rank: 386.57; best: 320; worst: 474; stddev: 49.13; experts: 8; Sleeper match: matched_name_position. Same-day GDFM draft-era snapshot; exact pre/post-draft cutoff is unknown.,2457
FantasyPros ECR,2026,2026-08-30,draft,half_ppr,424,TE62,Elijah Higgins,10231,TE,,,14,ARI,FantasyPros updated timestamp: 1788111282; average rank: 387.71; best: 352; worst: 466; stddev: 42.71; experts: 8; Sleeper match: matched_name_position. Same-day GDFM draft-era snapshot; exact pre/post-draft cutoff is unknown.,2458
FantasyPros ECR,2026,2026-08-30,draft,half_ppr,425,WR149,Odell Beckham Jr.,2078,WR,,,8,NYG,FantasyPros updated timestamp: 1788111282; average rank: 306.17; best: 241; worst: 399; stddev: 54.82; experts: 7; Sleeper match: matched_name_position. Same-day GDFM draft-era snapshot; exact pre/post-draft cutoff is unknown.,2459
FantasyPros ECR,2026,2026-08-30,draft,half_ppr,426,TE63,Jackson Hawes,12658,TE,,,7,BUF,FantasyPros updated timestamp: 1788111282; average rank: 399.14; best: 355; worst: 462; stddev: 35.53; experts: 8; Sleeper match: matched_name_position. Same-day GDFM draft-era snapshot; exact pre/post-draft cutoff is unknown.,2460
FantasyPros ECR,2026,2026-08-30,draft,half_ppr,427,K25,Blake Grupe,11058,K,,,13,IND,FantasyPros updated timestamp: 1788111282; average rank: 315.50; best: 221; worst: 440; stddev: 76.28; experts: 7; Sleeper match: matched_name_position. Same-day GDFM draft-era snapshot; exact pre/post-draft cutoff is unknown.,2461
FantasyPros ECR,2026,2026-08-30,draft,half_ppr,428,RB117,Tyler Goodson,8207,RB,,,11,ATL,FantasyPros updated timestamp: 1788111282; average rank: 416.57; best: 300; worst: 652; stddev: 126.12; experts: 8; Sleeper match: matched_name_position. Same-day GDFM draft-era snapshot; exact pre/post-draft cutoff is unknown.,2462
FantasyPros ECR,2026,2026-08-30,draft,half_ppr,429,RB118,Damien Martinez,12462,RB,,,11,GB,FantasyPros updated timestamp: 1788111282; average rank: 421.43; best: 332; worst: 570; stddev: 91.07; experts: 8; Sleeper match: matched_name_position. Same-day GDFM draft-era snapshot; exact pre/post-draft cutoff is unknown.,2463
FantasyPros ECR,2026,2026-08-30,draft,half_ppr,430,K26,Joey Slye,6528,K,,,9,TEN,FantasyPros updated timestamp: 1788111282; average rank: 248.60; best: 125; worst: 356; stddev: 91.58; experts: 5; Sleeper match: matched_name_position. Same-day GDFM draft-era snapshot; exact pre/post-draft cutoff is unknown.,2464
FantasyPros ECR,2026,2026-08-30,draft,half_ppr,431,K27,Chad Ryland,10955,K,,,14,ARI,FantasyPros updated timestamp: 1788111282; average rank: 257.60; best: 191; worst: 357; stddev: 79.94; experts: 5; Sleeper match: matched_name_position. Same-day GDFM draft-era snapshot; exact pre/post-draft cutoff is unknown.,2465
FantasyPros ECR,2026,2026-08-30,draft,half_ppr,432,K28,Ryan Fitzgerald,12961,K,,,5,CAR,FantasyPros updated timestamp: 1788111282; average rank: 279.20; best: 204; worst: 358; stddev: 67.72; experts: 5; Sleeper match: matched_name_position. Same-day GDFM draft-era snapshot; exact pre/post-draft cutoff is unknown.,2466
FantasyPros ECR,2026,2026-08-30,draft,half_ppr,433,K29,Brandon McManus,1433,K,,,,FA,FantasyPros updated timestamp: 1788111282; average rank: 286.00; best: 191; worst: 376; stddev: 78.10; experts: 5; Sleeper match: matched_name_position. Same-day GDFM draft-era snapshot; exact pre/post-draft cutoff is unknown.,2467
FantasyPros ECR,2026,2026-08-30,draft,half_ppr,434,DST29,Washington Commanders,WAS,DEF,,,7,WAS,FantasyPros updated timestamp: 1788111282; average rank: 290.20; best: 183; worst: 367; stddev: 84.90; experts: 6; Sleeper match: team_abbreviation. Same-day GDFM draft-era snapshot; exact pre/post-draft cutoff is unknown.,2468
FantasyPros ECR,2026,2026-08-30,draft,half_ppr,435,TE64,Tanner Koziol,13408,TE,,,7,JAC,FantasyPros updated timestamp: 1788111282; average rank: 399.50; best: 347; worst: 464; stddev: 40.58; experts: 7; Sleeper match: matched_name_position. Same-day GDFM draft-era snapshot; exact pre/post-draft cutoff is unknown.,2469
FantasyPros ECR,2026,2026-08-30,draft,half_ppr,436,DST30,New York Jets,NYJ,DEF,,,13,NYJ,FantasyPros updated timestamp: 1788111282; average rank: 293.20; best: 181; worst: 373; stddev: 90.47; experts: 5; Sleeper match: team_abbreviation. Same-day GDFM draft-era snapshot; exact pre/post-draft cutoff is unknown.,2470
FantasyPros ECR,2026,2026-08-30,draft,half_ppr,437,TE65,Adam Trautman,6869,TE,,,10,DEN,FantasyPros updated timestamp: 1788111282; average rank: 404.33; best: 375; worst: 465; stddev: 30.34; experts: 7; Sleeper match: matched_name_position. Same-day GDFM draft-era snapshot; exact pre/post-draft cutoff is unknown.,2471
FantasyPros ECR,2026,2026-08-30,draft,half_ppr,438,DST31,Arizona Cardinals,ARI,DEF,,,14,ARI,FantasyPros updated timestamp: 1788111282; average rank: 299.60; best: 180; worst: 378; stddev: 88.01; experts: 5; Sleeper match: team_abbreviation. Same-day GDFM draft-era snapshot; exact pre/post-draft cutoff is unknown.,2472
FantasyPros ECR,2026,2026-08-30,draft,half_ppr,439,DST32,Las Vegas Raiders,LV,DEF,,,13,LV,FantasyPros updated timestamp: 1788111282; average rank: 301.60; best: 181; worst: 371; stddev: 79.46; experts: 6; Sleeper match: team_abbreviation. Same-day GDFM draft-era snapshot; exact pre/post-draft cutoff is unknown.,2473
FantasyPros ECR,2026,2026-08-30,draft,half_ppr,440,WR150,Tai Felton,12496,WR,,,6,MIN,FantasyPros updated timestamp: 1788111282; average rank: 416.83; best: 311; worst: 648; stddev: 111.83; experts: 7; Sleeper match: matched_name_position. Same-day GDFM draft-era snapshot; exact pre/post-draft cutoff is unknown.,2474
FantasyPros ECR,2026,2026-08-30,draft,half_ppr,441,WR151,Jimmy Horn Jr.,12523,WR,,,5,CAR,FantasyPros updated timestamp: 1788111282; average rank: 425.33; best: 332; worst: 694; stddev: 122.59; experts: 7; Sleeper match: matched_name_position. Same-day GDFM draft-era snapshot; exact pre/post-draft cutoff is unknown.,2475
FantasyPros ECR,2026,2026-08-30,draft,half_ppr,442,K30,Ben Sauls,13066,K,,,8,NYG,FantasyPros updated timestamp: 1788111282; average rank: 326.20; best: 220; worst: 439; stddev: 79.65; experts: 6; Sleeper match: matched_name_position. Same-day GDFM draft-era snapshot; exact pre/post-draft cutoff is unknown.,2476
FantasyPros ECR,2026,2026-08-30,draft,half_ppr,443,RB119,Hunter Luepke,11510,RB,,,14,DAL,FantasyPros updated timestamp: 1788111282; average rank: 437.33; best: 303; worst: 673; stddev: 138.60; experts: 7; Sleeper match: matched_name. Same-day GDFM draft-era snapshot; exact pre/post-draft cutoff is unknown.,2477
FantasyPros ECR,2026,2026-08-30,draft,half_ppr,444,K31,Spencer Shrader,12185,K,,,13,IND,FantasyPros updated timestamp: 1788111282; average rank: 336.60; best: 206; worst: 492; stddev: 100.57; experts: 5; Sleeper match: matched_name_position. Same-day GDFM draft-era snapshot; exact pre/post-draft cutoff is unknown.,2478
FantasyPros ECR,2026,2026-08-30,draft,half_ppr,445,TE66,Tommy Myers,,TE,,,,FA,FantasyPros updated timestamp: 1788111282; average rank: 337.00; best: 250; worst: 463; stddev: 85.11; experts: 5; Sleeper match: unmatched. Same-day GDFM draft-era snapshot; exact pre/post-draft cutoff is unknown.,2479
FantasyPros ECR,2026,2026-08-30,draft,half_ppr,446,WR152,Marquez Valdes-Scantling,5086,WR,,,14,DAL,FantasyPros updated timestamp: 1788111282; average rank: 337.40; best: 276; worst: 405; stddev: 43.22; experts: 5; Sleeper match: matched_name_position. Same-day GDFM draft-era snapshot; exact pre/post-draft cutoff is unknown.,2480
FantasyPros ECR,2026,2026-08-30,draft,half_ppr,447,RB120,Ronnie Rivers,8195,RB,,,11,LAR,FantasyPros updated timestamp: 1788111282; average rank: 440.33; best: 328; worst: 640; stddev: 123.60; experts: 7; Sleeper match: matched_name_position. Same-day GDFM draft-era snapshot; exact pre/post-draft cutoff is unknown.,2481
FantasyPros ECR,2026,2026-08-30,draft,half_ppr,448,K32,Drew Stevens,13968,K,,,7,WAS,FantasyPros updated timestamp: 1788111282; average rank: 341.20; best: 249; worst: 491; stddev: 89.41; experts: 5; Sleeper match: matched_name_position. Same-day GDFM draft-era snapshot; exact pre/post-draft cutoff is unknown.,2482
FantasyPros ECR,2026,2026-08-30,draft,half_ppr,449,TE67,Jonnu Smith,4144,TE,,,11,GB,FantasyPros updated timestamp: 1788111282; average rank: 349.20; best: 253; worst: 415; stddev: 54.09; experts: 5; Sleeper match: matched_name_position. Same-day GDFM draft-era snapshot; exact pre/post-draft cutoff is unknown.,2483
FantasyPros ECR,2026,2026-08-30,draft,half_ppr,450,RB121,Khalil Herbert,7608,RB,,,8,SF,FantasyPros updated timestamp: 1788111282; average rank: 350.60; best: 207; worst: 567; stddev: 135.23; experts: 5; Sleeper match: matched_name_position. Same-day GDFM draft-era snapshot; exact pre/post-draft cutoff is unknown.,2484
FantasyPros ECR,2026,2026-08-30,draft,half_ppr,451,WR153,Van Jefferson,6853,WR,,,7,WAS,FantasyPros updated timestamp: 1788111282; average rank: 382.60; best: 208; worst: 665; stddev: 155.19; experts: 5; Sleeper match: matched_name_position. Same-day GDFM draft-era snapshot; exact pre/post-draft cutoff is unknown.,2485
FantasyPros ECR,2026,2026-08-30,draft,half_ppr,452,TE68,Matt Hibner,13324,TE,,,13,BAL,FantasyPros updated timestamp: 1788111282; average rank: 386.80; best: 242; worst: 477; stddev: 82.48; experts: 6; Sleeper match: matched_name_position. Same-day GDFM draft-era snapshot; exact pre/post-draft cutoff is unknown.,2486
FantasyPros ECR,2026,2026-08-30,draft,half_ppr,453,TE69,Will Kacmarek,13434,TE,,,6,MIA,FantasyPros updated timestamp: 1788111282; average rank: 391.60; best: 319; worst: 471; stddev: 62.88; experts: 6; Sleeper match: matched_name_position. Same-day GDFM draft-era snapshot; exact pre/post-draft cutoff is unknown.,2487
FantasyPros ECR,2026,2026-08-30,draft,half_ppr,454,TE70,Josh Oliver,5973,TE,,,6,MIN,FantasyPros updated timestamp: 1788111282; average rank: 398.60; best: 352; worst: 444; stddev: 36.11; experts: 6; Sleeper match: matched_name_position. Same-day GDFM draft-era snapshot; exact pre/post-draft cutoff is unknown.,2488
FantasyPros ECR,2026,2026-08-30,draft,half_ppr,455,RB122,Antonio Gibson,6945,RB,,,,FA,FantasyPros updated timestamp: 1788111282; average rank: 402.40; best: 307; worst: 580; stddev: 97.29; experts: 5; Sleeper match: matched_name_position. Same-day GDFM draft-era snapshot; exact pre/post-draft cutoff is unknown.,2489
FantasyPros ECR,2026,2026-08-30,draft,half_ppr,456,TE71,Drew Sample,6001,TE,,,6,CIN,FantasyPros updated timestamp: 1788111282; average rank: 405.40; best: 331; worst: 467; stddev: 49.76; experts: 5; Sleeper match: matched_name_position. Same-day GDFM draft-era snapshot; exact pre/post-draft cutoff is unknown.,2490
FantasyPros ECR,2026,2026-08-30,draft,half_ppr,457,WR154,Xavier Smith,11168,WR,,,11,LAR,FantasyPros updated timestamp: 1788111282; average rank: 410.00; best: 292; worst: 671; stddev: 136.82; experts: 5; Sleeper match: matched_name_position. Same-day GDFM draft-era snapshot; exact pre/post-draft cutoff is unknown.,2491
FantasyPros ECR,2026,2026-08-30,draft,half_ppr,458,TE72,Foster Moreau,5985,TE,,,8,HOU,FantasyPros updated timestamp: 1788111282; average rank: 411.60; best: 282; worst: 497; stddev: 72.94; experts: 5; Sleeper match: matched_name_position. Same-day GDFM draft-era snapshot; exact pre/post-draft cutoff is unknown.,2492
FantasyPros ECR,2026,2026-08-30,draft,half_ppr,459,WR155,Mitch Tinsley,11068,WR,,,,FA,FantasyPros updated timestamp: 1788111282; average rank: 413.80; best: 288; worst: 656; stddev: 129.99; experts: 6; Sleeper match: matched_name_position. Same-day GDFM draft-era snapshot; exact pre/post-draft cutoff is unknown.,2493
FantasyPros ECR,2026,2026-08-30,draft,half_ppr,460,TE73,Mo Alie-Cox,4054,TE,,,13,IND,FantasyPros updated timestamp: 1788111282; average rank: 414.00; best: 311; worst: 478; stddev: 61.51; experts: 5; Sleeper match: matched_name_position. Same-day GDFM draft-era snapshot; exact pre/post-draft cutoff is unknown.,2494
FantasyPros ECR,2026,2026-08-30,draft,half_ppr,461,WR156,Tim Patrick,4351,WR,,,13,NYJ,FantasyPros updated timestamp: 1788111282; average rank: 417.20; best: 305; worst: 662; stddev: 128.42; experts: 5; Sleeper match: matched_name_position. Same-day GDFM draft-era snapshot; exact pre/post-draft cutoff is unknown.,2495
FantasyPros ECR,2026,2026-08-30,draft,half_ppr,462,TE74,Luke Schoonmaker,10871,TE,,,14,DAL,FantasyPros updated timestamp: 1788111282; average rank: 418.40; best: 365; worst: 468; stddev: 38.96; experts: 5; Sleeper match: matched_name_position. Same-day GDFM draft-era snapshot; exact pre/post-draft cutoff is unknown.,2496
FantasyPros ECR,2026,2026-08-30,draft,half_ppr,463,WR157,Isaiah Williams,11608,WR,,,,FA,FantasyPros updated timestamp: 1788111282; average rank: 419.60; best: 322; worst: 683; stddev: 136.55; experts: 6; Sleeper match: matched_name_position. Same-day GDFM draft-era snapshot; exact pre/post-draft cutoff is unknown.,2497
FantasyPros ECR,2026,2026-08-30,draft,half_ppr,464,WR158,Jahdae Walker,13079,WR,,,10,CHI,FantasyPros updated timestamp: 1788111282; average rank: 420.40; best: 322; worst: 651; stddev: 119.56; experts: 6; Sleeper match: matched_name_position. Same-day GDFM draft-era snapshot; exact pre/post-draft cutoff is unknown.,2498
FantasyPros ECR,2026,2026-08-30,draft,half_ppr,465,WR159,Reggie Virgil,13297,WR,,,14,ARI,FantasyPros updated timestamp: 1788111282; average rank: 420.60; best: 306; worst: 659; stddev: 125.31; experts: 5; Sleeper match: matched_name_position. Same-day GDFM draft-era snapshot; exact pre/post-draft cutoff is unknown.,2499
FantasyPros ECR,2026,2026-08-30,draft,half_ppr,466,TE75,Nate Boerkircher,13299,TE,,,7,JAC,FantasyPros updated timestamp: 1788111282; average rank: 424.00; best: 387; worst: 461; stddev: 29.95; experts: 5; Sleeper match: matched_name_position. Same-day GDFM draft-era snapshot; exact pre/post-draft cutoff is unknown.,2500
FantasyPros ECR,2026,2026-08-30,draft,half_ppr,467,TE76,Brock Wright,7891,TE,,,6,DET,FantasyPros updated timestamp: 1788111282; average rank: 428.40; best: 362; worst: 475; stddev: 42.73; experts: 5; Sleeper match: matched_name_position. Same-day GDFM draft-era snapshot; exact pre/post-draft cutoff is unknown.,2501
FantasyPros ECR,2026,2026-08-30,draft,half_ppr,468,TE77,Cade Stover,11599,TE,,,8,HOU,FantasyPros updated timestamp: 1788111282; average rank: 429.20; best: 346; worst: 539; stddev: 72.90; experts: 5; Sleeper match: matched_name_position. Same-day GDFM draft-era snapshot; exact pre/post-draft cutoff is unknown.,2502
FantasyPros ECR,2026,2026-08-30,draft,half_ppr,469,QB47,Tyrod Taylor,827,QB,,,11,GB,FantasyPros updated timestamp: 1788111282; average rank: 432.40; best: 328; worst: 717; stddev: 144.89; experts: 5; Sleeper match: matched_name_position. Same-day GDFM draft-era snapshot; exact pre/post-draft cutoff is unknown.,2503
FantasyPros ECR,2026,2026-08-30,draft,half_ppr,470,K33,Jake Moody,10937,K,,,,FA,FantasyPros updated timestamp: 1788111282; average rank: 307.50; best: 217; worst: 378; stddev: 63.59; experts: 4; Sleeper match: matched_name_position. Same-day GDFM draft-era snapshot; exact pre/post-draft cutoff is unknown.,2504
FantasyPros ECR,2026,2026-08-30,draft,half_ppr,471,K34,Jason Sanders,5119,K,,,13,NYJ,FantasyPros updated timestamp: 1788111282; average rank: 307.50; best: 261; worst: 370; stddev: 45.58; experts: 4; Sleeper match: matched_name_position. Same-day GDFM draft-era snapshot; exact pre/post-draft cutoff is unknown.,2505
FantasyPros ECR,2026,2026-08-30,draft,half_ppr,472,TE78,Jeremy Ruckert,8145,TE,,,13,NYJ,FantasyPros updated timestamp: 1788111282; average rank: 436.20; best: 378; worst: 511; stddev: 49.88; experts: 5; Sleeper match: matched_name_position. Same-day GDFM draft-era snapshot; exact pre/post-draft cutoff is unknown.,2506
FantasyPros ECR,2026,2026-08-30,draft,half_ppr,473,WR160,Lil'Jordan Humphrey,5938,WR,,,10,DEN,FantasyPros updated timestamp: 1788111282; average rank: 436.60; best: 349; worst: 674; stddev: 121.74; experts: 5; Sleeper match: matched_name_position. Same-day GDFM draft-era snapshot; exact pre/post-draft cutoff is unknown.,2507
FantasyPros ECR,2026,2026-08-30,draft,half_ppr,474,TE79,Durham Smythe,5008,TE,,,13,BAL,FantasyPros updated timestamp: 1788111282; average rank: 439.00; best: 374; worst: 536; stddev: 57.51; experts: 6; Sleeper match: matched_name_position. Same-day GDFM draft-era snapshot; exact pre/post-draft cutoff is unknown.,2508
FantasyPros ECR,2026,2026-08-30,draft,half_ppr,475,RB123,Jeremy McNichols,4219,RB,,,7,WAS,FantasyPros updated timestamp: 1788111282; average rank: 443.20; best: 331; worst: 563; stddev: 101.60; experts: 6; Sleeper match: matched_name_position. Same-day GDFM draft-era snapshot; exact pre/post-draft cutoff is unknown.,2509
FantasyPros ECR,2026,2026-08-30,draft,half_ppr,476,QB48,Riley Leonard,12470,QB,,,13,IND,FantasyPros updated timestamp: 1788111282; average rank: 443.60; best: 326; worst: 721; stddev: 141.31; experts: 5; Sleeper match: matched_name_position. Same-day GDFM draft-era snapshot; exact pre/post-draft cutoff is unknown.,2510
FantasyPros ECR,2026,2026-08-30,draft,half_ppr,477,TE80,Zach Ertz,1339,TE,,,,FA,FantasyPros updated timestamp: 1788111282; average rank: 318.75; best: 234; worst: 414; stddev: 75.70; experts: 4; Sleeper match: matched_name_position. Same-day GDFM draft-era snapshot; exact pre/post-draft cutoff is unknown.,2511
FantasyPros ECR,2026,2026-08-30,draft,half_ppr,478,TE81,Tanner Hudson,5409,TE,,,6,CIN,FantasyPros updated timestamp: 1788111282; average rank: 444.40; best: 378; worst: 546; stddev: 62.80; experts: 6; Sleeper match: matched_name_position. Same-day GDFM draft-era snapshot; exact pre/post-draft cutoff is unknown.,2512
FantasyPros ECR,2026,2026-08-30,draft,half_ppr,479,TE82,Jelani Woods,8219,TE,,,13,NYJ,FantasyPros updated timestamp: 1788111282; average rank: 444.60; best: 358; worst: 582; stddev: 83.85; experts: 6; Sleeper match: matched_name_position. Same-day GDFM draft-era snapshot; exact pre/post-draft cutoff is unknown.,2513
FantasyPros ECR,2026,2026-08-30,draft,half_ppr,480,RB124,Roman Hemby,13416,RB,,,13,LV,FantasyPros updated timestamp: 1788111282; average rank: 446.60; best: 261; worst: 677; stddev: 162.77; experts: 5; Sleeper match: matched_name_position. Same-day GDFM draft-era snapshot; exact pre/post-draft cutoff is unknown.,2514
FantasyPros ECR,2026,2026-08-30,draft,half_ppr,481,WR161,KeAndre Lambert-Smith,12670,WR,,,7,LAC,FantasyPros updated timestamp: 1788111282; average rank: 453.00; best: 343; worst: 680; stddev: 117.55; experts: 6; Sleeper match: matched_name_position. Same-day GDFM draft-era snapshot; exact pre/post-draft cutoff is unknown.,2515
FantasyPros ECR,2026,2026-08-30,draft,half_ppr,482,RB125,Robert Henry Jr.,13418,RB,,,7,WAS,FantasyPros updated timestamp: 1788111282; average rank: 458.00; best: 286; worst: 672; stddev: 137.94; experts: 6; Sleeper match: matched_name_position. Same-day GDFM draft-era snapshot; exact pre/post-draft cutoff is unknown.,2516
FantasyPros ECR,2026,2026-08-30,draft,half_ppr,483,RB126,Jacob Saylors,11237,RB,,,6,DET,FantasyPros updated timestamp: 1788111282; average rank: 459.20; best: 274; worst: 662; stddev: 148.47; experts: 6; Sleeper match: matched_name_position. Same-day GDFM draft-era snapshot; exact pre/post-draft cutoff is unknown.,2517
FantasyPros ECR,2026,2026-08-30,draft,half_ppr,484,WR162,Efton Chism III,12542,WR,,,11,NE,FantasyPros updated timestamp: 1788111282; average rank: 459.60; best: 380; worst: 708; stddev: 125.74; experts: 5; Sleeper match: matched_name_position. Same-day GDFM draft-era snapshot; exact pre/post-draft cutoff is unknown.,2518
FantasyPros ECR,2026,2026-08-30,draft,half_ppr,485,TE83,Nate Adkins,11433,TE,,,10,DEN,FantasyPros updated timestamp: 1788111282; average rank: 461.60; best: 354; worst: 600; stddev: 87.01; experts: 5; Sleeper match: matched_name_position. Same-day GDFM draft-era snapshot; exact pre/post-draft cutoff is unknown.,2519
FantasyPros ECR,2026,2026-08-30,draft,half_ppr,486,WR163,Brycen Tremayne,11157,WR,,,5,CAR,FantasyPros updated timestamp: 1788111282; average rank: 463.80; best: 374; worst: 702; stddev: 121.01; experts: 5; Sleeper match: matched_name_position. Same-day GDFM draft-era snapshot; exact pre/post-draft cutoff is unknown.,2520
FantasyPros ECR,2026,2026-08-30,draft,half_ppr,487,WR164,DeAndre Hopkins,1426,WR,,,13,BAL,FantasyPros updated timestamp: 1788111282; average rank: 345.50; best: 282; worst: 446; stddev: 68.35; experts: 4; Sleeper match: matched_name_position. Same-day GDFM draft-era snapshot; exact pre/post-draft cutoff is unknown.,2521
FantasyPros ECR,2026,2026-08-30,draft,half_ppr,488,RB127,Frank Gore Jr.,,RB,,,7,BUF,FantasyPros updated timestamp: 1788111282; average rank: 466.60; best: 363; worst: 598; stddev: 98.35; experts: 5; Sleeper match: unmatched. Same-day GDFM draft-era snapshot; exact pre/post-draft cutoff is unknown.,2522
FantasyPros ECR,2026,2026-08-30,draft,half_ppr,489,RB128,Alec Ingold,6109,RB,,,7,LAC,FantasyPros updated timestamp: 1788111282; average rank: 466.80; best: 277; worst: 698; stddev: 165.48; experts: 5; Sleeper match: matched_name. Same-day GDFM draft-era snapshot; exact pre/post-draft cutoff is unknown.,2523
FantasyPros ECR,2026,2026-08-30,draft,half_ppr,490,RB129,Lan Larison,12969,RB,,,11,NE,FantasyPros updated timestamp: 1788111282; average rank: 468.40; best: 319; worst: 650; stddev: 133.17; experts: 5; Sleeper match: matched_name_position. Same-day GDFM draft-era snapshot; exact pre/post-draft cutoff is unknown.,2524
FantasyPros ECR,2026,2026-08-30,draft,half_ppr,491,WR165,Jalen Brooks,11034,WR,,,14,ARI,FantasyPros updated timestamp: 1788111282; average rank: 470.40; best: 368; worst: 711; stddev: 123.09; experts: 5; Sleeper match: matched_name_position. Same-day GDFM draft-era snapshot; exact pre/post-draft cutoff is unknown.,2525
FantasyPros ECR,2026,2026-08-30,draft,half_ppr,492,RB130,Max Bredeson,13516,RB,,,6,MIN,FantasyPros updated timestamp: 1788111282; average rank: 476.80; best: 310; worst: 690; stddev: 155.31; experts: 5; Sleeper match: matched_name. Same-day GDFM draft-era snapshot; exact pre/post-draft cutoff is unknown.,2526
FantasyPros ECR,2026,2026-08-30,draft,half_ppr,493,RB131,Dylan Laube,11574,RB,,,13,LV,FantasyPros updated timestamp: 1788111282; average rank: 476.80; best: 336; worst: 692; stddev: 132.84; experts: 6; Sleeper match: matched_name_position. Same-day GDFM draft-era snapshot; exact pre/post-draft cutoff is unknown.,2527
FantasyPros ECR,2026,2026-08-30,draft,half_ppr,494,RB132,Patrick Ricard,4353,RB,,,8,NYG,FantasyPros updated timestamp: 1788111282; average rank: 479.60; best: 291; worst: 691; stddev: 152.86; experts: 5; Sleeper match: matched_name. Same-day GDFM draft-era snapshot; exact pre/post-draft cutoff is unknown.,2528
FantasyPros ECR,2026,2026-08-30,draft,half_ppr,495,RB133,Adam Prentice,8025,RB,,,10,DEN,FantasyPros updated timestamp: 1788111282; average rank: 482.60; best: 312; worst: 694; stddev: 155.42; experts: 5; Sleeper match: matched_name. Same-day GDFM draft-era snapshot; exact pre/post-draft cutoff is unknown.,2529
FantasyPros ECR,2026,2026-08-30,draft,half_ppr,496,RB134,Jaret Patterson,7537,RB,,,7,LAC,FantasyPros updated timestamp: 1788111282; average rank: 485.60; best: 359; worst: 645; stddev: 114.05; experts: 5; Sleeper match: matched_name_position. Same-day GDFM draft-era snapshot; exact pre/post-draft cutoff is unknown.,2530
FantasyPros ECR,2026,2026-08-30,draft,half_ppr,497,WR166,Xavier Restrepo,12520,WR,,,9,TEN,FantasyPros updated timestamp: 1788111282; average rank: 372.50; best: 261; worst: 450; stddev: 69.06; experts: 4; Sleeper match: matched_name_position. Same-day GDFM draft-era snapshot; exact pre/post-draft cutoff is unknown.,2531
FantasyPros ECR,2026,2026-08-30,draft,half_ppr,498,RB135,British Brooks,12171,RB,,,8,HOU,FantasyPros updated timestamp: 1788111282; average rank: 491.40; best: 328; worst: 678; stddev: 138.66; experts: 5; Sleeper match: matched_name_position. Same-day GDFM draft-era snapshot; exact pre/post-draft cutoff is unknown.,2532
FantasyPros ECR,2026,2026-08-30,draft,half_ppr,499,RB136,Reggie Gilliam,7204,RB,,,11,NE,FantasyPros updated timestamp: 1788111282; average rank: 495.20; best: 345; worst: 675; stddev: 124.89; experts: 6; Sleeper match: matched_name_position. Same-day GDFM draft-era snapshot; exact pre/post-draft cutoff is unknown.,2533
FantasyPros ECR,2026,2026-08-30,draft,half_ppr,500,RB137,Josh Williams,12787,RB,,,10,TB,FantasyPros updated timestamp: 1788111282; average rank: 501.00; best: 324; worst: 695; stddev: 145.32; experts: 6; Sleeper match: matched_name_position. Same-day GDFM draft-era snapshot; exact pre/post-draft cutoff is unknown.,2534
FantasyPros ECR,2026,2026-08-30,draft,half_ppr,501,RB138,Kene Nwangwu,7720,RB,,,13,NYJ,FantasyPros updated timestamp: 1788111282; average rank: 511.00; best: 364; worst: 693; stddev: 138.62; experts: 5; Sleeper match: matched_name_position. Same-day GDFM draft-era snapshot; exact pre/post-draft cutoff is unknown.,2535
FantasyPros ECR,2026,2026-08-30,draft,half_ppr,502,WR167,Chris Blair,7521,WR,,,11,ATL,FantasyPros updated timestamp: 1788111282; average rank: 406.00; best: 280; worst: 528; stddev: 92.83; experts: 4; Sleeper match: matched_name_position. Same-day GDFM draft-era snapshot; exact pre/post-draft cutoff is unknown.,2536
FantasyPros ECR,2026,2026-08-30,draft,half_ppr,503,QB49,Jake Browning,6111,QB,,,,FA,FantasyPros updated timestamp: 1788111282; average rank: 423.50; best: 227; worst: 734; stddev: 193.22; experts: 4; Sleeper match: matched_name_position. Same-day GDFM draft-era snapshot; exact pre/post-draft cutoff is unknown.,2537
FantasyPros ECR,2026,2026-08-30,draft,half_ppr,504,TE84,Moliki Matavao,12480,TE,,,8,NO,FantasyPros updated timestamp: 1788111282; average rank: 425.25; best: 273; worst: 604; stddev: 123.38; experts: 4; Sleeper match: matched_name_position. Same-day GDFM draft-era snapshot; exact pre/post-draft cutoff is unknown.,2538
FantasyPros ECR,2026,2026-08-30,draft,half_ppr,505,WR168,Elijah Moore,7596,WR,,,10,PHI,FantasyPros updated timestamp: 1788111282; average rank: 438.50; best: 311; worst: 668; stddev: 144.49; experts: 4; Sleeper match: matched_name_position. Same-day GDFM draft-era snapshot; exact pre/post-draft cutoff is unknown.,2539
FantasyPros ECR,2026,2026-08-30,draft,half_ppr,506,RB139,Michael Burton,2471,RB,,,11,CLE,FantasyPros updated timestamp: 1788111282; average rank: 445.25; best: 330; worst: 630; stddev: 118.79; experts: 4; Sleeper match: matched_name. Same-day GDFM draft-era snapshot; exact pre/post-draft cutoff is unknown.,2540
FantasyPros ECR,2026,2026-08-30,draft,half_ppr,507,TE85,Sam Roush,13322,TE,,,10,CHI,FantasyPros updated timestamp: 1788111282; average rank: 448.00; best: 334; worst: 545; stddev: 75.12; experts: 4; Sleeper match: matched_name_position. Same-day GDFM draft-era snapshot; exact pre/post-draft cutoff is unknown.,2541
FantasyPros ECR,2026,2026-08-30,draft,half_ppr,508,RB140,Nathan Carter,12897,RB,,,11,ATL,FantasyPros updated timestamp: 1788111282; average rank: 452.25; best: 337; worst: 633; stddev: 114.28; experts: 4; Sleeper match: matched_name_position. Same-day GDFM draft-era snapshot; exact pre/post-draft cutoff is unknown.,2542
FantasyPros ECR,2026,2026-08-30,draft,half_ppr,509,TE86,Josh Cuevas,13273,TE,,,13,BAL,FantasyPros updated timestamp: 1788111282; average rank: 454.50; best: 369; worst: 508; stddev: 52.03; experts: 4; Sleeper match: matched_name_position. Same-day GDFM draft-era snapshot; exact pre/post-draft cutoff is unknown.,2543
FantasyPros ECR,2026,2026-08-30,draft,half_ppr,510,TE87,Davis Allen,10214,TE,,,11,LAR,FantasyPros updated timestamp: 1788111282; average rank: 457.00; best: 395; worst: 481; stddev: 35.92; experts: 4; Sleeper match: matched_name_position. Same-day GDFM draft-era snapshot; exact pre/post-draft cutoff is unknown.,2544
FantasyPros ECR,2026,2026-08-30,draft,half_ppr,511,WR169,Jacob Cowing,11616,WR,,,8,SF,FantasyPros updated timestamp: 1788111282; average rank: 460.50; best: 327; worst: 691; stddev: 141.49; experts: 4; Sleeper match: matched_name_position. Same-day GDFM draft-era snapshot; exact pre/post-draft cutoff is unknown.,2545
FantasyPros ECR,2026,2026-08-30,draft,half_ppr,512,QB50,Gardner Minshew II,6011,QB,,,14,ARI,FantasyPros updated timestamp: 1788111282; average rank: 467.00; best: 338; worst: 744; stddev: 161.80; experts: 4; Sleeper match: matched_name_position. Same-day GDFM draft-era snapshot; exact pre/post-draft cutoff is unknown.,2546
FantasyPros ECR,2026,2026-08-30,draft,half_ppr,513,TE88,Tyler Conklin,5133,TE,,,6,DET,FantasyPros updated timestamp: 1788111282; average rank: 467.25; best: 379; worst: 525; stddev: 55.93; experts: 4; Sleeper match: matched_name_position. Same-day GDFM draft-era snapshot; exact pre/post-draft cutoff is unknown.,2547
FantasyPros ECR,2026,2026-08-30,draft,half_ppr,514,WR170,Cedrick Wilson Jr.,5113,WR,,,,FA,FantasyPros updated timestamp: 1788111282; average rank: 468.00; best: 286; worst: 697; stddev: 147.66; experts: 4; Sleeper match: matched_name_position. Same-day GDFM draft-era snapshot; exact pre/post-draft cutoff is unknown.,2548
FantasyPros ECR,2026,2026-08-30,draft,half_ppr,515,WR171,Josh Cameron,13394,WR,,,7,JAC,FantasyPros updated timestamp: 1788111282; average rank: 469.25; best: 313; worst: 705; stddev: 144.77; experts: 4; Sleeper match: matched_name_position. Same-day GDFM draft-era snapshot; exact pre/post-draft cutoff is unknown.,2549
FantasyPros ECR,2026,2026-08-30,draft,half_ppr,516,TE89,Julian Hill,11371,TE,,,11,NE,FantasyPros updated timestamp: 1788111282; average rank: 469.75; best: 368; worst: 546; stddev: 64.56; experts: 4; Sleeper match: matched_name_position. Same-day GDFM draft-era snapshot; exact pre/post-draft cutoff is unknown.,2550
FantasyPros ECR,2026,2026-08-30,draft,half_ppr,517,TE90,Luke Farrell,7842,TE,,,8,SF,FantasyPros updated timestamp: 1788111282; average rank: 472.00; best: 407; worst: 502; stddev: 38.74; experts: 4; Sleeper match: matched_name_position. Same-day GDFM draft-era snapshot; exact pre/post-draft cutoff is unknown.,2551
FantasyPros ECR,2026,2026-08-30,draft,half_ppr,518,WR172,Justin Watson,5374,WR,,,8,HOU,FantasyPros updated timestamp: 1788111282; average rank: 474.50; best: 351; worst: 686; stddev: 128.96; experts: 4; Sleeper match: matched_name_position. Same-day GDFM draft-era snapshot; exact pre/post-draft cutoff is unknown.,2552
FantasyPros ECR,2026,2026-08-30,draft,half_ppr,519,TE91,Payne Durham,10227,TE,,,10,TB,FantasyPros updated timestamp: 1788111282; average rank: 475.00; best: 394; worst: 533; stddev: 50.68; experts: 4; Sleeper match: matched_name_position. Same-day GDFM draft-era snapshot; exact pre/post-draft cutoff is unknown.,2553
FantasyPros ECR,2026,2026-08-30,draft,half_ppr,520,QB51,Trey Lance,7610,QB,,,7,LAC,FantasyPros updated timestamp: 1788111282; average rank: 478.75; best: 382; worst: 727; stddev: 144.15; experts: 4; Sleeper match: matched_name_position. Same-day GDFM draft-era snapshot; exact pre/post-draft cutoff is unknown.,2554
FantasyPros ECR,2026,2026-08-30,draft,half_ppr,521,TE92,Ben Sims,11082,TE,,,6,MIA,FantasyPros updated timestamp: 1788111282; average rank: 479.00; best: 403; worst: 532; stddev: 47.33; experts: 4; Sleeper match: matched_name_position. Same-day GDFM draft-era snapshot; exact pre/post-draft cutoff is unknown.,2555
FantasyPros ECR,2026,2026-08-30,draft,half_ppr,522,WR173,Myles Price,13075,WR,,,6,MIN,FantasyPros updated timestamp: 1788111282; average rank: 479.50; best: 362; worst: 714; stddev: 141.81; experts: 4; Sleeper match: matched_name_position. Same-day GDFM draft-era snapshot; exact pre/post-draft cutoff is unknown.,2556
FantasyPros ECR,2026,2026-08-30,draft,half_ppr,523,TE93,Khalil Dinkins,13432,TE,,,8,SF,FantasyPros updated timestamp: 1788111282; average rank: 479.50; best: 386; worst: 537; stddev: 59.84; experts: 4; Sleeper match: matched_name_position. Same-day GDFM draft-era snapshot; exact pre/post-draft cutoff is unknown.,2557
FantasyPros ECR,2026,2026-08-30,draft,half_ppr,524,RB141,Lew Nichols III,9510,RB,,,9,PIT,FantasyPros updated timestamp: 1788111282; average rank: 484.25; best: 313; worst: 601; stddev: 109.04; experts: 4; Sleeper match: matched_name_position. Same-day GDFM draft-era snapshot; exact pre/post-draft cutoff is unknown.,2558
FantasyPros ECR,2026,2026-08-30,draft,half_ppr,525,WR174,David Sills V,,WR,,,10,TB,FantasyPros updated timestamp: 1788111282; average rank: 484.25; best: 343; worst: 755; stddev: 162.76; experts: 4; Sleeper match: unmatched. Same-day GDFM draft-era snapshot; exact pre/post-draft cutoff is unknown.,2559
FantasyPros ECR,2026,2026-08-30,draft,half_ppr,526,TE94,Blake Whiteheart,11201,TE,,,11,CLE,FantasyPros updated timestamp: 1788111282; average rank: 486.50; best: 406; worst: 535; stddev: 49.27; experts: 4; Sleeper match: matched_name_position. Same-day GDFM draft-era snapshot; exact pre/post-draft cutoff is unknown.,2560
FantasyPros ECR,2026,2026-08-30,draft,half_ppr,527,WR175,Tyrell Shavers,11377,WR,,,7,BUF,FantasyPros updated timestamp: 1788111282; average rank: 487.50; best: 337; worst: 752; stddev: 164.28; experts: 4; Sleeper match: matched_name_position. Same-day GDFM draft-era snapshot; exact pre/post-draft cutoff is unknown.,2561
FantasyPros ECR,2026,2026-08-30,draft,half_ppr,528,TE95,Josh Whyle,10212,TE,,,11,GB,FantasyPros updated timestamp: 1788111282; average rank: 489.75; best: 394; worst: 591; stddev: 69.74; experts: 4; Sleeper match: matched_name_position. Same-day GDFM draft-era snapshot; exact pre/post-draft cutoff is unknown.,2562
FantasyPros ECR,2026,2026-08-30,draft,half_ppr,529,WR176,Mason Tipton,11895,WR,,,8,NO,FantasyPros updated timestamp: 1788111282; average rank: 491.50; best: 329; worst: 717; stddev: 143.03; experts: 4; Sleeper match: matched_name_position. Same-day GDFM draft-era snapshot; exact pre/post-draft cutoff is unknown.,2563
FantasyPros ECR,2026,2026-08-30,draft,half_ppr,530,WR177,Velus Jones Jr.,8223,WR,,,11,SEA,FantasyPros updated timestamp: 1788111282; average rank: 493.00; best: 320; worst: 797; stddev: 184.14; experts: 4; Sleeper match: matched_name_position. Same-day GDFM draft-era snapshot; exact pre/post-draft cutoff is unknown.,2564
FantasyPros ECR,2026,2026-08-30,draft,half_ppr,531,WR178,Theo Wease Jr.,12860,WR,,,,FA,FantasyPros updated timestamp: 1788111282; average rank: 342.67; best: 227; worst: 477; stddev: 102.91; experts: 3; Sleeper match: matched_name_position. Same-day GDFM draft-era snapshot; exact pre/post-draft cutoff is unknown.,2565
FantasyPros ECR,2026,2026-08-30,draft,half_ppr,532,TE96,Brevyn Spann-Ford,11593,TE,,,14,DAL,FantasyPros updated timestamp: 1788111282; average rank: 493.75; best: 408; worst: 573; stddev: 58.64; experts: 4; Sleeper match: matched_name_position. Same-day GDFM draft-era snapshot; exact pre/post-draft cutoff is unknown.,2566
FantasyPros ECR,2026,2026-08-30,draft,half_ppr,533,WR179,Kameron Johnson,11994,WR,,,10,TB,FantasyPros updated timestamp: 1788111282; average rank: 496.25; best: 335; worst: 725; stddev: 144.68; experts: 4; Sleeper match: matched_name_position. Same-day GDFM draft-era snapshot; exact pre/post-draft cutoff is unknown.,2567
FantasyPros ECR,2026,2026-08-30,draft,half_ppr,534,WR180,Derius Davis,10234,WR,,,7,LAC,FantasyPros updated timestamp: 1788111282; average rank: 496.75; best: 339; worst: 720; stddev: 139.03; experts: 4; Sleeper match: matched_name_position. Same-day GDFM draft-era snapshot; exact pre/post-draft cutoff is unknown.,2568
FantasyPros ECR,2026,2026-08-30,draft,half_ppr,535,WR181,Kaden Wetjen,13491,WR,,,9,PIT,FantasyPros updated timestamp: 1788111282; average rank: 497.25; best: 325; worst: 772; stddev: 170.31; experts: 4; Sleeper match: matched_name_position. Same-day GDFM draft-era snapshot; exact pre/post-draft cutoff is unknown.,2569
FantasyPros ECR,2026,2026-08-30,draft,half_ppr,536,WR182,Tyler Lockett,2374,WR,,,13,LV,FantasyPros updated timestamp: 1788111282; average rank: 348.67; best: 274; worst: 481; stddev: 93.83; experts: 3; Sleeper match: matched_name_position. Same-day GDFM draft-era snapshot; exact pre/post-draft cutoff is unknown.,2570
FantasyPros ECR,2026,2026-08-30,draft,half_ppr,537,WR183,Scotty Miller,6290,WR,,,10,CHI,FantasyPros updated timestamp: 1788111282; average rank: 501.75; best: 329; worst: 766; stddev: 161.64; experts: 4; Sleeper match: matched_name_position. Same-day GDFM draft-era snapshot; exact pre/post-draft cutoff is unknown.,2571
FantasyPros ECR,2026,2026-08-30,draft,half_ppr,538,WR184,Bo Melton,8204,WR,,,11,GB,FantasyPros updated timestamp: 1788111282; average rank: 502.25; best: 328; worst: 784; stddev: 175.96; experts: 4; Sleeper match: matched_name_position. Same-day GDFM draft-era snapshot; exact pre/post-draft cutoff is unknown.,2572
FantasyPros ECR,2026,2026-08-30,draft,half_ppr,539,WR185,Ben Skowronek,7757,WR,,,9,PIT,FantasyPros updated timestamp: 1788111282; average rank: 505.25; best: 326; worst: 781; stddev: 171.78; experts: 4; Sleeper match: matched_name_position. Same-day GDFM draft-era snapshot; exact pre/post-draft cutoff is unknown.,2573
FantasyPros ECR,2026,2026-08-30,draft,half_ppr,540,WR186,Arian Smith,12539,WR,,,13,NYJ,FantasyPros updated timestamp: 1788111282; average rank: 508.75; best: 336; worst: 743; stddev: 148.47; experts: 4; Sleeper match: matched_name_position. Same-day GDFM draft-era snapshot; exact pre/post-draft cutoff is unknown.,2574
FantasyPros ECR,2026,2026-08-30,draft,half_ppr,541,WR187,Michael Bandy,8076,WR,,,10,DEN,FantasyPros updated timestamp: 1788111282; average rank: 509.50; best: 388; worst: 746; stddev: 143.62; experts: 4; Sleeper match: matched_name_position. Same-day GDFM draft-era snapshot; exact pre/post-draft cutoff is unknown.,2575
FantasyPros ECR,2026,2026-08-30,draft,half_ppr,542,RB142,Cash Jones,13595,RB,,,11,ATL,FantasyPros updated timestamp: 1788111282; average rank: 511.50; best: 359; worst: 647; stddev: 104.97; experts: 4; Sleeper match: matched_name_position. Same-day GDFM draft-era snapshot; exact pre/post-draft cutoff is unknown.,2576
FantasyPros ECR,2026,2026-08-30,draft,half_ppr,543,RB143,Tyler Badie,8208,RB,,,10,DEN,FantasyPros updated timestamp: 1788111282; average rank: 511.75; best: 247; worst: 653; stddev: 162.20; experts: 4; Sleeper match: matched_name_position. Same-day GDFM draft-era snapshot; exact pre/post-draft cutoff is unknown.,2577
FantasyPros ECR,2026,2026-08-30,draft,half_ppr,544,WR188,Jonathan Mingo,10225,WR,,,14,DAL,FantasyPros updated timestamp: 1788111282; average rank: 512.75; best: 343; worst: 731; stddev: 139.92; experts: 4; Sleeper match: matched_name_position. Same-day GDFM draft-era snapshot; exact pre/post-draft cutoff is unknown.,2578
FantasyPros ECR,2026,2026-08-30,draft,half_ppr,545,WR189,Malachi Corley,11617,WR,,,11,CLE,FantasyPros updated timestamp: 1788111282; average rank: 514.00; best: 400; worst: 734; stddev: 134.95; experts: 4; Sleeper match: matched_name_position. Same-day GDFM draft-era snapshot; exact pre/post-draft cutoff is unknown.,2579
FantasyPros ECR,2026,2026-08-30,draft,half_ppr,546,WR190,Kevin Austin Jr.,8200,WR,,,8,NO,FantasyPros updated timestamp: 1788111282; average rank: 373.67; best: 265; worst: 501; stddev: 97.25; experts: 3; Sleeper match: matched_name_position. Same-day GDFM draft-era snapshot; exact pre/post-draft cutoff is unknown.,2580
FantasyPros ECR,2026,2026-08-30,draft,half_ppr,547,RB144,Noah Whittington,13437,RB,,,8,HOU,FantasyPros updated timestamp: 1788111282; average rank: 516.75; best: 357; worst: 642; stddev: 107.94; experts: 4; Sleeper match: matched_name_position. Same-day GDFM draft-era snapshot; exact pre/post-draft cutoff is unknown.,2581
FantasyPros ECR,2026,2026-08-30,draft,half_ppr,548,WR191,Jared Wayne,11056,WR,,,8,HOU,FantasyPros updated timestamp: 1788111282; average rank: 376.33; best: 240; worst: 498; stddev: 105.84; experts: 3; Sleeper match: matched_name_position. Same-day GDFM draft-era snapshot; exact pre/post-draft cutoff is unknown.,2582
FantasyPros ECR,2026,2026-08-30,draft,half_ppr,549,WR192,Skyy Moore,8168,WR,,,11,GB,FantasyPros updated timestamp: 1788111282; average rank: 519.75; best: 388; worst: 737; stddev: 132.78; experts: 4; Sleeper match: matched_name_position. Same-day GDFM draft-era snapshot; exact pre/post-draft cutoff is unknown.,2583
FantasyPros ECR,2026,2026-08-30,draft,half_ppr,550,WR193,Michael Woods II,8202,WR,,,10,DEN,FantasyPros updated timestamp: 1788111282; average rank: 378.00; best: 259; worst: 494; stddev: 95.96; experts: 3; Sleeper match: matched_name_position. Same-day GDFM draft-era snapshot; exact pre/post-draft cutoff is unknown.,2584
FantasyPros ECR,2026,2026-08-30,draft,half_ppr,551,RB145,Travis Homer,6012,RB,,,9,PIT,FantasyPros updated timestamp: 1788111282; average rank: 522.50; best: 321; worst: 686; stddev: 135.81; experts: 4; Sleeper match: matched_name_position. Same-day GDFM draft-era snapshot; exact pre/post-draft cutoff is unknown.,2585
FantasyPros ECR,2026,2026-08-30,draft,half_ppr,552,RB146,Sincere McCormick,8220,RB,,,8,SF,FantasyPros updated timestamp: 1788111282; average rank: 523.00; best: 364; worst: 664; stddev: 109.96; experts: 4; Sleeper match: matched_name_position. Same-day GDFM draft-era snapshot; exact pre/post-draft cutoff is unknown.,2586
FantasyPros ECR,2026,2026-08-30,draft,half_ppr,553,WR194,Darius Cooper,13150,WR,,,10,PHI,FantasyPros updated timestamp: 1788111282; average rank: 523.50; best: 357; worst: 794; stddev: 166.16; experts: 4; Sleeper match: matched_name_position. Same-day GDFM draft-era snapshot; exact pre/post-draft cutoff is unknown.,2587
FantasyPros ECR,2026,2026-08-30,draft,half_ppr,554,WR195,Jeshaun Jones,11911,WR,,,6,MIN,FantasyPros updated timestamp: 1788111282; average rank: 383.33; best: 237; worst: 509; stddev: 112.00; experts: 3; Sleeper match: matched_name_position. Same-day GDFM draft-era snapshot; exact pre/post-draft cutoff is unknown.,2588
FantasyPros ECR,2026,2026-08-30,draft,half_ppr,555,WR196,David Moore,4274,WR,,,5,CAR,FantasyPros updated timestamp: 1788111282; average rank: 524.25; best: 340; worst: 815; stddev: 179.83; experts: 4; Sleeper match: matched_name_position. Same-day GDFM draft-era snapshot; exact pre/post-draft cutoff is unknown.,2589
FantasyPros ECR,2026,2026-08-30,draft,half_ppr,556,WR197,Jakobie Keeney-James,12935,WR,,,,FA,FantasyPros updated timestamp: 1788111282; average rank: 385.33; best: 222; worst: 523; stddev: 124.22; experts: 3; Sleeper match: matched_name_position. Same-day GDFM draft-era snapshot; exact pre/post-draft cutoff is unknown.,2590
FantasyPros ECR,2026,2026-08-30,draft,half_ppr,557,WR198,Anthony Gould,11762,WR,,,13,IND,FantasyPros updated timestamp: 1788111282; average rank: 525.75; best: 324; worst: 749; stddev: 150.65; experts: 4; Sleeper match: matched_name_position. Same-day GDFM draft-era snapshot; exact pre/post-draft cutoff is unknown.,2591
FantasyPros ECR,2026,2026-08-30,draft,half_ppr,558,WR199,Casey Washington,11806,WR,,,5,CAR,FantasyPros updated timestamp: 1788111282; average rank: 386.67; best: 254; worst: 505; stddev: 102.97; experts: 3; Sleeper match: matched_name_position. Same-day GDFM draft-era snapshot; exact pre/post-draft cutoff is unknown.,2592
FantasyPros ECR,2026,2026-08-30,draft,half_ppr,559,RB147,Jaydn Ott,13419,RB,,,5,KC,FantasyPros updated timestamp: 1788111282; average rank: 529.50; best: 338; worst: 682; stddev: 129.82; experts: 4; Sleeper match: matched_name_position. Same-day GDFM draft-era snapshot; exact pre/post-draft cutoff is unknown.,2593
FantasyPros ECR,2026,2026-08-30,draft,half_ppr,560,WR200,Cody White,7039,WR,,,11,SEA,FantasyPros updated timestamp: 1788111282; average rank: 530.75; best: 372; worst: 828; stddev: 180.11; experts: 4; Sleeper match: matched_name_position. Same-day GDFM draft-era snapshot; exact pre/post-draft cutoff is unknown.,2594
FantasyPros ECR,2026,2026-08-30,draft,half_ppr,561,WR201,Devin Duvernay,6847,WR,,,14,ARI,FantasyPros updated timestamp: 1788111282; average rank: 531.50; best: 373; worst: 778; stddev: 152.64; experts: 4; Sleeper match: matched_name_position. Same-day GDFM draft-era snapshot; exact pre/post-draft cutoff is unknown.,2595
FantasyPros ECR,2026,2026-08-30,draft,half_ppr,562,WR202,Quentin Skinner,12907,WR,,,,FA,FantasyPros updated timestamp: 1788111282; average rank: 395.33; best: 255; worst: 510; stddev: 105.67; experts: 3; Sleeper match: matched_name_position. Same-day GDFM draft-era snapshot; exact pre/post-draft cutoff is unknown.,2596
FantasyPros ECR,2026,2026-08-30,draft,half_ppr,563,RB148,Miles Davis,14044,RB,,,,FA,FantasyPros updated timestamp: 1788111282; average rank: 533.00; best: 357; worst: 654; stddev: 116.67; experts: 4; Sleeper match: matched_name_position. Same-day GDFM draft-era snapshot; exact pre/post-draft cutoff is unknown.,2597
FantasyPros ECR,2026,2026-08-30,draft,half_ppr,564,WR203,Nikko Remigio,11320,WR,,,5,KC,FantasyPros updated timestamp: 1788111282; average rank: 534.00; best: 381; worst: 792; stddev: 157.82; experts: 4; Sleeper match: matched_name_position. Same-day GDFM draft-era snapshot; exact pre/post-draft cutoff is unknown.,2598
FantasyPros ECR,2026,2026-08-30,draft,half_ppr,565,WR204,Jake Bobo,10867,WR,,,11,SEA,FantasyPros updated timestamp: 1788111282; average rank: 537.75; best: 344; worst: 824; stddev: 175.92; experts: 4; Sleeper match: matched_name_position. Same-day GDFM draft-era snapshot; exact pre/post-draft cutoff is unknown.,2599
FantasyPros ECR,2026,2026-08-30,draft,half_ppr,566,WR205,Dareke Young,8527,WR,,,13,LV,FantasyPros updated timestamp: 1788111282; average rank: 538.00; best: 390; worst: 802; stddev: 160.72; experts: 4; Sleeper match: matched_name_position. Same-day GDFM draft-era snapshot; exact pre/post-draft cutoff is unknown.,2600
FantasyPros ECR,2026,2026-08-30,draft,half_ppr,567,WR206,Gage Larvadain,13101,WR,,,11,CLE,FantasyPros updated timestamp: 1788111282; average rank: 539.75; best: 377; worst: 809; stddev: 164.92; experts: 4; Sleeper match: matched_name_position. Same-day GDFM draft-era snapshot; exact pre/post-draft cutoff is unknown.,2601
FantasyPros ECR,2026,2026-08-30,draft,half_ppr,568,RB149,Ahmani Marshall,12797,RB,,,11,CLE,FantasyPros updated timestamp: 1788111282; average rank: 541.00; best: 329; worst: 681; stddev: 139.46; experts: 4; Sleeper match: matched_name_position. Same-day GDFM draft-era snapshot; exact pre/post-draft cutoff is unknown.,2602
FantasyPros ECR,2026,2026-08-30,draft,half_ppr,569,WR207,Britain Covey,8414,WR,,,10,PHI,FantasyPros updated timestamp: 1788111282; average rank: 541.25; best: 380; worst: 826; stddev: 173.67; experts: 4; Sleeper match: matched_name_position. Same-day GDFM draft-era snapshot; exact pre/post-draft cutoff is unknown.,2603
FantasyPros ECR,2026,2026-08-30,draft,half_ppr,570,WR208,Jordan Watkins,12634,WR,,,8,SF,FantasyPros updated timestamp: 1788111282; average rank: 407.67; best: 270; worst: 516; stddev: 102.55; experts: 3; Sleeper match: matched_name_position. Same-day GDFM draft-era snapshot; exact pre/post-draft cutoff is unknown.,2604
FantasyPros ECR,2026,2026-08-30,draft,half_ppr,571,WR209,Ke'Shawn Williams,12971,WR,,,6,CIN,FantasyPros updated timestamp: 1788111282; average rank: 546.50; best: 371; worst: 763; stddev: 140.25; experts: 4; Sleeper match: matched_name_position. Same-day GDFM draft-era snapshot; exact pre/post-draft cutoff is unknown.,2605
FantasyPros ECR,2026,2026-08-30,draft,half_ppr,572,WR210,Coleman Owen,12829,WR,,,13,IND,FantasyPros updated timestamp: 1788111282; average rank: 424.00; best: 232; worst: 522; stddev: 135.77; experts: 3; Sleeper match: matched_name_position. Same-day GDFM draft-era snapshot; exact pre/post-draft cutoff is unknown.,2606
FantasyPros ECR,2026,2026-08-30,draft,half_ppr,573,WR211,Isaiah Williams,11608,WR,,,13,NYJ,FantasyPros updated timestamp: 1788111282; average rank: 430.33; best: 287; worst: 677; stddev: 175.18; experts: 3; Sleeper match: matched_name_position. Same-day GDFM draft-era snapshot; exact pre/post-draft cutoff is unknown.,2607
FantasyPros ECR,2026,2026-08-30,draft,half_ppr,574,WR212,Mason Kinsey,7436,WR,,,9,TEN,FantasyPros updated timestamp: 1788111282; average rank: 559.25; best: 412; worst: 839; stddev: 168.76; experts: 4; Sleeper match: matched_name_position. Same-day GDFM draft-era snapshot; exact pre/post-draft cutoff is unknown.,2608
FantasyPros ECR,2026,2026-08-30,draft,half_ppr,575,RB150,DeeJay Dallas,6931,RB,,,7,JAC,FantasyPros updated timestamp: 1788111282; average rank: 559.75; best: 366; worst: 669; stddev: 122.48; experts: 4; Sleeper match: matched_name_position. Same-day GDFM draft-era snapshot; exact pre/post-draft cutoff is unknown.,2609
FantasyPros ECR,2026,2026-08-30,draft,half_ppr,576,WR213,Maurice Alexander,8921,WR,,,10,CHI,FantasyPros updated timestamp: 1788111282; average rank: 434.33; best: 252; worst: 526; stddev: 128.93; experts: 3; Sleeper match: matched_name_position. Same-day GDFM draft-era snapshot; exact pre/post-draft cutoff is unknown.,2610
FantasyPros ECR,2026,2026-08-30,draft,half_ppr,577,WR214,Charlie Jones,10228,WR,,,6,CIN,FantasyPros updated timestamp: 1788111282; average rank: 562.75; best: 359; worst: 831; stddev: 170.16; experts: 4; Sleeper match: matched_name_position. Same-day GDFM draft-era snapshot; exact pre/post-draft cutoff is unknown.,2611
FantasyPros ECR,2026,2026-08-30,draft,half_ppr,578,RB151,Anderson Castle,14041,RB,,,13,IND,FantasyPros updated timestamp: 1788111282; average rank: 564.50; best: 382; worst: 685; stddev: 123.64; experts: 4; Sleeper match: matched_name_position. Same-day GDFM draft-era snapshot; exact pre/post-draft cutoff is unknown.,2612
FantasyPros ECR,2026,2026-08-30,draft,half_ppr,579,RB152,Eric Gray,10223,RB,,,8,NYG,FantasyPros updated timestamp: 1788111282; average rank: 573.00; best: 393; worst: 696; stddev: 123.66; experts: 4; Sleeper match: matched_name_position. Same-day GDFM draft-era snapshot; exact pre/post-draft cutoff is unknown.,2613
FantasyPros ECR,2026,2026-08-30,draft,half_ppr,580,WR215,Tom Kennedy,6588,WR,,,6,DET,FantasyPros updated timestamp: 1788111282; average rank: 573.50; best: 372; worst: 843; stddev: 187.65; experts: 4; Sleeper match: matched_name_position. Same-day GDFM draft-era snapshot; exact pre/post-draft cutoff is unknown.,2614
FantasyPros ECR,2026,2026-08-30,draft,half_ppr,581,TE97,Drake Dabney,13210,TE,,,11,GB,FantasyPros updated timestamp: 1788111282; average rank: 460.33; best: 228; worst: 613; stddev: 166.97; experts: 3; Sleeper match: matched_name_position. Same-day GDFM draft-era snapshot; exact pre/post-draft cutoff is unknown.,2615
FantasyPros ECR,2026,2026-08-30,draft,half_ppr,582,RB153,CJ Donaldson,13277,RB,,,8,NO,FantasyPros updated timestamp: 1788111282; average rank: 585.00; best: 372; worst: 724; stddev: 140.25; experts: 4; Sleeper match: matched_name_position. Same-day GDFM draft-era snapshot; exact pre/post-draft cutoff is unknown.,2616
FantasyPros ECR,2026,2026-08-30,draft,half_ppr,583,QB52,Quinn Ewers,12500,QB,,,7,JAC,FantasyPros updated timestamp: 1788111282; average rank: 473.67; best: 297; worst: 719; stddev: 178.99; experts: 3; Sleeper match: matched_name_position. Same-day GDFM draft-era snapshot; exact pre/post-draft cutoff is unknown.,2617
FantasyPros ECR,2026,2026-08-30,draft,half_ppr,584,TE98,Jaheim Bell,11605,TE,,,,FA,FantasyPros updated timestamp: 1788111282; average rank: 474.33; best: 243; worst: 635; stddev: 167.65; experts: 3; Sleeper match: matched_name_position. Same-day GDFM draft-era snapshot; exact pre/post-draft cutoff is unknown.,2618
FantasyPros ECR,2026,2026-08-30,draft,half_ppr,585,TE99,Albert Okwuegbunam Jr.,6843,TE,,,13,LV,FantasyPros updated timestamp: 1788111282; average rank: 476.33; best: 268; worst: 609; stddev: 149.14; experts: 3; Sleeper match: matched_name_position. Same-day GDFM draft-era snapshot; exact pre/post-draft cutoff is unknown.,2619
FantasyPros ECR,2026,2026-08-30,draft,half_ppr,586,QB53,Jalen Milroe,12510,QB,,,11,SEA,FantasyPros updated timestamp: 1788111282; average rank: 477.00; best: 298; worst: 710; stddev: 172.48; experts: 3; Sleeper match: matched_name_position. Same-day GDFM draft-era snapshot; exact pre/post-draft cutoff is unknown.,2620
FantasyPros ECR,2026,2026-08-30,draft,half_ppr,587,TE100,Miles Kitselman,13431,TE,,,,FA,FantasyPros updated timestamp: 1788111282; average rank: 479.00; best: 362; worst: 554; stddev: 83.82; experts: 3; Sleeper match: matched_name_position. Same-day GDFM draft-era snapshot; exact pre/post-draft cutoff is unknown.,2621
FantasyPros ECR,2026,2026-08-30,draft,half_ppr,588,RB154,Corey Kiner,12491,RB,,,11,NE,FantasyPros updated timestamp: 1788111282; average rank: 596.25; best: 388; worst: 727; stddev: 131.22; experts: 4; Sleeper match: matched_name_position. Same-day GDFM draft-era snapshot; exact pre/post-draft cutoff is unknown.,2622
FantasyPros ECR,2026,2026-08-30,draft,half_ppr,589,QB54,Spencer Rattler,11562,QB,,,8,NO,FantasyPros updated timestamp: 1788111282; average rank: 480.67; best: 299; worst: 726; stddev: 180.04; experts: 3; Sleeper match: matched_name_position. Same-day GDFM draft-era snapshot; exact pre/post-draft cutoff is unknown.,2623
FantasyPros ECR,2026,2026-08-30,draft,half_ppr,590,QB55,Davis Mills,7585,QB,,,8,HOU,FantasyPros updated timestamp: 1788111282; average rank: 482.00; best: 300; worst: 731; stddev: 182.22; experts: 3; Sleeper match: matched_name_position. Same-day GDFM draft-era snapshot; exact pre/post-draft cutoff is unknown.,2624
FantasyPros ECR,2026,2026-08-30,draft,half_ppr,591,TE101,Michael Trigg,13401,TE,,,14,DAL,FantasyPros updated timestamp: 1788111282; average rank: 492.33; best: 465; worst: 528; stddev: 26.39; experts: 3; Sleeper match: matched_name_position. Same-day GDFM draft-era snapshot; exact pre/post-draft cutoff is unknown.,2625
FantasyPros ECR,2026,2026-08-30,draft,half_ppr,592,TE102,Jack Endries,13282,TE,,,6,CIN,FantasyPros updated timestamp: 1788111282; average rank: 495.67; best: 455; worst: 531; stddev: 31.26; experts: 3; Sleeper match: matched_name_position. Same-day GDFM draft-era snapshot; exact pre/post-draft cutoff is unknown.,2626
FantasyPros ECR,2026,2026-08-30,draft,half_ppr,593,RB155,Miles Sanders,6151,RB,,,,FA,FantasyPros updated timestamp: 1788111282; average rank: 496.67; best: 281; worst: 676; stddev: 163.29; experts: 3; Sleeper match: matched_name_position. Same-day GDFM draft-era snapshot; exact pre/post-draft cutoff is unknown.,2627
FantasyPros ECR,2026,2026-08-30,draft,half_ppr,594,RB156,Alexander Mattison,5987,RB,,,,FA,FantasyPros updated timestamp: 1788111282; average rank: 499.00; best: 279; worst: 682; stddev: 166.59; experts: 3; Sleeper match: matched_name_position. Same-day GDFM draft-era snapshot; exact pre/post-draft cutoff is unknown.,2628
FantasyPros ECR,2026,2026-08-30,draft,half_ppr,595,RB157,Ulysses Bentley IV,12826,RB,,,13,IND,FantasyPros updated timestamp: 1788111282; average rank: 503.00; best: 317; worst: 655; stddev: 140.07; experts: 3; Sleeper match: matched_name_position. Same-day GDFM draft-era snapshot; exact pre/post-draft cutoff is unknown.,2629
FantasyPros ECR,2026,2026-08-30,draft,half_ppr,596,K35,Andre Szmyt,11261,K,,,11,CLE,FantasyPros updated timestamp: 1788111282; average rank: 294.50; best: 217; worst: 372; stddev: 77.50; experts: 2; Sleeper match: matched_name_position. Same-day GDFM draft-era snapshot; exact pre/post-draft cutoff is unknown.,2630
FantasyPros ECR,2026,2026-08-30,draft,half_ppr,597,TE103,Joe Royer,13435,TE,,,11,CLE,FantasyPros updated timestamp: 1788111282; average rank: 513.67; best: 488; worst: 546; stddev: 24.14; experts: 3; Sleeper match: matched_name_position. Same-day GDFM draft-era snapshot; exact pre/post-draft cutoff is unknown.,2631
FantasyPros ECR,2026,2026-08-30,draft,half_ppr,598,RB158,Elijah Tau-Tolliver,13909,RB,,,13,BAL,FantasyPros updated timestamp: 1788111282; average rank: 517.33; best: 369; worst: 644; stddev: 113.31; experts: 3; Sleeper match: matched_name_position. Same-day GDFM draft-era snapshot; exact pre/post-draft cutoff is unknown.,2632
FantasyPros ECR,2026,2026-08-30,draft,half_ppr,599,QB56,Tyson Bagent,11256,QB,,,10,CHI,FantasyPros updated timestamp: 1788111282; average rank: 518.67; best: 389; worst: 754; stddev: 166.69; experts: 3; Sleeper match: matched_name_position. Same-day GDFM draft-era snapshot; exact pre/post-draft cutoff is unknown.,2633
FantasyPros ECR,2026,2026-08-30,draft,half_ppr,600,QB57,Mason Rudolph,4972,QB,,,9,PIT,FantasyPros updated timestamp: 1788111282; average rank: 520.67; best: 387; worst: 730; stddev: 149.90; experts: 3; Sleeper match: matched_name_position. Same-day GDFM draft-era snapshot; exact pre/post-draft cutoff is unknown.,2634
FantasyPros ECR,2026,2026-08-30,draft,half_ppr,601,WR216,Dohnte Meyers,13264,WR,,,6,CIN,FantasyPros updated timestamp: 1788111282; average rank: 521.00; best: 262; worst: 760; stddev: 203.80; experts: 3; Sleeper match: matched_name_position. Same-day GDFM draft-era snapshot; exact pre/post-draft cutoff is unknown.,2635
FantasyPros ECR,2026,2026-08-30,draft,half_ppr,602,TE104,Seydou Traore,13429,TE,,,6,MIA,FantasyPros updated timestamp: 1788111282; average rank: 521.33; best: 506; worst: 548; stddev: 18.93; experts: 3; Sleeper match: matched_name_position. Same-day GDFM draft-era snapshot; exact pre/post-draft cutoff is unknown.,2636
FantasyPros ECR,2026,2026-08-30,draft,half_ppr,603,RB159,Myles Montgomery,13964,RB,,,,FA,FantasyPros updated timestamp: 1788111282; average rank: 523.33; best: 342; worst: 690; stddev: 142.45; experts: 3; Sleeper match: matched_name_position. Same-day GDFM draft-era snapshot; exact pre/post-draft cutoff is unknown.,2637
FantasyPros ECR,2026,2026-08-30,draft,half_ppr,604,TE105,Grant Calcaterra,8177,TE,,,10,PHI,FantasyPros updated timestamp: 1788111282; average rank: 524.67; best: 500; worst: 550; stddev: 20.42; experts: 3; Sleeper match: matched_name_position. Same-day GDFM draft-era snapshot; exact pre/post-draft cutoff is unknown.,2638
FantasyPros ECR,2026,2026-08-30,draft,half_ppr,605,TE106,Bauer Sharp,13308,TE,,,10,TB,FantasyPros updated timestamp: 1788111282; average rank: 528.67; best: 495; worst: 549; stddev: 23.98; experts: 3; Sleeper match: matched_name_position. Same-day GDFM draft-era snapshot; exact pre/post-draft cutoff is unknown.,2639
FantasyPros ECR,2026,2026-08-30,draft,half_ppr,606,TE107,Charlie Woerner,7075,TE,,,11,ATL,FantasyPros updated timestamp: 1788111282; average rank: 529.67; best: 505; worst: 554; stddev: 20.01; experts: 3; Sleeper match: matched_name_position. Same-day GDFM draft-era snapshot; exact pre/post-draft cutoff is unknown.,2640
FantasyPros ECR,2026,2026-08-30,draft,half_ppr,607,TE108,Stone Smartt,8583,TE,,,10,PHI,FantasyPros updated timestamp: 1788111282; average rank: 531.33; best: 498; worst: 555; stddev: 24.25; experts: 3; Sleeper match: matched_name_position. Same-day GDFM draft-era snapshot; exact pre/post-draft cutoff is unknown.,2641
FantasyPros ECR,2026,2026-08-30,draft,half_ppr,608,TE109,Joel Wilson,11113,TE,,,9,TEN,FantasyPros updated timestamp: 1788111282; average rank: 533.67; best: 475; worst: 566; stddev: 41.56; experts: 3; Sleeper match: matched_name_position. Same-day GDFM draft-era snapshot; exact pre/post-draft cutoff is unknown.,2642
FantasyPros ECR,2026,2026-08-30,draft,half_ppr,609,TE110,Eric Saubert,4189,TE,,,11,SEA,FantasyPros updated timestamp: 1788111282; average rank: 535.00; best: 519; worst: 556; stddev: 15.51; experts: 3; Sleeper match: matched_name_position. Same-day GDFM draft-era snapshot; exact pre/post-draft cutoff is unknown.,2643
FantasyPros ECR,2026,2026-08-30,draft,half_ppr,610,K36,Dominic Zvada,13833,K,,,8,NYG,FantasyPros updated timestamp: 1788111282; average rank: 332.00; best: 278; worst: 386; stddev: 54.00; experts: 2; Sleeper match: matched_name_position. Same-day GDFM draft-era snapshot; exact pre/post-draft cutoff is unknown.,2644
FantasyPros ECR,2026,2026-08-30,draft,half_ppr,611,TE111,Tip Reiman,11716,TE,,,14,ARI,FantasyPros updated timestamp: 1788111282; average rank: 537.00; best: 522; worst: 558; stddev: 15.30; experts: 3; Sleeper match: matched_name_position. Same-day GDFM draft-era snapshot; exact pre/post-draft cutoff is unknown.,2645
FantasyPros ECR,2026,2026-08-30,draft,half_ppr,612,RB160,JaMycal Hasty,6996,RB,,,11,NE,FantasyPros updated timestamp: 1788111282; average rank: 540.00; best: 342; worst: 719; stddev: 154.49; experts: 3; Sleeper match: matched_name_position. Same-day GDFM draft-era snapshot; exact pre/post-draft cutoff is unknown.,2646
FantasyPros ECR,2026,2026-08-30,draft,half_ppr,613,RB161,Kalel Mullings,12516,RB,,,9,TEN,FantasyPros updated timestamp: 1788111282; average rank: 542.33; best: 363; worst: 707; stddev: 140.82; experts: 3; Sleeper match: matched_name_position. Same-day GDFM draft-era snapshot; exact pre/post-draft cutoff is unknown.,2647
FantasyPros ECR,2026,2026-08-30,draft,half_ppr,614,TE112,Brevin Jordan,7568,TE,,,8,HOU,FantasyPros updated timestamp: 1788111282; average rank: 545.67; best: 481; worst: 591; stddev: 46.94; experts: 3; Sleeper match: matched_name_position. Same-day GDFM draft-era snapshot; exact pre/post-draft cutoff is unknown.,2648
FantasyPros ECR,2026,2026-08-30,draft,half_ppr,615,TE113,Carsen Ryan,13580,TE,,,11,CLE,FantasyPros updated timestamp: 1788111282; average rank: 547.33; best: 512; worst: 566; stddev: 25.00; experts: 3; Sleeper match: matched_name_position. Same-day GDFM draft-era snapshot; exact pre/post-draft cutoff is unknown.,2649
FantasyPros ECR,2026,2026-08-30,draft,half_ppr,616,TE114,Joshua Simon,12883,TE,,,,FA,FantasyPros updated timestamp: 1788111282; average rank: 550.00; best: 503; worst: 577; stddev: 33.36; experts: 3; Sleeper match: matched_name_position. Same-day GDFM draft-era snapshot; exact pre/post-draft cutoff is unknown.,2650
FantasyPros ECR,2026,2026-08-30,draft,half_ppr,617,TE115,Drew Ogletree,8489,TE,,,13,IND,FantasyPros updated timestamp: 1788111282; average rank: 550.00; best: 538; worst: 563; stddev: 10.23; experts: 3; Sleeper match: matched_name_position. Same-day GDFM draft-era snapshot; exact pre/post-draft cutoff is unknown.,2651
FantasyPros ECR,2026,2026-08-30,draft,half_ppr,618,TE116,Ty Pezza,13705,TE,,,13,BAL,FantasyPros updated timestamp: 1788111282; average rank: 550.33; best: 510; worst: 572; stddev: 28.55; experts: 3; Sleeper match: matched_name_position. Same-day GDFM draft-era snapshot; exact pre/post-draft cutoff is unknown.,2652
FantasyPros ECR,2026,2026-08-30,draft,half_ppr,619,RB162,Craig Reynolds,6659,RB,,,,FA,FantasyPros updated timestamp: 1788111282; average rank: 551.67; best: 369; worst: 722; stddev: 144.38; experts: 3; Sleeper match: matched_name_position. Same-day GDFM draft-era snapshot; exact pre/post-draft cutoff is unknown.,2653
FantasyPros ECR,2026,2026-08-30,draft,half_ppr,620,WR217,Kendrick Law,13412,WR,,,6,DET,FantasyPros updated timestamp: 1788111282; average rank: 552.00; best: 326; worst: 769; stddev: 180.97; experts: 3; Sleeper match: matched_name_position. Same-day GDFM draft-era snapshot; exact pre/post-draft cutoff is unknown.,2654
FantasyPros ECR,2026,2026-08-30,draft,half_ppr,621,TE117,Jared Wiley,11595,TE,,,5,KC,FantasyPros updated timestamp: 1788111282; average rank: 552.33; best: 507; worst: 588; stddev: 33.77; experts: 3; Sleeper match: matched_name_position. Same-day GDFM draft-era snapshot; exact pre/post-draft cutoff is unknown.,2655
FantasyPros ECR,2026,2026-08-30,draft,half_ppr,622,TE118,Gavin Bartholomew,12700,TE,,,6,MIN,FantasyPros updated timestamp: 1788111282; average rank: 556.33; best: 529; worst: 571; stddev: 19.34; experts: 3; Sleeper match: matched_name_position. Same-day GDFM draft-era snapshot; exact pre/post-draft cutoff is unknown.,2656
FantasyPros ECR,2026,2026-08-30,draft,half_ppr,623,TE119,Jake Briningstool,12817,TE,,,5,KC,FantasyPros updated timestamp: 1788111282; average rank: 556.33; best: 540; worst: 567; stddev: 11.73; experts: 3; Sleeper match: matched_name_position. Same-day GDFM draft-era snapshot; exact pre/post-draft cutoff is unknown.,2657
FantasyPros ECR,2026,2026-08-30,draft,half_ppr,624,WR218,Isaiah Hodgins,6920,WR,,,,FA,FantasyPros updated timestamp: 1788111282; average rank: 557.00; best: 392; worst: 728; stddev: 137.24; experts: 3; Sleeper match: matched_name_position. Same-day GDFM draft-era snapshot; exact pre/post-draft cutoff is unknown.,2658
FantasyPros ECR,2026,2026-08-30,draft,half_ppr,625,TE120,Kylen Granson,7602,TE,,,9,TEN,FantasyPros updated timestamp: 1788111282; average rank: 559.00; best: 528; worst: 581; stddev: 22.55; experts: 3; Sleeper match: matched_name_position. Same-day GDFM draft-era snapshot; exact pre/post-draft cutoff is unknown.,2659
FantasyPros ECR,2026,2026-08-30,draft,half_ppr,626,TE121,Teagan Quitoriano,8227,TE,,,14,ARI,FantasyPros updated timestamp: 1788111282; average rank: 560.00; best: 548; worst: 573; stddev: 10.23; experts: 3; Sleeper match: matched_name_position. Same-day GDFM draft-era snapshot; exact pre/post-draft cutoff is unknown.,2660
FantasyPros ECR,2026,2026-08-30,draft,half_ppr,627,TE122,Ben Yurosek,13121,TE,,,6,MIN,FantasyPros updated timestamp: 1788111282; average rank: 561.67; best: 533; worst: 580; stddev: 20.53; experts: 3; Sleeper match: matched_name_position. Same-day GDFM draft-era snapshot; exact pre/post-draft cutoff is unknown.,2661
FantasyPros ECR,2026,2026-08-30,draft,half_ppr,628,RB163,Jabari Small,12356,RB,,,6,DET,FantasyPros updated timestamp: 1788111282; average rank: 562.33; best: 368; worst: 713; stddev: 144.19; experts: 3; Sleeper match: matched_name_position. Same-day GDFM draft-era snapshot; exact pre/post-draft cutoff is unknown.,2662
FantasyPros ECR,2026,2026-08-30,draft,half_ppr,629,RB164,Hassan Haskins,8123,RB,,,,FA,FantasyPros updated timestamp: 1788111282; average rank: 564.33; best: 363; worst: 716; stddev: 148.33; experts: 3; Sleeper match: matched_name_position. Same-day GDFM draft-era snapshot; exact pre/post-draft cutoff is unknown.,2663
FantasyPros ECR,2026,2026-08-30,draft,half_ppr,630,TE123,Devin Culp,11820,TE,,,10,TB,FantasyPros updated timestamp: 1788111282; average rank: 566.00; best: 543; worst: 578; stddev: 16.27; experts: 3; Sleeper match: matched_name_position. Same-day GDFM draft-era snapshot; exact pre/post-draft cutoff is unknown.,2664
FantasyPros ECR,2026,2026-08-30,draft,half_ppr,631,WR219,Michael Wortham,13645,WR,,,7,JAC,FantasyPros updated timestamp: 1788111282; average rank: 566.33; best: 330; worst: 789; stddev: 187.63; experts: 3; Sleeper match: matched_name_position. Same-day GDFM draft-era snapshot; exact pre/post-draft cutoff is unknown.,2665
FantasyPros ECR,2026,2026-08-30,draft,half_ppr,632,WR220,Jalen Reagor,6798,WR,,,6,MIA,FantasyPros updated timestamp: 1788111282; average rank: 378.50; best: 275; worst: 482; stddev: 103.50; experts: 2; Sleeper match: matched_name_position. Same-day GDFM draft-era snapshot; exact pre/post-draft cutoff is unknown.,2666
FantasyPros ECR,2026,2026-08-30,draft,half_ppr,633,TE124,Ian Thomas,4995,TE,,,13,LV,FantasyPros updated timestamp: 1788111282; average rank: 570.00; best: 539; worst: 597; stddev: 23.85; experts: 3; Sleeper match: matched_name_position. Same-day GDFM draft-era snapshot; exact pre/post-draft cutoff is unknown.,2667
FantasyPros ECR,2026,2026-08-30,draft,half_ppr,634,TE125,Jack Velling,13846,TE,,,11,ATL,FantasyPros updated timestamp: 1788111282; average rank: 571.00; best: 509; worst: 620; stddev: 46.24; experts: 3; Sleeper match: matched_name_position. Same-day GDFM draft-era snapshot; exact pre/post-draft cutoff is unknown.,2668
FantasyPros ECR,2026,2026-08-30,draft,half_ppr,635,TE126,Jack Stoll,7946,TE,,,,FA,FantasyPros updated timestamp: 1788111282; average rank: 572.00; best: 534; worst: 606; stddev: 29.53; experts: 3; Sleeper match: matched_name_position. Same-day GDFM draft-era snapshot; exact pre/post-draft cutoff is unknown.,2669
FantasyPros ECR,2026,2026-08-30,draft,half_ppr,636,TE127,Bryson Nesbit,12941,TE,,,6,MIN,FantasyPros updated timestamp: 1788111282; average rank: 575.67; best: 543; worst: 597; stddev: 23.46; experts: 3; Sleeper match: matched_name_position. Same-day GDFM draft-era snapshot; exact pre/post-draft cutoff is unknown.,2670
FantasyPros ECR,2026,2026-08-30,draft,half_ppr,637,TE128,Will Mallory,10220,TE,,,13,IND,FantasyPros updated timestamp: 1788111282; average rank: 577.00; best: 574; worst: 581; stddev: 2.94; experts: 3; Sleeper match: matched_name_position. Same-day GDFM draft-era snapshot; exact pre/post-draft cutoff is unknown.,2671
FantasyPros ECR,2026,2026-08-30,draft,half_ppr,638,WR221,Ray-Ray McCloud III,5096,WR,,,10,CHI,FantasyPros updated timestamp: 1788111282; average rank: 577.33; best: 323; worst: 813; stddev: 200.48; experts: 3; Sleeper match: matched_name_position. Same-day GDFM draft-era snapshot; exact pre/post-draft cutoff is unknown.,2672
FantasyPros ECR,2026,2026-08-30,draft,half_ppr,639,RB165,Ameer Abdullah,2359,RB,,,7,JAC,FantasyPros updated timestamp: 1788111282; average rank: 578.00; best: 459; worst: 673; stddev: 89.00; experts: 3; Sleeper match: matched_name_position. Same-day GDFM draft-era snapshot; exact pre/post-draft cutoff is unknown.,2673
FantasyPros ECR,2026,2026-08-30,draft,half_ppr,640,WR222,Tyler Johnson,6960,WR,,,14,DAL,FantasyPros updated timestamp: 1788111282; average rank: 580.67; best: 331; worst: 819; stddev: 199.39; experts: 3; Sleeper match: matched_name_position. Same-day GDFM draft-era snapshot; exact pre/post-draft cutoff is unknown.,2674
FantasyPros ECR,2026,2026-08-30,draft,half_ppr,641,WR223,JuJu Smith-Schuster,4040,WR,,,,FA,FantasyPros updated timestamp: 1788111282; average rank: 582.00; best: 389; worst: 804; stddev: 170.66; experts: 3; Sleeper match: matched_name_position. Same-day GDFM draft-era snapshot; exact pre/post-draft cutoff is unknown.,2675
FantasyPros ECR,2026,2026-08-30,draft,half_ppr,642,WR224,Ronnie Bell,10221,WR,,,,FA,FantasyPros updated timestamp: 1788111282; average rank: 582.67; best: 352; worst: 799; stddev: 182.77; experts: 3; Sleeper match: matched_name_position. Same-day GDFM draft-era snapshot; exact pre/post-draft cutoff is unknown.,2676
FantasyPros ECR,2026,2026-08-30,draft,half_ppr,643,WR225,Mecole Hardman Jr.,5917,WR,,,,FA,FantasyPros updated timestamp: 1788111282; average rank: 582.67; best: 495; worst: 740; stddev: 111.49; experts: 3; Sleeper match: matched_name_position. Same-day GDFM draft-era snapshot; exact pre/post-draft cutoff is unknown.,2677
FantasyPros ECR,2026,2026-08-30,draft,half_ppr,644,WR226,Michael Briscoe,13890,WR,,,6,MIN,FantasyPros updated timestamp: 1788111282; average rank: 583.33; best: 346; worst: 822; stddev: 194.33; experts: 3; Sleeper match: matched_name_position. Same-day GDFM draft-era snapshot; exact pre/post-draft cutoff is unknown.,2678
FantasyPros ECR,2026,2026-08-30,draft,half_ppr,645,TE129,Cole Turner,8214,TE,,,6,MIA,FantasyPros updated timestamp: 1788111282; average rank: 584.00; best: 547; worst: 617; stddev: 28.72; experts: 3; Sleeper match: matched_name_position. Same-day GDFM draft-era snapshot; exact pre/post-draft cutoff is unknown.,2679
FantasyPros ECR,2026,2026-08-30,draft,half_ppr,646,QB58,Cooper Rush,4574,QB,,,11,ATL,FantasyPros updated timestamp: 1788111282; average rank: 406.50; best: 347; worst: 466; stddev: 59.50; experts: 2; Sleeper match: matched_name_position. Same-day GDFM draft-era snapshot; exact pre/post-draft cutoff is unknown.,2680
FantasyPros ECR,2026,2026-08-30,draft,half_ppr,647,WR227,Tahj Washington,11821,WR,,,10,PHI,FantasyPros updated timestamp: 1788111282; average rank: 411.00; best: 236; worst: 586; stddev: 175.00; experts: 2; Sleeper match: matched_name_position. Same-day GDFM draft-era snapshot; exact pre/post-draft cutoff is unknown.,2681
FantasyPros ECR,2026,2026-08-30,draft,half_ppr,648,WR228,Sterling Shepard,3200,WR,,,8,HOU,FantasyPros updated timestamp: 1788111282; average rank: 591.33; best: 282; worst: 837; stddev: 231.01; experts: 3; Sleeper match: matched_name_position. Same-day GDFM draft-era snapshot; exact pre/post-draft cutoff is unknown.,2682
FantasyPros ECR,2026,2026-08-30,draft,half_ppr,649,RB166,Jermar Jefferson,7599,RB,,,6,MIN,FantasyPros updated timestamp: 1788111282; average rank: 591.33; best: 396; worst: 788; stddev: 160.04; experts: 3; Sleeper match: matched_name_position. Same-day GDFM draft-era snapshot; exact pre/post-draft cutoff is unknown.,2683
FantasyPros ECR,2026,2026-08-30,draft,half_ppr,650,TE130,Lucas Krull,8249,TE,,,10,DEN,FantasyPros updated timestamp: 1788111282; average rank: 591.33; best: 582; worst: 603; stddev: 8.73; experts: 3; Sleeper match: matched_name_position. Same-day GDFM draft-era snapshot; exact pre/post-draft cutoff is unknown.,2684
FantasyPros ECR,2026,2026-08-30,draft,half_ppr,651,TE131,Brayden Willis,10224,TE,,,8,SF,FantasyPros updated timestamp: 1788111282; average rank: 592.00; best: 585; worst: 600; stddev: 6.16; experts: 3; Sleeper match: matched_name_position. Same-day GDFM draft-era snapshot; exact pre/post-draft cutoff is unknown.,2685
FantasyPros ECR,2026,2026-08-30,draft,half_ppr,652,RB167,Desmond Reid,13327,RB,,,,FA,FantasyPros updated timestamp: 1788111282; average rank: 593.00; best: 366; worst: 771; stddev: 168.93; experts: 3; Sleeper match: matched_name_position. Same-day GDFM draft-era snapshot; exact pre/post-draft cutoff is unknown.,2686
FantasyPros ECR,2026,2026-08-30,draft,half_ppr,653,TE132,Tanner Conner,8849,TE,,,8,NYG,FantasyPros updated timestamp: 1788111282; average rank: 593.33; best: 585; worst: 602; stddev: 6.94; experts: 3; Sleeper match: matched_name_position. Same-day GDFM draft-era snapshot; exact pre/post-draft cutoff is unknown.,2687
FantasyPros ECR,2026,2026-08-30,draft,half_ppr,654,TE133,Johnny Mundt,4314,TE,,,10,PHI,FantasyPros updated timestamp: 1788111282; average rank: 593.67; best: 588; worst: 599; stddev: 4.50; experts: 3; Sleeper match: matched_name_position. Same-day GDFM draft-era snapshot; exact pre/post-draft cutoff is unknown.,2688
FantasyPros ECR,2026,2026-08-30,draft,half_ppr,655,TE134,Colson Yankoff,11942,TE,,,7,WAS,FantasyPros updated timestamp: 1788111282; average rank: 594.33; best: 594; worst: 595; stddev: 0.47; experts: 3; Sleeper match: matched_name_position. Same-day GDFM draft-era snapshot; exact pre/post-draft cutoff is unknown.,2689
FantasyPros ECR,2026,2026-08-30,draft,half_ppr,656,TE135,Chris Manhertz,3048,TE,,,8,NYG,FantasyPros updated timestamp: 1788111282; average rank: 595.00; best: 557; worst: 630; stddev: 29.88; experts: 3; Sleeper match: matched_name_position. Same-day GDFM draft-era snapshot; exact pre/post-draft cutoff is unknown.,2690
FantasyPros ECR,2026,2026-08-30,draft,half_ppr,657,WR229,Bub Means,11748,WR,,,,FA,FantasyPros updated timestamp: 1788111282; average rank: 425.00; best: 249; worst: 601; stddev: 176.00; experts: 2; Sleeper match: matched_name_position. Same-day GDFM draft-era snapshot; exact pre/post-draft cutoff is unknown.,2691
FantasyPros ECR,2026,2026-08-30,draft,half_ppr,658,WR230,Kendric Pryor,8783,WR,,,6,CIN,FantasyPros updated timestamp: 1788111282; average rank: 425.50; best: 246; worst: 605; stddev: 179.50; experts: 2; Sleeper match: matched_name_position. Same-day GDFM draft-era snapshot; exact pre/post-draft cutoff is unknown.,2692
FantasyPros ECR,2026,2026-08-30,draft,half_ppr,659,TE136,Brenden Bates,12374,TE,,,,FA,FantasyPros updated timestamp: 1788111282; average rank: 600.33; best: 541; worst: 657; stddev: 47.39; experts: 3; Sleeper match: matched_name_position. Same-day GDFM draft-era snapshot; exact pre/post-draft cutoff is unknown.,2693
FantasyPros ECR,2026,2026-08-30,draft,half_ppr,660,RB168,Donovan Edwards,12515,RB,,,,FA,FantasyPros updated timestamp: 1788111282; average rank: 602.00; best: 561; worst: 670; stddev: 48.42; experts: 3; Sleeper match: matched_name_position. Same-day GDFM draft-era snapshot; exact pre/post-draft cutoff is unknown.,2694
FantasyPros ECR,2026,2026-08-30,draft,half_ppr,661,TE137,Hunter Long,7535,TE,,,14,ARI,FantasyPros updated timestamp: 1788111282; average rank: 602.33; best: 593; worst: 614; stddev: 8.73; experts: 3; Sleeper match: matched_name_position. Same-day GDFM draft-era snapshot; exact pre/post-draft cutoff is unknown.,2695
FantasyPros ECR,2026,2026-08-30,draft,half_ppr,662,WR231,J. Michael Sturdivant,13770,WR,,,11,GB,FantasyPros updated timestamp: 1788111282; average rank: 602.67; best: 388; worst: 835; stddev: 182.91; experts: 3; Sleeper match: matched_name_position. Same-day GDFM draft-era snapshot; exact pre/post-draft cutoff is unknown.,2696
FantasyPros ECR,2026,2026-08-30,draft,half_ppr,663,TE138,John Michael Gyllenborg,13342,TE,,,5,KC,FantasyPros updated timestamp: 1788111282; average rank: 605.33; best: 499; worst: 681; stddev: 77.40; experts: 3; Sleeper match: matched_name_position. Same-day GDFM draft-era snapshot; exact pre/post-draft cutoff is unknown.,2697
FantasyPros ECR,2026,2026-08-30,draft,half_ppr,664,TE139,Quintin Morris,7536,TE,,,7,JAC,FantasyPros updated timestamp: 1788111282; average rank: 605.67; best: 584; worst: 629; stddev: 18.41; experts: 3; Sleeper match: matched_name_position. Same-day GDFM draft-era snapshot; exact pre/post-draft cutoff is unknown.,2698
FantasyPros ECR,2026,2026-08-30,draft,half_ppr,665,TE140,Hayden Rucci,12389,TE,,,8,SF,FantasyPros updated timestamp: 1788111282; average rank: 606.33; best: 603; worst: 609; stddev: 2.49; experts: 3; Sleeper match: matched_name_position. Same-day GDFM draft-era snapshot; exact pre/post-draft cutoff is unknown.,2699
FantasyPros ECR,2026,2026-08-30,draft,half_ppr,666,WR232,Terrace Marshall Jr.,7565,WR,,,,FA,FantasyPros updated timestamp: 1788111282; average rank: 437.00; best: 256; worst: 618; stddev: 181.00; experts: 2; Sleeper match: matched_name_position. Same-day GDFM draft-era snapshot; exact pre/post-draft cutoff is unknown.,2700
FantasyPros ECR,2026,2026-08-30,draft,half_ppr,667,WR233,K.J. Osborn,7066,WR,,,9,TEN,FantasyPros updated timestamp: 1788111282; average rank: 437.00; best: 266; worst: 608; stddev: 171.00; experts: 2; Sleeper match: matched_name_position. Same-day GDFM draft-era snapshot; exact pre/post-draft cutoff is unknown.,2701
FantasyPros ECR,2026,2026-08-30,draft,half_ppr,668,K37,Riley Patterson,7922,K,,,6,MIA,FantasyPros updated timestamp: 1788111282; average rank: 438.00; best: 383; worst: 493; stddev: 55.00; experts: 2; Sleeper match: matched_name_position. Same-day GDFM draft-era snapshot; exact pre/post-draft cutoff is unknown.,2702
FantasyPros ECR,2026,2026-08-30,draft,half_ppr,669,WR234,Dominic Lovett,12732,WR,,,6,DET,FantasyPros updated timestamp: 1788111282; average rank: 439.00; best: 267; worst: 611; stddev: 172.00; experts: 2; Sleeper match: matched_name_position. Same-day GDFM draft-era snapshot; exact pre/post-draft cutoff is unknown.,2703
FantasyPros ECR,2026,2026-08-30,draft,half_ppr,670,TE141,Rivaldo Fairweather,12851,TE,,,14,ARI,FantasyPros updated timestamp: 1788111282; average rank: 608.00; best: 577; worst: 637; stddev: 24.54; experts: 3; Sleeper match: matched_name_position. Same-day GDFM draft-era snapshot; exact pre/post-draft cutoff is unknown.,2704
FantasyPros ECR,2026,2026-08-30,draft,half_ppr,671,K38,Kansei Matsuzawa,13804,K,,,13,LV,FantasyPros updated timestamp: 1788111282; average rank: 440.50; best: 392; worst: 489; stddev: 48.50; experts: 2; Sleeper match: matched_name_position. Same-day GDFM draft-era snapshot; exact pre/post-draft cutoff is unknown.,2705
FantasyPros ECR,2026,2026-08-30,draft,half_ppr,672,WR235,Tyler Scott,9490,WR,,,11,LAR,FantasyPros updated timestamp: 1788111282; average rank: 442.50; best: 260; worst: 625; stddev: 182.50; experts: 2; Sleeper match: matched_name_position. Same-day GDFM draft-era snapshot; exact pre/post-draft cutoff is unknown.,2706
FantasyPros ECR,2026,2026-08-30,draft,half_ppr,673,WR236,Dalevon Campbell,13202,WR,,,7,LAC,FantasyPros updated timestamp: 1788111282; average rank: 443.00; best: 241; worst: 645; stddev: 202.00; experts: 2; Sleeper match: matched_name_position. Same-day GDFM draft-era snapshot; exact pre/post-draft cutoff is unknown.,2707
FantasyPros ECR,2026,2026-08-30,draft,half_ppr,674,TE142,David Martin-Robinson,12357,TE,,,9,TEN,FantasyPros updated timestamp: 1788111282; average rank: 611.00; best: 607; worst: 615; stddev: 3.27; experts: 3; Sleeper match: matched_name_position. Same-day GDFM draft-era snapshot; exact pre/post-draft cutoff is unknown.,2708
FantasyPros ECR,2026,2026-08-30,draft,half_ppr,675,K39,Tanner Brown,11145,K,,,8,NO,FantasyPros updated timestamp: 1788111282; average rank: 444.50; best: 395; worst: 494; stddev: 49.50; experts: 2; Sleeper match: matched_name_position. Same-day GDFM draft-era snapshot; exact pre/post-draft cutoff is unknown.,2709
FantasyPros ECR,2026,2026-08-30,draft,half_ppr,676,WR237,Dante Pettis,4992,WR,,,,FA,FantasyPros updated timestamp: 1788111282; average rank: 611.67; best: 376; worst: 832; stddev: 186.48; experts: 3; Sleeper match: matched_name_position. Same-day GDFM draft-era snapshot; exact pre/post-draft cutoff is unknown.,2710
FantasyPros ECR,2026,2026-08-30,draft,half_ppr,677,RB169,Jamal Haynes,13946,RB,,,6,CIN,FantasyPros updated timestamp: 1788111282; average rank: 614.33; best: 566; worst: 658; stddev: 37.70; experts: 3; Sleeper match: matched_name_position. Same-day GDFM draft-era snapshot; exact pre/post-draft cutoff is unknown.,2711
FantasyPros ECR,2026,2026-08-30,draft,half_ppr,678,TE143,Princeton Fant,11508,TE,,,14,DAL,FantasyPros updated timestamp: 1788111282; average rank: 614.33; best: 583; worst: 643; stddev: 24.57; experts: 3; Sleeper match: matched_name_position. Same-day GDFM draft-era snapshot; exact pre/post-draft cutoff is unknown.,2712
FantasyPros ECR,2026,2026-08-30,draft,half_ppr,679,WR238,Xavier Weaver,11921,WR,,,14,ARI,FantasyPros updated timestamp: 1788111282; average rank: 615.33; best: 445; worst: 775; stddev: 134.93; experts: 3; Sleeper match: matched_name_position. Same-day GDFM draft-era snapshot; exact pre/post-draft cutoff is unknown.,2713
FantasyPros ECR,2026,2026-08-30,draft,half_ppr,680,WR239,Zay Jones,4080,WR,,,8,HOU,FantasyPros updated timestamp: 1788111282; average rank: 616.67; best: 351; worst: 842; stddev: 202.47; experts: 3; Sleeper match: matched_name_position. Same-day GDFM draft-era snapshot; exact pre/post-draft cutoff is unknown.,2714
FantasyPros ECR,2026,2026-08-30,draft,half_ppr,681,TE144,Ko Kieft,8484,TE,,,10,TB,FantasyPros updated timestamp: 1788111282; average rank: 617.33; best: 608; worst: 632; stddev: 10.50; experts: 3; Sleeper match: matched_name_position. Same-day GDFM draft-era snapshot; exact pre/post-draft cutoff is unknown.,2715
FantasyPros ECR,2026,2026-08-30,draft,half_ppr,682,TE145,CJ Dippre,12984,TE,,,,FA,FantasyPros updated timestamp: 1788111282; average rank: 617.33; best: 613; worst: 623; stddev: 4.19; experts: 3; Sleeper match: matched_name_position. Same-day GDFM draft-era snapshot; exact pre/post-draft cutoff is unknown.,2716
FantasyPros ECR,2026,2026-08-30,draft,half_ppr,683,TE146,Jack Westover,12045,TE,,,11,NE,FantasyPros updated timestamp: 1788111282; average rank: 617.67; best: 575; worst: 663; stddev: 35.98; experts: 3; Sleeper match: matched_name_position. Same-day GDFM draft-era snapshot; exact pre/post-draft cutoff is unknown.,2717
FantasyPros ECR,2026,2026-08-30,draft,half_ppr,684,WR240,Shedrick Jackson,11257,WR,,,13,LV,FantasyPros updated timestamp: 1788111282; average rank: 618.00; best: 389; worst: 834; stddev: 181.90; experts: 3; Sleeper match: matched_name_position. Same-day GDFM draft-era snapshot; exact pre/post-draft cutoff is unknown.,2718
FantasyPros ECR,2026,2026-08-30,draft,half_ppr,685,WR241,Deven Thompkins,8253,WR,,,13,LV,FantasyPros updated timestamp: 1788111282; average rank: 621.33; best: 397; worst: 833; stddev: 178.22; experts: 3; Sleeper match: matched_name_position. Same-day GDFM draft-era snapshot; exact pre/post-draft cutoff is unknown.,2719
FantasyPros ECR,2026,2026-08-30,draft,half_ppr,686,TE147,Cameron Latu,10210,TE,,,10,PHI,FantasyPros updated timestamp: 1788111282; average rank: 621.33; best: 616; worst: 626; stddev: 4.11; experts: 3; Sleeper match: matched_name_position. Same-day GDFM draft-era snapshot; exact pre/post-draft cutoff is unknown.,2720
FantasyPros ECR,2026,2026-08-30,draft,half_ppr,687,RB170,Dean Connors,13315,RB,,,11,LAR,FantasyPros updated timestamp: 1788111282; average rank: 621.67; best: 565; worst: 679; stddev: 46.54; experts: 3; Sleeper match: matched_name_position. Same-day GDFM draft-era snapshot; exact pre/post-draft cutoff is unknown.,2721
FantasyPros ECR,2026,2026-08-30,draft,half_ppr,688,WR242,Chris Moore,3269,WR,,,,FA,FantasyPros updated timestamp: 1788111282; average rank: 622.00; best: 385; worst: 846; stddev: 188.43; experts: 3; Sleeper match: matched_name_position. Same-day GDFM draft-era snapshot; exact pre/post-draft cutoff is unknown.,2722
FantasyPros ECR,2026,2026-08-30,draft,half_ppr,689,TE148,Lance Mason,13357,TE,,,9,PIT,FantasyPros updated timestamp: 1788111282; average rank: 622.67; best: 595; worst: 649; stddev: 22.07; experts: 3; Sleeper match: matched_name_position. Same-day GDFM draft-era snapshot; exact pre/post-draft cutoff is unknown.,2723
FantasyPros ECR,2026,2026-08-30,draft,half_ppr,690,TE149,Tanner Arkin,13827,TE,,,11,NE,FantasyPros updated timestamp: 1788111282; average rank: 623.00; best: 592; worst: 654; stddev: 25.31; experts: 3; Sleeper match: matched_name_position. Same-day GDFM draft-era snapshot; exact pre/post-draft cutoff is unknown.,2724
FantasyPros ECR,2026,2026-08-30,draft,half_ppr,691,WR243,Gunner Olszewski,6699,WR,,,8,NYG,FantasyPros updated timestamp: 1788111282; average rank: 624.00; best: 354; worst: 860; stddev: 207.97; experts: 3; Sleeper match: matched_name_position. Same-day GDFM draft-era snapshot; exact pre/post-draft cutoff is unknown.,2725
FantasyPros ECR,2026,2026-08-30,draft,half_ppr,692,TE150,Zach Horton,13110,TE,,,6,DET,FantasyPros updated timestamp: 1788111282; average rank: 627.33; best: 614; worst: 646; stddev: 13.60; experts: 3; Sleeper match: matched_name_position. Same-day GDFM draft-era snapshot; exact pre/post-draft cutoff is unknown.,2726
FantasyPros ECR,2026,2026-08-30,draft,half_ppr,693,TE151,Kenny Fletcher Jr.,13957,TE,,,10,TB,FantasyPros updated timestamp: 1788111282; average rank: 628.00; best: 587; worst: 669; stddev: 33.48; experts: 3; Sleeper match: matched_name_position. Same-day GDFM draft-era snapshot; exact pre/post-draft cutoff is unknown.,2727
FantasyPros ECR,2026,2026-08-30,draft,half_ppr,694,WR244,Tylan Wallace,7595,WR,,,11,CLE,FantasyPros updated timestamp: 1788111282; average rank: 630.67; best: 408; worst: 845; stddev: 178.50; experts: 3; Sleeper match: matched_name_position. Same-day GDFM draft-era snapshot; exact pre/post-draft cutoff is unknown.,2728
FantasyPros ECR,2026,2026-08-30,draft,half_ppr,695,K40,B.T. Potter,11092,K,,,10,TB,FantasyPros updated timestamp: 1788111282; average rank: 473.50; best: 398; worst: 549; stddev: 75.50; experts: 2; Sleeper match: matched_name_position. Same-day GDFM draft-era snapshot; exact pre/post-draft cutoff is unknown.,2729
FantasyPros ECR,2026,2026-08-30,draft,half_ppr,696,TE152,Lake McRee,13292,TE,,,9,PIT,FantasyPros updated timestamp: 1788111282; average rank: 631.00; best: 601; worst: 660; stddev: 24.10; experts: 3; Sleeper match: matched_name_position. Same-day GDFM draft-era snapshot; exact pre/post-draft cutoff is unknown.,2730
FantasyPros ECR,2026,2026-08-30,draft,half_ppr,697,WR245,Tay Martin,8250,WR,,,6,DET,FantasyPros updated timestamp: 1788111282; average rank: 631.33; best: 403; worst: 844; stddev: 180.38; experts: 3; Sleeper match: matched_name_position. Same-day GDFM draft-era snapshot; exact pre/post-draft cutoff is unknown.,2731
FantasyPros ECR,2026,2026-08-30,draft,half_ppr,698,WR246,LaJohntay Wester,12699,WR,,,13,BAL,FantasyPros updated timestamp: 1788111282; average rank: 631.67; best: 379; worst: 847; stddev: 192.88; experts: 3; Sleeper match: matched_name_position. Same-day GDFM draft-era snapshot; exact pre/post-draft cutoff is unknown.,2732
FantasyPros ECR,2026,2026-08-30,draft,half_ppr,699,TE153,Tre Watson,13116,TE,,,,FA,FantasyPros updated timestamp: 1788111282; average rank: 635.33; best: 579; worst: 687; stddev: 44.21; experts: 3; Sleeper match: matched_name_position. Same-day GDFM draft-era snapshot; exact pre/post-draft cutoff is unknown.,2733
FantasyPros ECR,2026,2026-08-30,draft,half_ppr,700,TE154,James Mitchell,8170,TE,,,5,CAR,FantasyPros updated timestamp: 1788111282; average rank: 635.33; best: 590; worst: 687; stddev: 39.85; experts: 3; Sleeper match: matched_name_position. Same-day GDFM draft-era snapshot; exact pre/post-draft cutoff is unknown.,2734
FantasyPros ECR,2026,2026-08-30,draft,half_ppr,701,WR247,Braxton Berrios,5121,WR,,,8,NYG,FantasyPros updated timestamp: 1788111282; average rank: 636.00; best: 402; worst: 855; stddev: 185.24; experts: 3; Sleeper match: matched_name_position. Same-day GDFM draft-era snapshot; exact pre/post-draft cutoff is unknown.,2735
FantasyPros ECR,2026,2026-08-30,draft,half_ppr,702,TE155,E.J. Jenkins,11304,TE,,,10,PHI,FantasyPros updated timestamp: 1788111282; average rank: 637.67; best: 623; worst: 652; stddev: 11.84; experts: 3; Sleeper match: matched_name_position. Same-day GDFM draft-era snapshot; exact pre/post-draft cutoff is unknown.,2736
FantasyPros ECR,2026,2026-08-30,draft,half_ppr,703,TE156,Chase Curtis,13839,TE,,,13,NYJ,FantasyPros updated timestamp: 1788111282; average rank: 638.33; best: 586; worst: 689; stddev: 42.07; experts: 3; Sleeper match: matched_name_position. Same-day GDFM draft-era snapshot; exact pre/post-draft cutoff is unknown.,2737
FantasyPros ECR,2026,2026-08-30,draft,half_ppr,704,RB171,Kentrel Bullock,13436,RB,,,6,CIN,FantasyPros updated timestamp: 1788111282; average rank: 639.67; best: 569; worst: 704; stddev: 55.30; experts: 3; Sleeper match: matched_name_position. Same-day GDFM draft-era snapshot; exact pre/post-draft cutoff is unknown.,2738
FantasyPros ECR,2026,2026-08-30,draft,half_ppr,705,TE157,Thomas Gordon,13249,TE,,,6,DET,FantasyPros updated timestamp: 1788111282; average rank: 640.33; best: 544; worst: 709; stddev: 70.14; experts: 3; Sleeper match: matched_name_position. Same-day GDFM draft-era snapshot; exact pre/post-draft cutoff is unknown.,2739
FantasyPros ECR,2026,2026-08-30,draft,half_ppr,706,TE158,DJ Rogers,13355,TE,,,14,DAL,FantasyPros updated timestamp: 1788111282; average rank: 641.00; best: 610; worst: 672; stddev: 25.31; experts: 3; Sleeper match: matched_name_position. Same-day GDFM draft-era snapshot; exact pre/post-draft cutoff is unknown.,2740
FantasyPros ECR,2026,2026-08-30,draft,half_ppr,707,WR248,Dylan Drummond,11474,WR,,,11,ATL,FantasyPros updated timestamp: 1788111282; average rank: 644.00; best: 447; worst: 841; stddev: 160.85; experts: 3; Sleeper match: matched_name_position. Same-day GDFM draft-era snapshot; exact pre/post-draft cutoff is unknown.,2741
FantasyPros ECR,2026,2026-08-30,draft,half_ppr,708,WR249,Ryan Miller,11421,WR,,,6,MIA,FantasyPros updated timestamp: 1788111282; average rank: 645.00; best: 399; worst: 864; stddev: 190.79; experts: 3; Sleeper match: matched_name_position. Same-day GDFM draft-era snapshot; exact pre/post-draft cutoff is unknown.,2742
FantasyPros ECR,2026,2026-08-30,draft,half_ppr,709,WR250,Noah Brown,4234,WR,,,,FA,FantasyPros updated timestamp: 1788111282; average rank: 496.50; best: 394; worst: 599; stddev: 102.50; experts: 2; Sleeper match: matched_name_position. Same-day GDFM draft-era snapshot; exact pre/post-draft cutoff is unknown.,2743
FantasyPros ECR,2026,2026-08-30,draft,half_ppr,710,WR251,Jamari Thrash,11633,WR,,,11,CLE,FantasyPros updated timestamp: 1788111282; average rank: 646.33; best: 409; worst: 866; stddev: 186.99; experts: 3; Sleeper match: matched_name_position. Same-day GDFM draft-era snapshot; exact pre/post-draft cutoff is unknown.,2744
FantasyPros ECR,2026,2026-08-30,draft,half_ppr,711,WR252,Laquon Treadwell,3155,WR,,,13,IND,FantasyPros updated timestamp: 1788111282; average rank: 648.00; best: 343; worst: 851; stddev: 219.57; experts: 3; Sleeper match: matched_name_position. Same-day GDFM draft-era snapshot; exact pre/post-draft cutoff is unknown.,2745
FantasyPros ECR,2026,2026-08-30,draft,half_ppr,712,TE159,Quentin Moore,13870,TE,,,7,WAS,FantasyPros updated timestamp: 1788111282; average rank: 650.00; best: 606; worst: 695; stddev: 36.34; experts: 3; Sleeper match: matched_name_position. Same-day GDFM draft-era snapshot; exact pre/post-draft cutoff is unknown.,2746
FantasyPros ECR,2026,2026-08-30,draft,half_ppr,713,WR253,KhaDarel Hodge,5773,WR,,,8,SF,FantasyPros updated timestamp: 1788111282; average rank: 650.33; best: 429; worst: 861; stddev: 176.52; experts: 3; Sleeper match: matched_name_position. Same-day GDFM draft-era snapshot; exact pre/post-draft cutoff is unknown.,2747
FantasyPros ECR,2026,2026-08-30,draft,half_ppr,714,TE160,Nick Kallerup,13151,TE,,,11,SEA,FantasyPros updated timestamp: 1788111282; average rank: 651.00; best: 612; worst: 698; stddev: 35.56; experts: 3; Sleeper match: matched_name_position. Same-day GDFM draft-era snapshot; exact pre/post-draft cutoff is unknown.,2748
FantasyPros ECR,2026,2026-08-30,draft,half_ppr,715,RB172,Pierre Strong Jr.,8116,RB,,,11,GB,FantasyPros updated timestamp: 1788111282; average rank: 651.00; best: 638; worst: 667; stddev: 12.03; experts: 3; Sleeper match: matched_name_position. Same-day GDFM draft-era snapshot; exact pre/post-draft cutoff is unknown.,2749
FantasyPros ECR,2026,2026-08-30,draft,half_ppr,716,WR254,Austin Trammell,7746,WR,,,7,JAC,FantasyPros updated timestamp: 1788111282; average rank: 651.33; best: 410; worst: 868; stddev: 187.79; experts: 3; Sleeper match: matched_name_position. Same-day GDFM draft-era snapshot; exact pre/post-draft cutoff is unknown.,2750
FantasyPros ECR,2026,2026-08-30,draft,half_ppr,717,WR255,Jalin Hyatt,9497,WR,,,8,NYG,FantasyPros updated timestamp: 1788111282; average rank: 651.33; best: 444; worst: 850; stddev: 165.86; experts: 3; Sleeper match: matched_name_position. Same-day GDFM draft-era snapshot; exact pre/post-draft cutoff is unknown.,2751
FantasyPros ECR,2026,2026-08-30,draft,half_ppr,718,WR256,Curtis Samuel,4082,WR,,,,FA,FantasyPros updated timestamp: 1788111282; average rank: 506.00; best: 392; worst: 620; stddev: 114.00; experts: 2; Sleeper match: matched_name_position. Same-day GDFM draft-era snapshot; exact pre/post-draft cutoff is unknown.,2752
FantasyPros ECR,2026,2026-08-30,draft,half_ppr,719,TE161,Cam Grandy,12062,TE,,,6,CIN,FantasyPros updated timestamp: 1788111282; average rank: 653.00; best: 634; worst: 675; stddev: 16.87; experts: 3; Sleeper match: matched_name_position. Same-day GDFM draft-era snapshot; exact pre/post-draft cutoff is unknown.,2753
FantasyPros ECR,2026,2026-08-30,draft,half_ppr,720,TE162,Patrick Herbert,12901,TE,,,7,JAC,FantasyPros updated timestamp: 1788111282; average rank: 655.00; best: 611; worst: 700; stddev: 36.34; experts: 3; Sleeper match: matched_name_position. Same-day GDFM draft-era snapshot; exact pre/post-draft cutoff is unknown.,2754
FantasyPros ECR,2026,2026-08-30,draft,half_ppr,721,WR257,Joshua Cephus,12114,WR,,,,FA,FantasyPros updated timestamp: 1788111282; average rank: 510.00; best: 390; worst: 630; stddev: 120.00; experts: 2; Sleeper match: matched_name_position. Same-day GDFM draft-era snapshot; exact pre/post-draft cutoff is unknown.,2755
FantasyPros ECR,2026,2026-08-30,draft,half_ppr,722,WR258,Deontay Burnett,5290,WR,,,,FA,FantasyPros updated timestamp: 1788111282; average rank: 512.00; best: 391; worst: 633; stddev: 121.00; experts: 2; Sleeper match: matched_name_position. Same-day GDFM draft-era snapshot; exact pre/post-draft cutoff is unknown.,2756
FantasyPros ECR,2026,2026-08-30,draft,half_ppr,723,TE163,Carson Towt,13407,TE,,,13,IND,FantasyPros updated timestamp: 1788111282; average rank: 656.67; best: 574; worst: 718; stddev: 60.69; experts: 3; Sleeper match: matched_name_position. Same-day GDFM draft-era snapshot; exact pre/post-draft cutoff is unknown.,2757
FantasyPros ECR,2026,2026-08-30,draft,half_ppr,724,WR259,Mario Williams,13001,WR,,,,FA,FantasyPros updated timestamp: 1788111282; average rank: 513.50; best: 316; worst: 711; stddev: 197.50; experts: 2; Sleeper match: matched_name_position. Same-day GDFM draft-era snapshot; exact pre/post-draft cutoff is unknown.,2758
FantasyPros ECR,2026,2026-08-30,draft,half_ppr,725,TE164,Shane Zylstra,8041,TE,,,,FA,FantasyPros updated timestamp: 1788111282; average rank: 657.67; best: 633; worst: 684; stddev: 20.85; experts: 3; Sleeper match: matched_name_position. Same-day GDFM draft-era snapshot; exact pre/post-draft cutoff is unknown.,2759
FantasyPros ECR,2026,2026-08-30,draft,half_ppr,726,TE165,Zaire Mitchell-Paden,8799,TE,,,,FA,FantasyPros updated timestamp: 1788111282; average rank: 660.00; best: 618; worst: 703; stddev: 34.71; experts: 3; Sleeper match: matched_name_position. Same-day GDFM draft-era snapshot; exact pre/post-draft cutoff is unknown.,2760
FantasyPros ECR,2026,2026-08-30,draft,half_ppr,727,RB173,Dontae McMillan,13852,RB,,,13,BAL,FantasyPros updated timestamp: 1788111282; average rank: 660.00; best: 639; worst: 688; stddev: 20.61; experts: 3; Sleeper match: matched_name_position. Same-day GDFM draft-era snapshot; exact pre/post-draft cutoff is unknown.,2761
FantasyPros ECR,2026,2026-08-30,draft,half_ppr,728,WR260,Samori Toure,8235,WR,,,,FA,FantasyPros updated timestamp: 1788111282; average rank: 660.67; best: 451; worst: 856; stddev: 165.65; experts: 3; Sleeper match: matched_name_position. Same-day GDFM draft-era snapshot; exact pre/post-draft cutoff is unknown.,2762
FantasyPros ECR,2026,2026-08-30,draft,half_ppr,729,TE166,Messiah Swinson,12154,TE,,,11,GB,FantasyPros updated timestamp: 1788111282; average rank: 663.00; best: 621; worst: 706; stddev: 34.71; experts: 3; Sleeper match: matched_name_position. Same-day GDFM draft-era snapshot; exact pre/post-draft cutoff is unknown.,2763
FantasyPros ECR,2026,2026-08-30,draft,half_ppr,730,RB174,Jordan Waters,13010,RB,,,11,LAR,FantasyPros updated timestamp: 1788111282; average rank: 663.33; best: 559; worst: 745; stddev: 77.61; experts: 3; Sleeper match: matched_name_position. Same-day GDFM draft-era snapshot; exact pre/post-draft cutoff is unknown.,2764
FantasyPros ECR,2026,2026-08-30,draft,half_ppr,731,TE167,Carter Runyon,13122,TE,,,13,LV,FantasyPros updated timestamp: 1788111282; average rank: 667.67; best: 617; worst: 721; stddev: 42.50; experts: 3; Sleeper match: matched_name_position. Same-day GDFM draft-era snapshot; exact pre/post-draft cutoff is unknown.,2765
FantasyPros ECR,2026,2026-08-30,draft,half_ppr,732,WR261,Xavier Gipson,11306,WR,,,8,NYG,FantasyPros updated timestamp: 1788111282; average rank: 668.67; best: 469; worst: 858; stddev: 158.98; experts: 3; Sleeper match: matched_name_position. Same-day GDFM draft-era snapshot; exact pre/post-draft cutoff is unknown.,2766
FantasyPros ECR,2026,2026-08-30,draft,half_ppr,733,TE168,Treyton Welch,12079,TE,,,8,NO,FantasyPros updated timestamp: 1788111282; average rank: 670.00; best: 620; worst: 723; stddev: 42.10; experts: 3; Sleeper match: matched_name_position. Same-day GDFM draft-era snapshot; exact pre/post-draft cutoff is unknown.,2767
FantasyPros ECR,2026,2026-08-30,draft,half_ppr,734,TE169,Jameson Geers,13879,TE,,,14,ARI,FantasyPros updated timestamp: 1788111282; average rank: 670.67; best: 589; worst: 732; stddev: 60.12; experts: 3; Sleeper match: matched_name_position. Same-day GDFM draft-era snapshot; exact pre/post-draft cutoff is unknown.,2768
FantasyPros ECR,2026,2026-08-30,draft,half_ppr,735,RB175,Brittain Brown,8423,RB,,,10,CHI,FantasyPros updated timestamp: 1788111282; average rank: 671.67; best: 643; worst: 701; stddev: 23.68; experts: 3; Sleeper match: matched_name_position. Same-day GDFM draft-era snapshot; exact pre/post-draft cutoff is unknown.,2769
FantasyPros ECR,2026,2026-08-30,draft,half_ppr,736,TE170,Keleki Latu,12765,TE,,,7,BUF,FantasyPros updated timestamp: 1788111282; average rank: 672.33; best: 632; worst: 715; stddev: 33.92; experts: 3; Sleeper match: matched_name_position. Same-day GDFM draft-era snapshot; exact pre/post-draft cutoff is unknown.,2770
FantasyPros ECR,2026,2026-08-30,draft,half_ppr,737,RB176,AJ Dillon,6828,RB,,,5,CAR,FantasyPros updated timestamp: 1788111282; average rank: 672.33; best: 658; worst: 693; stddev: 14.97; experts: 3; Sleeper match: matched_name_position. Same-day GDFM draft-era snapshot; exact pre/post-draft cutoff is unknown.,2771
FantasyPros ECR,2026,2026-08-30,draft,half_ppr,738,RB177,Patrick Taylor Jr.,6963,RB,,,,FA,FantasyPros updated timestamp: 1788111282; average rank: 673.00; best: 567; worst: 754; stddev: 78.36; experts: 3; Sleeper match: matched_name_position. Same-day GDFM draft-era snapshot; exact pre/post-draft cutoff is unknown.,2772
FantasyPros ECR,2026,2026-08-30,draft,half_ppr,739,WR262,Bryce Oliver,11959,WR,,,9,TEN,FantasyPros updated timestamp: 1788111282; average rank: 674.33; best: 495; worst: 854; stddev: 146.56; experts: 3; Sleeper match: matched_name_position. Same-day GDFM draft-era snapshot; exact pre/post-draft cutoff is unknown.,2773
FantasyPros ECR,2026,2026-08-30,draft,half_ppr,740,WR263,Tim Jones,8013,WR,,,7,JAC,FantasyPros updated timestamp: 1788111282; average rank: 675.33; best: 452; worst: 880; stddev: 175.23; experts: 3; Sleeper match: matched_name_position. Same-day GDFM draft-era snapshot; exact pre/post-draft cutoff is unknown.,2774
FantasyPros ECR,2026,2026-08-30,draft,half_ppr,741,TE171,Layne Pryor,13261,TE,,,,FA,FantasyPros updated timestamp: 1788111282; average rank: 676.33; best: 596; worst: 738; stddev: 59.45; experts: 3; Sleeper match: matched_name_position. Same-day GDFM draft-era snapshot; exact pre/post-draft cutoff is unknown.,2775
FantasyPros ECR,2026,2026-08-30,draft,half_ppr,742,RB178,Gary Brightwell,7529,RB,,,6,CIN,FantasyPros updated timestamp: 1788111282; average rank: 677.33; best: 638; worst: 710; stddev: 29.77; experts: 3; Sleeper match: matched_name_position. Same-day GDFM draft-era snapshot; exact pre/post-draft cutoff is unknown.,2776
FantasyPros ECR,2026,2026-08-30,draft,half_ppr,743,WR264,Simi Fehoko,7812,WR,,,14,ARI,FantasyPros updated timestamp: 1788111282; average rank: 678.00; best: 521; worst: 836; stddev: 128.60; experts: 3; Sleeper match: matched_name_position. Same-day GDFM draft-era snapshot; exact pre/post-draft cutoff is unknown.,2777
FantasyPros ECR,2026,2026-08-30,draft,half_ppr,744,TE172,Jaren Kanak,13422,TE,,,9,TEN,FantasyPros updated timestamp: 1788111282; average rank: 680.67; best: 598; worst: 744; stddev: 61.15; experts: 3; Sleeper match: matched_name_position. Same-day GDFM draft-era snapshot; exact pre/post-draft cutoff is unknown.,2778
FantasyPros ECR,2026,2026-08-30,draft,half_ppr,745,WR265,Jason Brownlee,11311,WR,,,5,KC,FantasyPros updated timestamp: 1788111282; average rank: 682.00; best: 518; worst: 848; stddev: 134.73; experts: 3; Sleeper match: matched_name_position. Same-day GDFM draft-era snapshot; exact pre/post-draft cutoff is unknown.,2779
FantasyPros ECR,2026,2026-08-30,draft,half_ppr,746,TE173,Ethan Conner,13661,TE,,,,FA,FantasyPros updated timestamp: 1788111282; average rank: 682.33; best: 619; worst: 726; stddev: 45.84; experts: 3; Sleeper match: matched_name_position. Same-day GDFM draft-era snapshot; exact pre/post-draft cutoff is unknown.,2780
FantasyPros ECR,2026,2026-08-30,draft,half_ppr,747,RB179,Chip Trayanum,,RB,,,13,NYJ,FantasyPros updated timestamp: 1788111282; average rank: 682.67; best: 673; worst: 699; stddev: 11.61; experts: 3; Sleeper match: unmatched. Same-day GDFM draft-era snapshot; exact pre/post-draft cutoff is unknown.,2781
FantasyPros ECR,2026,2026-08-30,draft,half_ppr,748,WR266,Beaux Collins,12889,WR,,,11,ATL,FantasyPros updated timestamp: 1788111282; average rank: 683.33; best: 482; worst: 862; stddev: 155.96; experts: 3; Sleeper match: matched_name_position. Same-day GDFM draft-era snapshot; exact pre/post-draft cutoff is unknown.,2782
FantasyPros ECR,2026,2026-08-30,draft,half_ppr,749,TE174,Evan Svoboda,13630,TE,,,7,LAC,FantasyPros updated timestamp: 1788111282; average rank: 685.00; best: 627; worst: 747; stddev: 49.07; experts: 3; Sleeper match: matched_name_position. Same-day GDFM draft-era snapshot; exact pre/post-draft cutoff is unknown.,2783
FantasyPros ECR,2026,2026-08-30,draft,half_ppr,750,WR267,Alex Bachman,6386,WR,,,11,LAR,FantasyPros updated timestamp: 1788111282; average rank: 685.33; best: 515; worst: 853; stddev: 138.00; experts: 3; Sleeper match: matched_name_position. Same-day GDFM draft-era snapshot; exact pre/post-draft cutoff is unknown.,2784
FantasyPros ECR,2026,2026-08-30,draft,half_ppr,751,TE175,Cody Hardy,13834,TE,,,8,NO,FantasyPros updated timestamp: 1788111282; average rank: 685.67; best: 625; worst: 750; stddev: 51.10; experts: 3; Sleeper match: matched_name_position. Same-day GDFM draft-era snapshot; exact pre/post-draft cutoff is unknown.,2785
FantasyPros ECR,2026,2026-08-30,draft,half_ppr,752,WR268,Trent Sherfield Sr.,5154,WR,,,7,BUF,FantasyPros updated timestamp: 1788111282; average rank: 686.67; best: 514; worst: 857; stddev: 140.04; experts: 3; Sleeper match: matched_name_position. Same-day GDFM draft-era snapshot; exact pre/post-draft cutoff is unknown.,2786
FantasyPros ECR,2026,2026-08-30,draft,half_ppr,753,TE176,Patrick Gurd,13913,TE,,,,FA,FantasyPros updated timestamp: 1788111282; average rank: 686.67; best: 624; worst: 753; stddev: 52.73; experts: 3; Sleeper match: matched_name_position. Same-day GDFM draft-era snapshot; exact pre/post-draft cutoff is unknown.,2787
FantasyPros ECR,2026,2026-08-30,draft,half_ppr,754,TE177,Dallen Bentley,13577,TE,,,10,DEN,FantasyPros updated timestamp: 1788111282; average rank: 687.33; best: 636; worst: 741; stddev: 42.90; experts: 3; Sleeper match: matched_name_position. Same-day GDFM draft-era snapshot; exact pre/post-draft cutoff is unknown.,2788
FantasyPros ECR,2026,2026-08-30,draft,half_ppr,755,TE178,Sean McKeon,6964,TE,,,13,IND,FantasyPros updated timestamp: 1788111282; average rank: 688.67; best: 605; worst: 758; stddev: 63.28; experts: 3; Sleeper match: matched_name_position. Same-day GDFM draft-era snapshot; exact pre/post-draft cutoff is unknown.,2789
FantasyPros ECR,2026,2026-08-30,draft,half_ppr,756,WR269,Jimmy Holiday,13173,WR,,,5,KC,FantasyPros updated timestamp: 1788111282; average rank: 689.33; best: 523; worst: 852; stddev: 134.34; experts: 3; Sleeper match: matched_name_position. Same-day GDFM draft-era snapshot; exact pre/post-draft cutoff is unknown.,2790
FantasyPros ECR,2026,2026-08-30,draft,half_ppr,757,QB59,Jarrett Stidham,6136,QB,,,10,DEN,FantasyPros updated timestamp: 1788111282; average rank: 568.50; best: 425; worst: 712; stddev: 143.50; experts: 2; Sleeper match: matched_name_position. Same-day GDFM draft-era snapshot; exact pre/post-draft cutoff is unknown.,2791
FantasyPros ECR,2026,2026-08-30,draft,half_ppr,758,TE179,Johnny Pascuzzi,14029,TE,,,7,LAC,FantasyPros updated timestamp: 1788111282; average rank: 694.67; best: 631; worst: 761; stddev: 53.11; experts: 3; Sleeper match: matched_name_position. Same-day GDFM draft-era snapshot; exact pre/post-draft cutoff is unknown.,2792
FantasyPros ECR,2026,2026-08-30,draft,half_ppr,759,QB60,Tyler Huntley,7083,QB,,,13,BAL,FantasyPros updated timestamp: 1788111282; average rank: 569.50; best: 419; worst: 720; stddev: 150.50; experts: 2; Sleeper match: matched_name_position. Same-day GDFM draft-era snapshot; exact pre/post-draft cutoff is unknown.,2793
FantasyPros ECR,2026,2026-08-30,draft,half_ppr,760,WR270,Tejhaun Palmer,11802,WR,,,11,NE,FantasyPros updated timestamp: 1788111282; average rank: 695.00; best: 526; worst: 863; stddev: 137.58; experts: 3; Sleeper match: matched_name_position. Same-day GDFM draft-era snapshot; exact pre/post-draft cutoff is unknown.,2794
FantasyPros ECR,2026,2026-08-30,draft,half_ppr,761,QB61,Drew Allar,13289,QB,,,9,PIT,FantasyPros updated timestamp: 1788111282; average rank: 570.50; best: 427; worst: 714; stddev: 143.50; experts: 2; Sleeper match: matched_name_position. Same-day GDFM draft-era snapshot; exact pre/post-draft cutoff is unknown.,2795
FantasyPros ECR,2026,2026-08-30,draft,half_ppr,762,WR271,Dalen Cambre,12888,WR,,,8,NYG,FantasyPros updated timestamp: 1788111282; average rank: 698.67; best: 524; worst: 873; stddev: 142.48; experts: 3; Sleeper match: matched_name_position. Same-day GDFM draft-era snapshot; exact pre/post-draft cutoff is unknown.,2796
FantasyPros ECR,2026,2026-08-30,draft,half_ppr,763,QB62,Tommy DeVito,11292,QB,,,11,NE,FantasyPros updated timestamp: 1788111282; average rank: 575.50; best: 433; worst: 718; stddev: 142.50; experts: 2; Sleeper match: matched_name_position. Same-day GDFM draft-era snapshot; exact pre/post-draft cutoff is unknown.,2797
FantasyPros ECR,2026,2026-08-30,draft,half_ppr,764,RB180,Cody Schrader,11644,RB,,,10,DEN,FantasyPros updated timestamp: 1788111282; average rank: 699.00; best: 651; worst: 742; stddev: 37.32; experts: 3; Sleeper match: matched_name_position. Same-day GDFM draft-era snapshot; exact pre/post-draft cutoff is unknown.,2798
FantasyPros ECR,2026,2026-08-30,draft,half_ppr,765,QB63,Taylen Green,13306,QB,,,11,CLE,FantasyPros updated timestamp: 1788111282; average rank: 577.50; best: 431; worst: 724; stddev: 146.50; experts: 2; Sleeper match: matched_name_position. Same-day GDFM draft-era snapshot; exact pre/post-draft cutoff is unknown.,2799
FantasyPros ECR,2026,2026-08-30,draft,half_ppr,766,TE180,Hayden Large,13712,TE,,,10,CHI,FantasyPros updated timestamp: 1788111282; average rank: 701.33; best: 637; worst: 770; stddev: 54.38; experts: 3; Sleeper match: matched_name_position. Same-day GDFM draft-era snapshot; exact pre/post-draft cutoff is unknown.,2800
FantasyPros ECR,2026,2026-08-30,draft,half_ppr,767,TE181,JJ Galbreath,12975,TE,,,13,IND,FantasyPros updated timestamp: 1788111282; average rank: 703.00; best: 629; worst: 756; stddev: 53.93; experts: 3; Sleeper match: matched_name_position. Same-day GDFM draft-era snapshot; exact pre/post-draft cutoff is unknown.,2801
FantasyPros ECR,2026,2026-08-30,draft,half_ppr,768,RB181,Zamir White,8139,RB,,,8,NO,FantasyPros updated timestamp: 1788111282; average rank: 704.67; best: 647; worst: 762; stddev: 46.95; experts: 3; Sleeper match: matched_name_position. Same-day GDFM draft-era snapshot; exact pre/post-draft cutoff is unknown.,2802
FantasyPros ECR,2026,2026-08-30,draft,half_ppr,769,QB64,Will Howard,12511,QB,,,9,PIT,FantasyPros updated timestamp: 1788111282; average rank: 584.50; best: 454; worst: 715; stddev: 130.50; experts: 2; Sleeper match: matched_name_position. Same-day GDFM draft-era snapshot; exact pre/post-draft cutoff is unknown.,2803
FantasyPros ECR,2026,2026-08-30,draft,half_ppr,770,QB65,Mitchell Trubisky,3976,QB,,,9,TEN,FantasyPros updated timestamp: 1788111282; average rank: 585.50; best: 439; worst: 732; stddev: 146.50; experts: 2; Sleeper match: matched_name_position. Same-day GDFM draft-era snapshot; exact pre/post-draft cutoff is unknown.,2804
FantasyPros ECR,2026,2026-08-30,draft,half_ppr,771,QB66,Garrett Nussmeier,13404,QB,,,5,KC,FantasyPros updated timestamp: 1788111282; average rank: 586.50; best: 450; worst: 723; stddev: 136.50; experts: 2; Sleeper match: matched_name_position. Same-day GDFM draft-era snapshot; exact pre/post-draft cutoff is unknown.,2805
FantasyPros ECR,2026,2026-08-30,draft,half_ppr,772,QB67,Sam Howell,8162,QB,,,14,DAL,FantasyPros updated timestamp: 1788111282; average rank: 587.00; best: 452; worst: 722; stddev: 135.00; experts: 2; Sleeper match: matched_name_position. Same-day GDFM draft-era snapshot; exact pre/post-draft cutoff is unknown.,2806
FantasyPros ECR,2026,2026-08-30,draft,half_ppr,773,QB68,Andy Dalton,829,QB,,,10,PHI,FantasyPros updated timestamp: 1788111282; average rank: 588.00; best: 447; worst: 729; stddev: 141.00; experts: 2; Sleeper match: matched_name_position. Same-day GDFM draft-era snapshot; exact pre/post-draft cutoff is unknown.,2807
FantasyPros ECR,2026,2026-08-30,draft,half_ppr,774,WR272,Malik Turner,5781,WR,,,8,SF,FantasyPros updated timestamp: 1788111282; average rank: 707.33; best: 527; worst: 883; stddev: 145.37; experts: 3; Sleeper match: matched_name_position. Same-day GDFM draft-era snapshot; exact pre/post-draft cutoff is unknown.,2808
FantasyPros ECR,2026,2026-08-30,draft,half_ppr,775,TE182,RJ Maryland,13430,TE,,,11,GB,FantasyPros updated timestamp: 1788111282; average rank: 707.33; best: 626; worst: 779; stddev: 62.83; experts: 3; Sleeper match: matched_name_position. Same-day GDFM draft-era snapshot; exact pre/post-draft cutoff is unknown.,2809
FantasyPros ECR,2026,2026-08-30,draft,half_ppr,776,RB182,Jaden Nixon,13906,RB,,,11,GB,FantasyPros updated timestamp: 1788111282; average rank: 708.33; best: 668; worst: 748; stddev: 32.66; experts: 3; Sleeper match: matched_name_position. Same-day GDFM draft-era snapshot; exact pre/post-draft cutoff is unknown.,2810
FantasyPros ECR,2026,2026-08-30,draft,half_ppr,777,QB69,Will Levis,9999,QB,,,9,TEN,FantasyPros updated timestamp: 1788111282; average rank: 591.50; best: 458; worst: 725; stddev: 133.50; experts: 2; Sleeper match: matched_name_position. Same-day GDFM draft-era snapshot; exact pre/post-draft cutoff is unknown.,2811
FantasyPros ECR,2026,2026-08-30,draft,half_ppr,778,TE183,Nikola Kalinic,8107,TE,,,10,CHI,FantasyPros updated timestamp: 1788111282; average rank: 709.67; best: 628; worst: 782; stddev: 63.22; experts: 3; Sleeper match: matched_name_position. Same-day GDFM draft-era snapshot; exact pre/post-draft cutoff is unknown.,2812
FantasyPros ECR,2026,2026-08-30,draft,half_ppr,779,QB70,Kenny Pickett,8160,QB,,,5,CAR,FantasyPros updated timestamp: 1788111282; average rank: 592.00; best: 441; worst: 743; stddev: 151.00; experts: 2; Sleeper match: matched_name_position. Same-day GDFM draft-era snapshot; exact pre/post-draft cutoff is unknown.,2813
FantasyPros ECR,2026,2026-08-30,draft,half_ppr,780,QB71,Drew Lock,5854,QB,,,11,SEA,FantasyPros updated timestamp: 1788111282; average rank: 594.00; best: 437; worst: 751; stddev: 157.00; experts: 2; Sleeper match: matched_name_position. Same-day GDFM draft-era snapshot; exact pre/post-draft cutoff is unknown.,2814
FantasyPros ECR,2026,2026-08-30,draft,half_ppr,781,TE184,Taysom Hill,4381,TE,,,,FA,FantasyPros updated timestamp: 1788111282; average rank: 594.50; best: 552; worst: 637; stddev: 42.50; experts: 2; Sleeper match: matched_name_position. Same-day GDFM draft-era snapshot; exact pre/post-draft cutoff is unknown.,2815
FantasyPros ECR,2026,2026-08-30,draft,half_ppr,782,QB72,Tanner McKee,9230,QB,,,10,PHI,FantasyPros updated timestamp: 1788111282; average rank: 595.50; best: 456; worst: 735; stddev: 139.50; experts: 2; Sleeper match: matched_name_position. Same-day GDFM draft-era snapshot; exact pre/post-draft cutoff is unknown.,2816
FantasyPros ECR,2026,2026-08-30,draft,half_ppr,783,QB73,Dillon Gabriel,12486,QB,,,11,CLE,FantasyPros updated timestamp: 1788111282; average rank: 598.50; best: 460; worst: 737; stddev: 138.50; experts: 2; Sleeper match: matched_name_position. Same-day GDFM draft-era snapshot; exact pre/post-draft cutoff is unknown.,2817
FantasyPros ECR,2026,2026-08-30,draft,half_ppr,784,TE185,Thomas Fidone II,12715,TE,,,8,NYG,FantasyPros updated timestamp: 1788111282; average rank: 600.00; best: 537; worst: 663; stddev: 63.00; experts: 2; Sleeper match: matched_name_position. Same-day GDFM draft-era snapshot; exact pre/post-draft cutoff is unknown.,2818
FantasyPros ECR,2026,2026-08-30,draft,half_ppr,785,RB183,Davon Booth,13339,RB,,,11,CLE,FantasyPros updated timestamp: 1788111282; average rank: 716.00; best: 683; worst: 757; stddev: 30.74; experts: 3; Sleeper match: matched_name_position. Same-day GDFM draft-era snapshot; exact pre/post-draft cutoff is unknown.,2819
FantasyPros ECR,2026,2026-08-30,draft,half_ppr,786,QB74,Kyle Allen,5127,QB,,,7,BUF,FantasyPros updated timestamp: 1788111282; average rank: 602.00; best: 435; worst: 769; stddev: 167.00; experts: 2; Sleeper match: matched_name_position. Same-day GDFM draft-era snapshot; exact pre/post-draft cutoff is unknown.,2820
FantasyPros ECR,2026,2026-08-30,draft,half_ppr,787,QB75,Behren Morton,13295,QB,,,11,NE,FantasyPros updated timestamp: 1788111282; average rank: 603.50; best: 474; worst: 733; stddev: 129.50; experts: 2; Sleeper match: matched_name_position. Same-day GDFM draft-era snapshot; exact pre/post-draft cutoff is unknown.,2821
FantasyPros ECR,2026,2026-08-30,draft,half_ppr,788,QB76,Carson Wentz,3161,QB,,,6,MIN,FantasyPros updated timestamp: 1788111282; average rank: 604.50; best: 449; worst: 760; stddev: 155.50; experts: 2; Sleeper match: matched_name_position. Same-day GDFM draft-era snapshot; exact pre/post-draft cutoff is unknown.,2822
FantasyPros ECR,2026,2026-08-30,draft,half_ppr,789,QB77,Luke Altmyer,13314,QB,,,6,DET,FantasyPros updated timestamp: 1788111282; average rank: 607.50; best: 487; worst: 728; stddev: 120.50; experts: 2; Sleeper match: matched_name_position. Same-day GDFM draft-era snapshot; exact pre/post-draft cutoff is unknown.,2823
FantasyPros ECR,2026,2026-08-30,draft,half_ppr,790,QB78,Kurtis Rourke,12477,QB,,,8,SF,FantasyPros updated timestamp: 1788111282; average rank: 609.00; best: 476; worst: 742; stddev: 133.00; experts: 2; Sleeper match: matched_name_position. Same-day GDFM draft-era snapshot; exact pre/post-draft cutoff is unknown.,2824
FantasyPros ECR,2026,2026-08-30,draft,half_ppr,791,QB79,Sam Ehlinger,7583,QB,,,10,DEN,FantasyPros updated timestamp: 1788111282; average rank: 609.00; best: 478; worst: 740; stddev: 131.00; experts: 2; Sleeper match: matched_name_position. Same-day GDFM draft-era snapshot; exact pre/post-draft cutoff is unknown.,2825
FantasyPros ECR,2026,2026-08-30,draft,half_ppr,792,QB80,Joshua Dobbs,4179,QB,,,6,DET,FantasyPros updated timestamp: 1788111282; average rank: 610.00; best: 468; worst: 752; stddev: 142.00; experts: 2; Sleeper match: matched_name_position. Same-day GDFM draft-era snapshot; exact pre/post-draft cutoff is unknown.,2826
FantasyPros ECR,2026,2026-08-30,draft,half_ppr,793,QB81,Athan Kaliakmanis,13557,QB,,,7,WAS,FantasyPros updated timestamp: 1788111282; average rank: 611.50; best: 482; worst: 741; stddev: 129.50; experts: 2; Sleeper match: matched_name_position. Same-day GDFM draft-era snapshot; exact pre/post-draft cutoff is unknown.,2827
FantasyPros ECR,2026,2026-08-30,draft,half_ppr,794,QB82,Stetson Bennett IV,10857,QB,,,11,LAR,FantasyPros updated timestamp: 1788111282; average rank: 612.00; best: 485; worst: 739; stddev: 127.00; experts: 2; Sleeper match: matched_name_position. Same-day GDFM draft-era snapshot; exact pre/post-draft cutoff is unknown.,2828
FantasyPros ECR,2026,2026-08-30,draft,half_ppr,795,QB83,Nick Mullens,4464,QB,,,,FA,FantasyPros updated timestamp: 1788111282; average rank: 614.00; best: 462; worst: 766; stddev: 152.00; experts: 2; Sleeper match: matched_name_position. Same-day GDFM draft-era snapshot; exact pre/post-draft cutoff is unknown.,2829
FantasyPros ECR,2026,2026-08-30,draft,half_ppr,796,QB84,Brady Cook,12538,QB,,,13,NYJ,FantasyPros updated timestamp: 1788111282; average rank: 614.00; best: 464; worst: 764; stddev: 150.00; experts: 2; Sleeper match: matched_name_position. Same-day GDFM draft-era snapshot; exact pre/post-draft cutoff is unknown.,2830
FantasyPros ECR,2026,2026-08-30,draft,half_ppr,797,QB85,Jack Strand,13602,QB,,,11,ATL,FantasyPros updated timestamp: 1788111282; average rank: 616.50; best: 470; worst: 763; stddev: 146.50; experts: 2; Sleeper match: matched_name_position. Same-day GDFM draft-era snapshot; exact pre/post-draft cutoff is unknown.,2831
FantasyPros ECR,2026,2026-08-30,draft,half_ppr,798,QB86,Josh Johnson,260,QB,,,,FA,FantasyPros updated timestamp: 1788111282; average rank: 616.50; best: 480; worst: 753; stddev: 136.50; experts: 2; Sleeper match: matched_name_position. Same-day GDFM draft-era snapshot; exact pre/post-draft cutoff is unknown.,2832
FantasyPros ECR,2026,2026-08-30,draft,half_ppr,799,RB184,Dominic Richardson,13725,RB,,,13,NYJ,FantasyPros updated timestamp: 1788111282; average rank: 728.33; best: 670; worst: 777; stddev: 44.21; experts: 3; Sleeper match: matched_name_position. Same-day GDFM draft-era snapshot; exact pre/post-draft cutoff is unknown.,2833
FantasyPros ECR,2026,2026-08-30,draft,half_ppr,800,RB185,Julius Chestnut,8254,RB,,,9,TEN,FantasyPros updated timestamp: 1788111282; average rank: 728.33; best: 699; worst: 768; stddev: 29.10; experts: 3; Sleeper match: matched_name_position. Same-day GDFM draft-era snapshot; exact pre/post-draft cutoff is unknown.,2834
FantasyPros ECR,2026,2026-08-30,draft,half_ppr,801,QB87,Aidan O'Connell,10866,QB,,,13,LV,FantasyPros updated timestamp: 1788111282; average rank: 620.00; best: 483; worst: 757; stddev: 137.00; experts: 2; Sleeper match: matched_name_position. Same-day GDFM draft-era snapshot; exact pre/post-draft cutoff is unknown.,2835
FantasyPros ECR,2026,2026-08-30,draft,half_ppr,802,QB88,Zach Wilson,7538,QB,,,8,NO,FantasyPros updated timestamp: 1788111282; average rank: 621.00; best: 472; worst: 770; stddev: 149.00; experts: 2; Sleeper match: matched_name_position. Same-day GDFM draft-era snapshot; exact pre/post-draft cutoff is unknown.,2836
FantasyPros ECR,2026,2026-08-30,draft,half_ppr,803,QB89,DJ Uiagalelei,12773,QB,,,7,LAC,FantasyPros updated timestamp: 1788111282; average rank: 622.50; best: 499; worst: 746; stddev: 123.50; experts: 2; Sleeper match: matched_name_position. Same-day GDFM draft-era snapshot; exact pre/post-draft cutoff is unknown.,2837
FantasyPros ECR,2026,2026-08-30,draft,half_ppr,804,RB186,Carson Steele,11582,RB,,,,FA,FantasyPros updated timestamp: 1788111282; average rank: 730.33; best: 685; worst: 786; stddev: 41.88; experts: 3; Sleeper match: matched_name_position. Same-day GDFM draft-era snapshot; exact pre/post-draft cutoff is unknown.,2838
FantasyPros ECR,2026,2026-08-30,draft,half_ppr,805,RB187,Coleman Bennett,13844,RB,,,,FA,FantasyPros updated timestamp: 1788111282; average rank: 730.67; best: 661; worst: 798; stddev: 55.95; experts: 3; Sleeper match: matched_name_position. Same-day GDFM draft-era snapshot; exact pre/post-draft cutoff is unknown.,2839
FantasyPros ECR,2026,2026-08-30,draft,half_ppr,806,RB188,Israel Abanikanda,9227,RB,,,14,DAL,FantasyPros updated timestamp: 1788111282; average rank: 731.00; best: 663; worst: 803; stddev: 57.22; experts: 3; Sleeper match: matched_name_position. Same-day GDFM draft-era snapshot; exact pre/post-draft cutoff is unknown.,2840
FantasyPros ECR,2026,2026-08-30,draft,half_ppr,807,RB189,Jacardia Wright,13047,RB,,,11,SEA,FantasyPros updated timestamp: 1788111282; average rank: 732.00; best: 665; worst: 806; stddev: 57.78; experts: 3; Sleeper match: matched_name_position. Same-day GDFM draft-era snapshot; exact pre/post-draft cutoff is unknown.,2841
FantasyPros ECR,2026,2026-08-30,draft,half_ppr,808,RB190,Kendall Milton,11649,RB,,,6,CIN,FantasyPros updated timestamp: 1788111282; average rank: 734.33; best: 664; worst: 805; stddev: 57.56; experts: 3; Sleeper match: matched_name_position. Same-day GDFM draft-era snapshot; exact pre/post-draft cutoff is unknown.,2842
FantasyPros ECR,2026,2026-08-30,draft,half_ppr,809,QB90,Kyle McCord,12494,QB,,,6,MIA,FantasyPros updated timestamp: 1788111282; average rank: 629.00; best: 491; worst: 767; stddev: 138.00; experts: 2; Sleeper match: matched_name_position. Same-day GDFM draft-era snapshot; exact pre/post-draft cutoff is unknown.,2843
FantasyPros ECR,2026,2026-08-30,draft,half_ppr,810,QB91,Haynes King,13415,QB,,,5,CAR,FantasyPros updated timestamp: 1788111282; average rank: 631.50; best: 502; worst: 761; stddev: 129.50; experts: 2; Sleeper match: matched_name_position. Same-day GDFM draft-era snapshot; exact pre/post-draft cutoff is unknown.,2844
FantasyPros ECR,2026,2026-08-30,draft,half_ppr,811,QB92,Brandon Allen,3357,QB,,,8,NYG,FantasyPros updated timestamp: 1788111282; average rank: 632.00; best: 489; worst: 775; stddev: 143.00; experts: 2; Sleeper match: matched_name_position. Same-day GDFM draft-era snapshot; exact pre/post-draft cutoff is unknown.,2845
FantasyPros ECR,2026,2026-08-30,draft,half_ppr,812,QB93,Sam Hartman,11558,QB,,,7,WAS,FantasyPros updated timestamp: 1788111282; average rank: 632.50; best: 494; worst: 771; stddev: 138.50; experts: 2; Sleeper match: matched_name_position. Same-day GDFM draft-era snapshot; exact pre/post-draft cutoff is unknown.,2846
FantasyPros ECR,2026,2026-08-30,draft,half_ppr,813,QB94,Shane Buechele,8002,QB,,,,FA,FantasyPros updated timestamp: 1788111282; average rank: 634.00; best: 496; worst: 772; stddev: 138.00; experts: 2; Sleeper match: matched_name_position. Same-day GDFM draft-era snapshot; exact pre/post-draft cutoff is unknown.,2847
FantasyPros ECR,2026,2026-08-30,draft,half_ppr,814,RB191,EJ Smith,13778,RB,,,5,KC,FantasyPros updated timestamp: 1788111282; average rank: 738.00; best: 700; worst: 791; stddev: 38.64; experts: 3; Sleeper match: matched_name_position. Same-day GDFM draft-era snapshot; exact pre/post-draft cutoff is unknown.,2848
FantasyPros ECR,2026,2026-08-30,draft,half_ppr,815,QB95,Cam Miller,12688,QB,,,6,MIA,FantasyPros updated timestamp: 1788111282; average rank: 636.50; best: 511; worst: 762; stddev: 125.50; experts: 2; Sleeper match: matched_name_position. Same-day GDFM draft-era snapshot; exact pre/post-draft cutoff is unknown.,2849
FantasyPros ECR,2026,2026-08-30,draft,half_ppr,816,QB96,Case Keenum,1737,QB,,,10,CHI,FantasyPros updated timestamp: 1788111282; average rank: 637.50; best: 517; worst: 758; stddev: 120.50; experts: 2; Sleeper match: matched_name_position. Same-day GDFM draft-era snapshot; exact pre/post-draft cutoff is unknown.,2850
FantasyPros ECR,2026,2026-08-30,draft,half_ppr,817,QB97,Jalon Daniels,13425,QB,,,10,TB,FantasyPros updated timestamp: 1788111282; average rank: 638.00; best: 508; worst: 768; stddev: 130.00; experts: 2; Sleeper match: matched_name_position. Same-day GDFM draft-era snapshot; exact pre/post-draft cutoff is unknown.,2851
FantasyPros ECR,2026,2026-08-30,draft,half_ppr,818,RB192,Evan Hull,9220,RB,,,14,ARI,FantasyPros updated timestamp: 1788111282; average rank: 744.00; best: 696; worst: 810; stddev: 48.25; experts: 3; Sleeper match: matched_name_position. Same-day GDFM draft-era snapshot; exact pre/post-draft cutoff is unknown.,2852
FantasyPros ECR,2026,2026-08-30,draft,half_ppr,819,RB193,Dante Miller,11654,RB,,,,FA,FantasyPros updated timestamp: 1788111282; average rank: 747.00; best: 684; worst: 821; stddev: 56.47; experts: 3; Sleeper match: matched_name_position. Same-day GDFM draft-era snapshot; exact pre/post-draft cutoff is unknown.,2853
FantasyPros ECR,2026,2026-08-30,draft,half_ppr,820,RB194,Chris Collier,11963,RB,,,13,LV,FantasyPros updated timestamp: 1788111282; average rank: 752.00; best: 688; worst: 823; stddev: 55.34; experts: 3; Sleeper match: matched_name_position. Same-day GDFM draft-era snapshot; exact pre/post-draft cutoff is unknown.,2854
FantasyPros ECR,2026,2026-08-30,draft,half_ppr,821,RB195,Damon Bankston,13949,RB,,,,FA,FantasyPros updated timestamp: 1788111282; average rank: 752.00; best: 689; worst: 825; stddev: 55.97; experts: 3; Sleeper match: matched_name_position. Same-day GDFM draft-era snapshot; exact pre/post-draft cutoff is unknown.,2855
FantasyPros ECR,2026,2026-08-30,draft,half_ppr,822,RB196,Kenny McIntosh,10216,RB,,,,FA,FantasyPros updated timestamp: 1788111282; average rank: 678.50; best: 667; worst: 690; stddev: 11.50; experts: 2; Sleeper match: matched_name_position. Same-day GDFM draft-era snapshot; exact pre/post-draft cutoff is unknown.,2856
FantasyPros ECR,2026,2026-08-30,draft,half_ppr,823,TE186,Josiah Deguara,7050,TE,,,,FA,FantasyPros updated timestamp: 1788111282; average rank: 693.50; best: 666; worst: 721; stddev: 27.50; experts: 2; Sleeper match: matched_name_position. Same-day GDFM draft-era snapshot; exact pre/post-draft cutoff is unknown.,2857
FantasyPros ECR,2026,2026-08-30,draft,half_ppr,824,WR273,Montorie Foster Jr.,13199,WR,,,11,SEA,FantasyPros updated timestamp: 1788111282; average rank: 698.00; best: 579; worst: 817; stddev: 119.00; experts: 2; Sleeper match: matched_name_position. Same-day GDFM draft-era snapshot; exact pre/post-draft cutoff is unknown.,2858
FantasyPros ECR,2026,2026-08-30,draft,half_ppr,825,TE187,Andrew Beck,6323,TE,,,13,NYJ,FantasyPros updated timestamp: 1788111282; average rank: 700.00; best: 678; worst: 722; stddev: 22.00; experts: 2; Sleeper match: matched_name. Same-day GDFM draft-era snapshot; exact pre/post-draft cutoff is unknown.,2859
FantasyPros ECR,2026,2026-08-30,draft,half_ppr,826,TE188,Pharaoh Brown,4443,TE,,,13,IND,FantasyPros updated timestamp: 1788111282; average rank: 711.00; best: 692; worst: 730; stddev: 19.00; experts: 2; Sleeper match: matched_name_position. Same-day GDFM draft-era snapshot; exact pre/post-draft cutoff is unknown.,2860
FantasyPros ECR,2026,2026-08-30,draft,half_ppr,827,RB197,Raheem Blackshear,8255,RB,,,,FA,FantasyPros updated timestamp: 1788111282; average rank: 718.50; best: 707; worst: 730; stddev: 11.50; experts: 2; Sleeper match: matched_name_position. Same-day GDFM draft-era snapshot; exact pre/post-draft cutoff is unknown.,2861
FantasyPros ECR,2026,2026-08-30,draft,half_ppr,828,RB198,Raheem Mostert,2749,RB,,,13,LV,FantasyPros updated timestamp: 1788111282; average rank: 720.00; best: 701; worst: 739; stddev: 19.00; experts: 2; Sleeper match: matched_name_position. Same-day GDFM draft-era snapshot; exact pre/post-draft cutoff is unknown.,2862
FantasyPros ECR,2026,2026-08-30,draft,half_ppr,829,TE189,Connor Heyward,8181,TE,,,13,LV,FantasyPros updated timestamp: 1788111282; average rank: 723.50; best: 712; worst: 735; stddev: 11.50; experts: 2; Sleeper match: matched_name_position. Same-day GDFM draft-era snapshot; exact pre/post-draft cutoff is unknown.,2863
FantasyPros ECR,2026,2026-08-30,draft,half_ppr,830,RB199,Salvon Ahmed,6918,RB,,,10,CHI,FantasyPros updated timestamp: 1788111282; average rank: 723.50; best: 714; worst: 733; stddev: 9.50; experts: 2; Sleeper match: matched_name_position. Same-day GDFM draft-era snapshot; exact pre/post-draft cutoff is unknown.,2864
FantasyPros ECR,2026,2026-08-30,draft,half_ppr,831,RB200,Anthony Hankerson,13328,RB,,,,FA,FantasyPros updated timestamp: 1788111282; average rank: 726.00; best: 716; worst: 736; stddev: 10.00; experts: 2; Sleeper match: matched_name_position. Same-day GDFM draft-era snapshot; exact pre/post-draft cutoff is unknown.,2865
FantasyPros ECR,2026,2026-08-30,draft,half_ppr,832,TE190,Stephen Carlson,6451,TE,,,10,CHI,FantasyPros updated timestamp: 1788111282; average rank: 733.00; best: 729; worst: 737; stddev: 4.00; experts: 2; Sleeper match: matched_name_position. Same-day GDFM draft-era snapshot; exact pre/post-draft cutoff is unknown.,2866
FantasyPros ECR,2026,2026-08-30,draft,half_ppr,833,TE191,Chris Myarick,6529,TE,,,13,LV,FantasyPros updated timestamp: 1788111282; average rank: 733.50; best: 732; worst: 735; stddev: 1.50; experts: 2; Sleeper match: matched_name_position. Same-day GDFM draft-era snapshot; exact pre/post-draft cutoff is unknown.,2867
FantasyPros ECR,2026,2026-08-30,draft,half_ppr,834,RB201,Cam Akers,6938,RB,,,,FA,FantasyPros updated timestamp: 1788111282; average rank: 734.50; best: 710; worst: 759; stddev: 24.50; experts: 2; Sleeper match: matched_name_position. Same-day GDFM draft-era snapshot; exact pre/post-draft cutoff is unknown.,2868
FantasyPros ECR,2026,2026-08-30,draft,half_ppr,835,RB202,Owen Wright,11384,RB,,,,FA,FantasyPros updated timestamp: 1788111282; average rank: 746.50; best: 728; worst: 765; stddev: 18.50; experts: 2; Sleeper match: matched_name_position. Same-day GDFM draft-era snapshot; exact pre/post-draft cutoff is unknown.,2869
FantasyPros ECR,2026,2026-08-30,draft,half_ppr,836,RB203,Terion Stewart,13780,RB,,,5,KC,FantasyPros updated timestamp: 1788111282; average rank: 749.50; best: 748; worst: 751; stddev: 1.50; experts: 2; Sleeper match: matched_name_position. Same-day GDFM draft-era snapshot; exact pre/post-draft cutoff is unknown.,2870
FantasyPros ECR,2026,2026-08-30,draft,half_ppr,837,TE192,Mark Redman,13013,TE,,,11,LAR,FantasyPros updated timestamp: 1788111282; average rank: 755.00; best: 746; worst: 764; stddev: 9.00; experts: 2; Sleeper match: matched_name_position. Same-day GDFM draft-era snapshot; exact pre/post-draft cutoff is unknown.,2871
FantasyPros ECR,2026,2026-08-30,draft,half_ppr,838,TE193,Dan Villari,13321,TE,,,,FA,FantasyPros updated timestamp: 1788111282; average rank: 757.00; best: 747; worst: 767; stddev: 10.00; experts: 2; Sleeper match: matched_name_position. Same-day GDFM draft-era snapshot; exact pre/post-draft cutoff is unknown.,2872
FantasyPros ECR,2026,2026-08-30,draft,half_ppr,839,TE194,Rohan Jones,13810,TE,,,,FA,FantasyPros updated timestamp: 1788111282; average rank: 761.00; best: 749; worst: 773; stddev: 12.00; experts: 2; Sleeper match: matched_name_position. Same-day GDFM draft-era snapshot; exact pre/post-draft cutoff is unknown.,2873
FantasyPros ECR,2026,2026-08-30,draft,half_ppr,840,TE195,Josh Kattus,13312,TE,,,6,CIN,FantasyPros updated timestamp: 1788111282; average rank: 763.50; best: 751; worst: 776; stddev: 12.50; experts: 2; Sleeper match: matched_name_position. Same-day GDFM draft-era snapshot; exact pre/post-draft cutoff is unknown.,2874
FantasyPros ECR,2026,2026-08-30,draft,half_ppr,841,RB204,Amar Johnson,12928,RB,,,7,LAC,FantasyPros updated timestamp: 1788111282; average rank: 763.50; best: 753; worst: 774; stddev: 10.50; experts: 2; Sleeper match: matched_name_position. Same-day GDFM draft-era snapshot; exact pre/post-draft cutoff is unknown.,2875
FantasyPros ECR,2026,2026-08-30,draft,half_ppr,842,RB205,Gus Edwards,5248,RB,,,,FA,FantasyPros updated timestamp: 1788111282; average rank: 766.00; best: 752; worst: 780; stddev: 14.00; experts: 2; Sleeper match: matched_name_position. Same-day GDFM draft-era snapshot; exact pre/post-draft cutoff is unknown.,2876
FantasyPros ECR,2026,2026-08-30,draft,half_ppr,843,RB206,Zack Moss,6845,RB,,,,FA,FantasyPros updated timestamp: 1788111282; average rank: 769.00; best: 755; worst: 783; stddev: 14.00; experts: 2; Sleeper match: matched_name_position. Same-day GDFM draft-era snapshot; exact pre/post-draft cutoff is unknown.,2877
FantasyPros ECR,2026,2026-08-30,draft,half_ppr,844,TE196,Nick Vannett,3258,TE,,,11,SEA,FantasyPros updated timestamp: 1788111282; average rank: 771.00; best: 757; worst: 785; stddev: 14.00; experts: 2; Sleeper match: matched_name_position. Same-day GDFM draft-era snapshot; exact pre/post-draft cutoff is unknown.,2878
FantasyPros ECR,2026,2026-08-30,draft,half_ppr,845,RB207,Jeff Wilson Jr.,5284,RB,,,,FA,FantasyPros updated timestamp: 1788111282; average rank: 773.00; best: 756; worst: 790; stddev: 17.00; experts: 2; Sleeper match: matched_name_position. Same-day GDFM draft-era snapshot; exact pre/post-draft cutoff is unknown.,2879
FantasyPros ECR,2026,2026-08-30,draft,half_ppr,846,RB208,Trayveon Williams,6144,RB,,,6,DET,FantasyPros updated timestamp: 1788111282; average rank: 776.00; best: 759; worst: 793; stddev: 17.00; experts: 2; Sleeper match: matched_name_position. Same-day GDFM draft-era snapshot; exact pre/post-draft cutoff is unknown.,2880
FantasyPros ECR,2026,2026-08-30,draft,half_ppr,847,TE197,Caleb Lohner,12735,TE,,,10,DEN,FantasyPros updated timestamp: 1788111282; average rank: 776.00; best: 765; worst: 787; stddev: 11.00; experts: 2; Sleeper match: matched_name_position. Same-day GDFM draft-era snapshot; exact pre/post-draft cutoff is unknown.,2881
FantasyPros ECR,2026,2026-08-30,draft,half_ppr,848,WR274,Vinny Anthony II,13343,WR,,,11,ATL,FantasyPros updated timestamp: 1788111282; average rank: 776.50; best: 713; worst: 840; stddev: 63.50; experts: 2; Sleeper match: matched_name_position. Same-day GDFM draft-era snapshot; exact pre/post-draft cutoff is unknown.,2882
FantasyPros ECR,2026,2026-08-30,draft,half_ppr,849,WR275,Ricky White III,12475,WR,,,11,SEA,FantasyPros updated timestamp: 1788111282; average rank: 776.50; best: 715; worst: 838; stddev: 61.50; experts: 2; Sleeper match: matched_name_position. Same-day GDFM draft-era snapshot; exact pre/post-draft cutoff is unknown.,2883
FantasyPros ECR,2026,2026-08-30,draft,half_ppr,850,RB209,Royce Freeman,5046,RB,,,,FA,FantasyPros updated timestamp: 1788111282; average rank: 776.50; best: 758; worst: 795; stddev: 18.50; experts: 2; Sleeper match: matched_name_position. Same-day GDFM draft-era snapshot; exact pre/post-draft cutoff is unknown.,2884
FantasyPros ECR,2026,2026-08-30,draft,half_ppr,851,RB210,D'Onta Foreman,4111,RB,,,,FA,FantasyPros updated timestamp: 1788111282; average rank: 780.00; best: 760; worst: 800; stddev: 20.00; experts: 2; Sleeper match: matched_name_position. Same-day GDFM draft-era snapshot; exact pre/post-draft cutoff is unknown.,2885
FantasyPros ECR,2026,2026-08-30,draft,half_ppr,852,RB211,Dare Ogunbowale,4718,RB,,,,FA,FantasyPros updated timestamp: 1788111282; average rank: 781.00; best: 761; worst: 801; stddev: 20.00; experts: 2; Sleeper match: matched_name_position. Same-day GDFM draft-era snapshot; exact pre/post-draft cutoff is unknown.,2886
FantasyPros ECR,2026,2026-08-30,draft,half_ppr,853,RB212,Jashaun Corbin,8194,RB,,,14,DAL,FantasyPros updated timestamp: 1788111282; average rank: 781.50; best: 767; worst: 796; stddev: 14.50; experts: 2; Sleeper match: matched_name_position. Same-day GDFM draft-era snapshot; exact pre/post-draft cutoff is unknown.,2887
FantasyPros ECR,2026,2026-08-30,draft,half_ppr,854,WR276,Emmanuel Henderson Jr.,13313,WR,,,11,SEA,FantasyPros updated timestamp: 1788111282; average rank: 782.50; best: 754; worst: 811; stddev: 28.50; experts: 2; Sleeper match: matched_name_position. Same-day GDFM draft-era snapshot; exact pre/post-draft cutoff is unknown.,2888
FantasyPros ECR,2026,2026-08-30,draft,half_ppr,855,RB213,Carlos Washington Jr.,11186,RB,,,6,MIA,FantasyPros updated timestamp: 1788111282; average rank: 785.00; best: 763; worst: 807; stddev: 22.00; experts: 2; Sleeper match: matched_name_position. Same-day GDFM draft-era snapshot; exact pre/post-draft cutoff is unknown.,2889
FantasyPros ECR,2026,2026-08-30,draft,half_ppr,856,RB214,Gregory Desrosiers,13603,RB,,,7,LAC,FantasyPros updated timestamp: 1788111282; average rank: 786.00; best: 764; worst: 808; stddev: 22.00; experts: 2; Sleeper match: matched_name_position. Same-day GDFM draft-era snapshot; exact pre/post-draft cutoff is unknown.,2890
FantasyPros ECR,2026,2026-08-30,draft,half_ppr,857,RB215,Clyde Edwards-Helaire,6820,RB,,,,FA,FantasyPros updated timestamp: 1788111282; average rank: 789.00; best: 766; worst: 812; stddev: 23.00; experts: 2; Sleeper match: matched_name_position. Same-day GDFM draft-era snapshot; exact pre/post-draft cutoff is unknown.,2891
FantasyPros ECR,2026,2026-08-30,draft,half_ppr,858,RB216,Darrynton Evans,7064,RB,,,,FA,FantasyPros updated timestamp: 1788111282; average rank: 791.50; best: 769; worst: 814; stddev: 22.50; experts: 2; Sleeper match: matched_name_position. Same-day GDFM draft-era snapshot; exact pre/post-draft cutoff is unknown.,2892
FantasyPros ECR,2026,2026-08-30,draft,half_ppr,859,RB217,Myles Gaskin,5980,RB,,,,FA,FantasyPros updated timestamp: 1788111282; average rank: 792.00; best: 768; worst: 816; stddev: 24.00; experts: 2; Sleeper match: matched_name_position. Same-day GDFM draft-era snapshot; exact pre/post-draft cutoff is unknown.,2893
FantasyPros ECR,2026,2026-08-30,draft,half_ppr,860,RB218,Tyrion Davis-Price,8211,RB,,,,FA,FantasyPros updated timestamp: 1788111282; average rank: 795.00; best: 772; worst: 818; stddev: 23.00; experts: 2; Sleeper match: matched_name_position. Same-day GDFM draft-era snapshot; exact pre/post-draft cutoff is unknown.,2894
FantasyPros ECR,2026,2026-08-30,draft,half_ppr,861,RB219,D'Ernest Johnson,6694,RB,,,9,TEN,FantasyPros updated timestamp: 1788111282; average rank: 800.50; best: 774; worst: 827; stddev: 26.50; experts: 2; Sleeper match: matched_name_position. Same-day GDFM draft-era snapshot; exact pre/post-draft cutoff is unknown.,2895
FantasyPros ECR,2026,2026-08-30,draft,half_ppr,862,WR277,Jeff Caldwell,13392,WR,,,5,KC,FantasyPros updated timestamp: 1788111282; average rank: 801.50; best: 744; worst: 859; stddev: 57.50; experts: 2; Sleeper match: matched_name_position. Same-day GDFM draft-era snapshot; exact pre/post-draft cutoff is unknown.,2896
FantasyPros ECR,2026,2026-08-30,draft,half_ppr,863,RB220,Lucas Scott,13213,RB,,,13,BAL,FantasyPros updated timestamp: 1788111282; average rank: 803.00; best: 777; worst: 829; stddev: 26.00; experts: 2; Sleeper match: matched_name. Same-day GDFM draft-era snapshot; exact pre/post-draft cutoff is unknown.,2897
FantasyPros ECR,2026,2026-08-30,draft,half_ppr,864,WR278,Camden Brown,13726,WR,,,14,DAL,FantasyPros updated timestamp: 1788111282; average rank: 805.50; best: 762; worst: 849; stddev: 43.50; experts: 2; Sleeper match: matched_name_position. Same-day GDFM draft-era snapshot; exact pre/post-draft cutoff is unknown.,2898
FantasyPros ECR,2026,2026-08-30,draft,half_ppr,865,RB221,Deuce Vaughn,9505,RB,,,,FA,FantasyPros updated timestamp: 1788111282; average rank: 805.50; best: 791; worst: 820; stddev: 14.50; experts: 2; Sleeper match: matched_name_position. Same-day GDFM draft-era snapshot; exact pre/post-draft cutoff is unknown.,2899
FantasyPros ECR,2026,2026-08-30,draft,half_ppr,866,RB222,Brock Lampe,12983,RB,,,11,SEA,FantasyPros updated timestamp: 1788111282; average rank: 813.50; best: 797; worst: 830; stddev: 16.50; experts: 2; Sleeper match: matched_name. Same-day GDFM draft-era snapshot; exact pre/post-draft cutoff is unknown.,2900
FantasyPros ECR,2026,2026-08-30,draft,half_ppr,867,WR279,Eli Pancol,12909,WR,,,13,IND,FantasyPros updated timestamp: 1788111282; average rank: 818.50; best: 770; worst: 867; stddev: 48.50; experts: 2; Sleeper match: matched_name_position. Same-day GDFM draft-era snapshot; exact pre/post-draft cutoff is unknown.,2901
FantasyPros ECR,2026,2026-08-30,draft,half_ppr,868,WR280,Andrew Armstrong,12863,WR,,,5,KC,FantasyPros updated timestamp: 1788111282; average rank: 820.00; best: 771; worst: 869; stddev: 49.00; experts: 2; Sleeper match: matched_name_position. Same-day GDFM draft-era snapshot; exact pre/post-draft cutoff is unknown.,2902
FantasyPros ECR,2026,2026-08-30,draft,half_ppr,869,WR281,Sederrick Cunningham,,WR,,,,FA,FantasyPros updated timestamp: 1788111282; average rank: 820.50; best: 776; worst: 865; stddev: 44.50; experts: 2; Sleeper match: unmatched. Same-day GDFM draft-era snapshot; exact pre/post-draft cutoff is unknown.,2903
FantasyPros ECR,2026,2026-08-30,draft,half_ppr,870,WR282,Raylen Sharpe,13783,WR,,,13,IND,FantasyPros updated timestamp: 1788111282; average rank: 824.50; best: 779; worst: 870; stddev: 45.50; experts: 2; Sleeper match: matched_name_position. Same-day GDFM draft-era snapshot; exact pre/post-draft cutoff is unknown.,2904
FantasyPros ECR,2026,2026-08-30,draft,half_ppr,871,WR283,Isaiah Neyor,13074,WR,,,,FA,FantasyPros updated timestamp: 1788111282; average rank: 826.50; best: 778; worst: 875; stddev: 48.50; experts: 2; Sleeper match: matched_name_position. Same-day GDFM draft-era snapshot; exact pre/post-draft cutoff is unknown.,2905
FantasyPros ECR,2026,2026-08-30,draft,half_ppr,872,WR284,Jacob De Jesus,13904,WR,,,5,KC,FantasyPros updated timestamp: 1788111282; average rank: 827.50; best: 781; worst: 874; stddev: 46.50; experts: 2; Sleeper match: matched_name_position. Same-day GDFM draft-era snapshot; exact pre/post-draft cutoff is unknown.,2906
FantasyPros ECR,2026,2026-08-30,draft,half_ppr,873,WR285,Sahmir Hagans,13929,WR,,,13,IND,FantasyPros updated timestamp: 1788111282; average rank: 829.50; best: 783; worst: 876; stddev: 46.50; experts: 2; Sleeper match: matched_name_position. Same-day GDFM draft-era snapshot; exact pre/post-draft cutoff is unknown.,2907
FantasyPros ECR,2026,2026-08-30,draft,half_ppr,874,WR286,Omari Kelly,13941,WR,,,10,CHI,FantasyPros updated timestamp: 1788111282; average rank: 832.00; best: 782; worst: 882; stddev: 50.00; experts: 2; Sleeper match: matched_name_position. Same-day GDFM draft-era snapshot; exact pre/post-draft cutoff is unknown.,2908
FantasyPros ECR,2026,2026-08-30,draft,half_ppr,875,WR287,Omari Evans,13905,WR,,,5,KC,FantasyPros updated timestamp: 1788111282; average rank: 832.50; best: 788; worst: 877; stddev: 44.50; experts: 2; Sleeper match: matched_name_position. Same-day GDFM draft-era snapshot; exact pre/post-draft cutoff is unknown.,2909
FantasyPros ECR,2026,2026-08-30,draft,half_ppr,876,WR288,Quez Watkins,6927,WR,,,10,PHI,FantasyPros updated timestamp: 1788111282; average rank: 832.50; best: 794; worst: 871; stddev: 38.50; experts: 2; Sleeper match: matched_name_position. Same-day GDFM draft-era snapshot; exact pre/post-draft cutoff is unknown.,2910
FantasyPros ECR,2026,2026-08-30,draft,half_ppr,877,WR289,Brennan Presley,13011,WR,,,11,LAR,FantasyPros updated timestamp: 1788111282; average rank: 833.00; best: 785; worst: 881; stddev: 48.00; experts: 2; Sleeper match: matched_name_position. Same-day GDFM draft-era snapshot; exact pre/post-draft cutoff is unknown.,2911
FantasyPros ECR,2026,2026-08-30,draft,half_ppr,878,WR290,Kaden Prather,12721,WR,,,11,GB,FantasyPros updated timestamp: 1788111282; average rank: 833.00; best: 787; worst: 879; stddev: 46.00; experts: 2; Sleeper match: matched_name_position. Same-day GDFM draft-era snapshot; exact pre/post-draft cutoff is unknown.,2912
FantasyPros ECR,2026,2026-08-30,draft,half_ppr,879,WR291,Xavier Loyd,13916,WR,,,5,KC,FantasyPros updated timestamp: 1788111282; average rank: 833.50; best: 789; worst: 878; stddev: 44.50; experts: 2; Sleeper match: matched_name_position. Same-day GDFM draft-era snapshot; exact pre/post-draft cutoff is unknown.,2913
FantasyPros ECR,2026,2026-08-30,draft,half_ppr,880,WR292,Brandon Smith,7865,WR,,,9,PIT,FantasyPros updated timestamp: 1788111282; average rank: 834.50; best: 780; worst: 889; stddev: 54.50; experts: 2; Sleeper match: matched_name_position. Same-day GDFM draft-era snapshot; exact pre/post-draft cutoff is unknown.,2914
FantasyPros ECR,2026,2026-08-30,draft,half_ppr,881,WR293,Tru Edwards,13003,WR,,,,FA,FantasyPros updated timestamp: 1788111282; average rank: 837.00; best: 790; worst: 884; stddev: 47.00; experts: 2; Sleeper match: matched_name_position. Same-day GDFM draft-era snapshot; exact pre/post-draft cutoff is unknown.,2915
FantasyPros ECR,2026,2026-08-30,draft,half_ppr,882,WR294,Anthony Smith,13582,WR,,,14,DAL,FantasyPros updated timestamp: 1788111282; average rank: 837.50; best: 784; worst: 891; stddev: 53.50; experts: 2; Sleeper match: matched_name_position. Same-day GDFM draft-era snapshot; exact pre/post-draft cutoff is unknown.,2916
FantasyPros ECR,2026,2026-08-30,draft,half_ppr,883,WR295,JP Richardson,12746,WR,,,,FA,FantasyPros updated timestamp: 1788111282; average rank: 839.00; best: 792; worst: 886; stddev: 47.00; experts: 2; Sleeper match: matched_name_position. Same-day GDFM draft-era snapshot; exact pre/post-draft cutoff is unknown.,2917
FantasyPros ECR,2026,2026-08-30,draft,half_ppr,884,WR296,Jordan Moore,12761,WR,,,6,CIN,FantasyPros updated timestamp: 1788111282; average rank: 841.50; best: 795; worst: 888; stddev: 46.50; experts: 2; Sleeper match: matched_name_position. Same-day GDFM draft-era snapshot; exact pre/post-draft cutoff is unknown.,2918
FantasyPros ECR,2026,2026-08-30,draft,half_ppr,885,WR297,Devonte Ross,13632,WR,,,7,LAC,FantasyPros updated timestamp: 1788111282; average rank: 841.50; best: 798; worst: 885; stddev: 43.50; experts: 2; Sleeper match: matched_name_position. Same-day GDFM draft-era snapshot; exact pre/post-draft cutoff is unknown.,2919
FantasyPros ECR,2026,2026-08-30,draft,half_ppr,886,WR298,Chris Hilton Jr.,13674,WR,,,11,GB,FantasyPros updated timestamp: 1788111282; average rank: 843.50; best: 800; worst: 887; stddev: 43.50; experts: 2; Sleeper match: matched_name_position. Same-day GDFM draft-era snapshot; exact pre/post-draft cutoff is unknown.,2920
FantasyPros ECR,2026,2026-08-30,draft,half_ppr,887,WR299,Nick Nash,12478,WR,,,7,WAS,FantasyPros updated timestamp: 1788111282; average rank: 844.50; best: 796; worst: 893; stddev: 48.50; experts: 2; Sleeper match: matched_name_position. Same-day GDFM draft-era snapshot; exact pre/post-draft cutoff is unknown.,2921
FantasyPros ECR,2026,2026-08-30,draft,half_ppr,888,WR300,Sincere Brown,13604,WR,,,7,LAC,FantasyPros updated timestamp: 1788111282; average rank: 847.00; best: 804; worst: 890; stddev: 43.00; experts: 2; Sleeper match: matched_name_position. Same-day GDFM draft-era snapshot; exact pre/post-draft cutoff is unknown.,2922
FantasyPros ECR,2026,2026-08-30,draft,half_ppr,889,WR301,Jamaal Pritchett,12925,WR,,,13,NYJ,FantasyPros updated timestamp: 1788111282; average rank: 848.00; best: 801; worst: 895; stddev: 47.00; experts: 2; Sleeper match: matched_name_position. Same-day GDFM draft-era snapshot; exact pre/post-draft cutoff is unknown.,2923
FantasyPros ECR,2026,2026-08-30,draft,half_ppr,890,WR302,E.J. Williams Jr.,13805,WR,,,13,LV,FantasyPros updated timestamp: 1788111282; average rank: 850.00; best: 808; worst: 892; stddev: 42.00; experts: 2; Sleeper match: matched_name_position. Same-day GDFM draft-era snapshot; exact pre/post-draft cutoff is unknown.,2924
FantasyPros ECR,2026,2026-08-30,draft,half_ppr,891,WR303,Lewis Bond,13541,WR,,,8,HOU,FantasyPros updated timestamp: 1788111282; average rank: 850.50; best: 799; worst: 902; stddev: 51.50; experts: 2; Sleeper match: matched_name_position. Same-day GDFM draft-era snapshot; exact pre/post-draft cutoff is unknown.,2925
FantasyPros ECR,2026,2026-08-30,draft,half_ppr,892,WR304,Noah Thomas,13318,WR,,,6,CIN,FantasyPros updated timestamp: 1788111282; average rank: 850.50; best: 807; worst: 894; stddev: 43.50; experts: 2; Sleeper match: matched_name_position. Same-day GDFM draft-era snapshot; exact pre/post-draft cutoff is unknown.,2926
FantasyPros ECR,2026,2026-08-30,draft,half_ppr,893,WR305,Jaden Bradley,13760,WR,,,7,WAS,FantasyPros updated timestamp: 1788111282; average rank: 851.50; best: 806; worst: 897; stddev: 45.50; experts: 2; Sleeper match: matched_name_position. Same-day GDFM draft-era snapshot; exact pre/post-draft cutoff is unknown.,2927
FantasyPros ECR,2026,2026-08-30,draft,half_ppr,894,WR306,Rashad Rochelle,14037,WR,,,11,SEA,FantasyPros updated timestamp: 1788111282; average rank: 853.00; best: 810; worst: 896; stddev: 43.00; experts: 2; Sleeper match: matched_name_position. Same-day GDFM draft-era snapshot; exact pre/post-draft cutoff is unknown.,2928
FantasyPros ECR,2026,2026-08-30,draft,half_ppr,895,WR307,Donaven McCulley,13409,WR,,,6,MIA,FantasyPros updated timestamp: 1788111282; average rank: 854.00; best: 809; worst: 899; stddev: 45.00; experts: 2; Sleeper match: matched_name_position. Same-day GDFM draft-era snapshot; exact pre/post-draft cutoff is unknown.,2929
FantasyPros ECR,2026,2026-08-30,draft,half_ppr,896,WR308,Junior Bergen,12743,WR,,,13,NYJ,FantasyPros updated timestamp: 1788111282; average rank: 855.00; best: 812; worst: 898; stddev: 43.00; experts: 2; Sleeper match: matched_name_position. Same-day GDFM draft-era snapshot; exact pre/post-draft cutoff is unknown.,2930
FantasyPros ECR,2026,2026-08-30,draft,half_ppr,897,WR309,Tyren Montgomery,13600,WR,,,9,TEN,FantasyPros updated timestamp: 1788111282; average rank: 856.50; best: 805; worst: 908; stddev: 51.50; experts: 2; Sleeper match: matched_name_position. Same-day GDFM draft-era snapshot; exact pre/post-draft cutoff is unknown.,2931
FantasyPros ECR,2026,2026-08-30,draft,half_ppr,898,WR310,Eric Rivers Jr.,13316,WR,,,10,TB,FantasyPros updated timestamp: 1788111282; average rank: 857.00; best: 813; worst: 901; stddev: 44.00; experts: 2; Sleeper match: matched_name_position. Same-day GDFM draft-era snapshot; exact pre/post-draft cutoff is unknown.,2932
FantasyPros ECR,2026,2026-08-30,draft,half_ppr,899,WR311,Malik McClain,13825,WR,,,13,NYJ,FantasyPros updated timestamp: 1788111282; average rank: 858.50; best: 817; worst: 900; stddev: 41.50; experts: 2; Sleeper match: matched_name_position. Same-day GDFM draft-era snapshot; exact pre/post-draft cutoff is unknown.,2933
FantasyPros ECR,2026,2026-08-30,draft,half_ppr,900,WR312,Hakeem Butler,5886,WR,,,,FA,FantasyPros updated timestamp: 1788111282; average rank: 859.50; best: 815; worst: 904; stddev: 44.50; experts: 2; Sleeper match: matched_name. Same-day GDFM draft-era snapshot; exact pre/post-draft cutoff is unknown.,2934
FantasyPros ECR,2026,2026-08-30,draft,half_ppr,901,WR313,Brandon Johnson,8756,WR,,,13,LV,FantasyPros updated timestamp: 1788111282; average rank: 860.00; best: 803; worst: 917; stddev: 57.00; experts: 2; Sleeper match: matched_name_position. Same-day GDFM draft-era snapshot; exact pre/post-draft cutoff is unknown.,2935
FantasyPros ECR,2026,2026-08-30,draft,half_ppr,902,WR314,AJ Henning,12865,WR,,,6,MIA,FantasyPros updated timestamp: 1788111282; average rank: 861.00; best: 819; worst: 903; stddev: 42.00; experts: 2; Sleeper match: matched_name_position. Same-day GDFM draft-era snapshot; exact pre/post-draft cutoff is unknown.,2936
FantasyPros ECR,2026,2026-08-30,draft,half_ppr,903,WR315,Dane Key,13336,WR,,,10,DEN,FantasyPros updated timestamp: 1788111282; average rank: 862.00; best: 818; worst: 906; stddev: 44.00; experts: 2; Sleeper match: matched_name_position. Same-day GDFM draft-era snapshot; exact pre/post-draft cutoff is unknown.,2937
FantasyPros ECR,2026,2026-08-30,draft,half_ppr,904,WR316,Jordan Hudson,13325,WR,,,14,DAL,FantasyPros updated timestamp: 1788111282; average rank: 862.50; best: 820; worst: 905; stddev: 42.50; experts: 2; Sleeper match: matched_name_position. Same-day GDFM draft-era snapshot; exact pre/post-draft cutoff is unknown.,2938
FantasyPros ECR,2026,2026-08-30,draft,half_ppr,905,WR317,Dontae Fleming,12946,WR,,,6,MIN,FantasyPros updated timestamp: 1788111282; average rank: 863.00; best: 811; worst: 915; stddev: 52.00; experts: 2; Sleeper match: matched_name_position. Same-day GDFM draft-era snapshot; exact pre/post-draft cutoff is unknown.,2939
FantasyPros ECR,2026,2026-08-30,draft,half_ppr,906,WR318,Josh Kelly,12848,WR,,,8,HOU,FantasyPros updated timestamp: 1788111282; average rank: 863.00; best: 816; worst: 910; stddev: 47.00; experts: 2; Sleeper match: matched_name_position. Same-day GDFM draft-era snapshot; exact pre/post-draft cutoff is unknown.,2940
FantasyPros ECR,2026,2026-08-30,draft,half_ppr,907,WR319,Dillon Bell,13621,WR,,,6,MIN,FantasyPros updated timestamp: 1788111282; average rank: 865.00; best: 814; worst: 916; stddev: 51.00; experts: 2; Sleeper match: matched_name_position. Same-day GDFM draft-era snapshot; exact pre/post-draft cutoff is unknown.,2941
FantasyPros ECR,2026,2026-08-30,draft,half_ppr,908,WR320,Danny Gray,8176,WR,,,10,PHI,FantasyPros updated timestamp: 1788111282; average rank: 865.50; best: 824; worst: 907; stddev: 41.50; experts: 2; Sleeper match: matched_name_position. Same-day GDFM draft-era snapshot; exact pre/post-draft cutoff is unknown.,2942
FantasyPros ECR,2026,2026-08-30,draft,half_ppr,909,WR321,Dennis Houston,8801,WR,,,10,TB,FantasyPros updated timestamp: 1788111282; average rank: 867.00; best: 825; worst: 909; stddev: 42.00; experts: 2; Sleeper match: matched_name_position. Same-day GDFM draft-era snapshot; exact pre/post-draft cutoff is unknown.,2943
FantasyPros ECR,2026,2026-08-30,draft,half_ppr,910,WR322,Stephen Gosnell,12756,WR,,,7,BUF,FantasyPros updated timestamp: 1788111282; average rank: 867.50; best: 823; worst: 912; stddev: 44.50; experts: 2; Sleeper match: matched_name_position. Same-day GDFM draft-era snapshot; exact pre/post-draft cutoff is unknown.,2944
FantasyPros ECR,2026,2026-08-30,draft,half_ppr,911,WR323,Kolbe Katsis,13981,WR,,,10,DEN,FantasyPros updated timestamp: 1788111282; average rank: 869.50; best: 828; worst: 911; stddev: 41.50; experts: 2; Sleeper match: matched_name_position. Same-day GDFM draft-era snapshot; exact pre/post-draft cutoff is unknown.,2945
FantasyPros ECR,2026,2026-08-30,draft,half_ppr,912,WR324,Dean Patterson IV,14020,WR,,,10,TB,FantasyPros updated timestamp: 1788111282; average rank: 871.00; best: 829; worst: 913; stddev: 42.00; experts: 2; Sleeper match: matched_name_position. Same-day GDFM draft-era snapshot; exact pre/post-draft cutoff is unknown.,2946
FantasyPros ECR,2026,2026-08-30,draft,half_ppr,913,WR325,Treyvhon Saunders,13862,WR,,,8,HOU,FantasyPros updated timestamp: 1788111282; average rank: 872.00; best: 826; worst: 918; stddev: 46.00; experts: 2; Sleeper match: matched_name_position. Same-day GDFM draft-era snapshot; exact pre/post-draft cutoff is unknown.,2947
FantasyPros ECR,2026,2026-08-30,draft,half_ppr,914,WR326,Trey Palmer,9492,WR,,,8,NO,FantasyPros updated timestamp: 1788111282; average rank: 873.00; best: 821; worst: 925; stddev: 52.00; experts: 2; Sleeper match: matched_name_position. Same-day GDFM draft-era snapshot; exact pre/post-draft cutoff is unknown.,2948
FantasyPros ECR,2026,2026-08-30,draft,half_ppr,915,WR327,Cameron Ross,13744,WR,,,10,DEN,FantasyPros updated timestamp: 1788111282; average rank: 873.00; best: 832; worst: 914; stddev: 41.00; experts: 2; Sleeper match: matched_name_position. Same-day GDFM draft-era snapshot; exact pre/post-draft cutoff is unknown.,2949
FantasyPros ECR,2026,2026-08-30,draft,half_ppr,916,WR328,Daniel Sobkowicz,13861,WR,,,8,HOU,FantasyPros updated timestamp: 1788111282; average rank: 875.00; best: 830; worst: 920; stddev: 45.00; experts: 2; Sleeper match: matched_name_position. Same-day GDFM draft-era snapshot; exact pre/post-draft cutoff is unknown.,2950
FantasyPros ECR,2026,2026-08-30,draft,half_ppr,917,WR329,Max Tomczak,13698,WR,,,7,BUF,FantasyPros updated timestamp: 1788111282; average rank: 876.00; best: 833; worst: 919; stddev: 43.00; experts: 2; Sleeper match: matched_name_position. Same-day GDFM draft-era snapshot; exact pre/post-draft cutoff is unknown.,2951
FantasyPros ECR,2026,2026-08-30,draft,half_ppr,918,WR330,Ja'Mori Maclin,13696,WR,,,,FA,FantasyPros updated timestamp: 1788111282; average rank: 877.50; best: 834; worst: 921; stddev: 43.50; experts: 2; Sleeper match: matched_name_position. Same-day GDFM draft-era snapshot; exact pre/post-draft cutoff is unknown.,2952
FantasyPros ECR,2026,2026-08-30,draft,half_ppr,919,WR331,Hank Beatty,13776,WR,,,9,TEN,FantasyPros updated timestamp: 1788111282; average rank: 878.50; best: 835; worst: 922; stddev: 43.50; experts: 2; Sleeper match: matched_name_position. Same-day GDFM draft-era snapshot; exact pre/post-draft cutoff is unknown.,2953
FantasyPros ECR,2026,2026-08-30,draft,half_ppr,920,WR332,Keelan Marion,13973,WR,,,,FA,FantasyPros updated timestamp: 1788111282; average rank: 880.50; best: 838; worst: 923; stddev: 42.50; experts: 2; Sleeper match: matched_name_position. Same-day GDFM draft-era snapshot; exact pre/post-draft cutoff is unknown.,2954
FantasyPros ECR,2026,2026-08-30,draft,half_ppr,921,WR333,Nick DeGennaro,13963,WR,,,11,NE,FantasyPros updated timestamp: 1788111282; average rank: 882.00; best: 837; worst: 927; stddev: 45.00; experts: 2; Sleeper match: matched_name_position. Same-day GDFM draft-era snapshot; exact pre/post-draft cutoff is unknown.,2955
FantasyPros ECR,2026,2026-08-30,draft,half_ppr,922,WR334,Courtney Jackson,12772,WR,,,9,TEN,FantasyPros updated timestamp: 1788111282; average rank: 882.00; best: 840; worst: 924; stddev: 42.00; experts: 2; Sleeper match: matched_name_position. Same-day GDFM draft-era snapshot; exact pre/post-draft cutoff is unknown.,2956
FantasyPros ECR,2026,2026-08-30,draft,half_ppr,923,WR335,Cameron Dorner,13962,WR,,,11,NE,FantasyPros updated timestamp: 1788111282; average rank: 882.50; best: 839; worst: 926; stddev: 43.50; experts: 2; Sleeper match: matched_name_position. Same-day GDFM draft-era snapshot; exact pre/post-draft cutoff is unknown.,2957
FantasyPros ECR,2026,2026-08-30,draft,half_ppr,924,WR336,Lance McCutcheon,8745,WR,,,9,TEN,FantasyPros updated timestamp: 1788111282; average rank: 885.00; best: 842; worst: 928; stddev: 43.00; experts: 2; Sleeper match: matched_name_position. Same-day GDFM draft-era snapshot; exact pre/post-draft cutoff is unknown.,2958
FantasyPros ECR,2026,2026-08-30,draft,half_ppr,925,WR337,Kobe Prentice,13708,WR,,,,FA,FantasyPros updated timestamp: 1788111282; average rank: 886.50; best: 844; worst: 929; stddev: 42.50; experts: 2; Sleeper match: matched_name_position. Same-day GDFM draft-era snapshot; exact pre/post-draft cutoff is unknown.,2959
FantasyPros ECR,2026,2026-08-30,draft,half_ppr,926,WR338,Kyle Dixon,13830,WR,,,11,NE,FantasyPros updated timestamp: 1788111282; average rank: 887.50; best: 845; worst: 930; stddev: 42.50; experts: 2; Sleeper match: matched_name_position. Same-day GDFM draft-era snapshot; exact pre/post-draft cutoff is unknown.,2960
FantasyPros ECR,2026,2026-08-30,draft,half_ppr,927,WR339,Brock Rechsteiner,14034,WR,,,8,NO,FantasyPros updated timestamp: 1788111282; average rank: 888.50; best: 846; worst: 931; stddev: 42.50; experts: 2; Sleeper match: matched_name_position. Same-day GDFM draft-era snapshot; exact pre/post-draft cutoff is unknown.,2961
FantasyPros ECR,2026,2026-08-30,draft,half_ppr,928,WR340,Jackson Meeks,12938,WR,,,6,DET,FantasyPros updated timestamp: 1788111282; average rank: 890.00; best: 848; worst: 932; stddev: 42.00; experts: 2; Sleeper match: matched_name_position. Same-day GDFM draft-era snapshot; exact pre/post-draft cutoff is unknown.,2962
FantasyPros ECR,2026,2026-08-30,draft,half_ppr,929,WR341,Luke Floriea,13189,WR,,,11,CLE,FantasyPros updated timestamp: 1788111282; average rank: 891.00; best: 849; worst: 933; stddev: 42.00; experts: 2; Sleeper match: matched_name_position. Same-day GDFM draft-era snapshot; exact pre/post-draft cutoff is unknown.,2963
FantasyPros ECR,2026,2026-08-30,draft,half_ppr,930,WR342,Kole Wilson,13749,WR,,,11,CLE,FantasyPros updated timestamp: 1788111282; average rank: 893.00; best: 852; worst: 934; stddev: 41.00; experts: 2; Sleeper match: matched_name_position. Same-day GDFM draft-era snapshot; exact pre/post-draft cutoff is unknown.,2964
FantasyPros ECR,2026,2026-08-30,draft,half_ppr,931,WR343,Wesley Grimes,13663,WR,,,8,SF,FantasyPros updated timestamp: 1788111282; average rank: 894.00; best: 851; worst: 937; stddev: 43.00; experts: 2; Sleeper match: matched_name_position. Same-day GDFM draft-era snapshot; exact pre/post-draft cutoff is unknown.,2965
FantasyPros ECR,2026,2026-08-30,draft,half_ppr,932,WR344,Bryson Green,12799,WR,,,,FA,FantasyPros updated timestamp: 1788111282; average rank: 894.00; best: 853; worst: 935; stddev: 41.00; experts: 2; Sleeper match: matched_name_position. Same-day GDFM draft-era snapshot; exact pre/post-draft cutoff is unknown.,2966
FantasyPros ECR,2026,2026-08-30,draft,half_ppr,933,WR345,Harrison Wallace III,13670,WR,,,14,ARI,FantasyPros updated timestamp: 1788111282; average rank: 895.00; best: 854; worst: 936; stddev: 41.00; experts: 2; Sleeper match: matched_name_position. Same-day GDFM draft-era snapshot; exact pre/post-draft cutoff is unknown.,2967
FantasyPros ECR,2026,2026-08-30,draft,half_ppr,934,WR346,Xavier Guillory,13042,WR,,,13,BAL,FantasyPros updated timestamp: 1788111282; average rank: 897.50; best: 857; worst: 938; stddev: 40.50; experts: 2; Sleeper match: matched_name_position. Same-day GDFM draft-era snapshot; exact pre/post-draft cutoff is unknown.,2968
FantasyPros ECR,2026,2026-08-30,draft,half_ppr,935,WR347,Cortez Braham Jr.,13849,WR,,,13,BAL,FantasyPros updated timestamp: 1788111282; average rank: 898.50; best: 858; worst: 939; stddev: 40.50; experts: 2; Sleeper match: matched_name_position. Same-day GDFM draft-era snapshot; exact pre/post-draft cutoff is unknown.,2969
FantasyPros ECR,2026,2026-08-30,draft,half_ppr,936,WR348,Octavian Smith Jr.,13850,WR,,,13,BAL,FantasyPros updated timestamp: 1788111282; average rank: 899.50; best: 859; worst: 940; stddev: 40.50; experts: 2; Sleeper match: matched_name_position. Same-day GDFM draft-era snapshot; exact pre/post-draft cutoff is unknown.,2970
FantasyPros ECR,2026,2026-08-30,draft,half_ppr,937,WR349,Cornelius Johnson,11815,WR,,,13,BAL,FantasyPros updated timestamp: 1788111282; average rank: 901.00; best: 861; worst: 941; stddev: 40.00; experts: 2; Sleeper match: matched_name_position. Same-day GDFM draft-era snapshot; exact pre/post-draft cutoff is unknown.,2971
FantasyPros ECR,2026,2026-08-30,draft,half_ppr,938,WR350,Irv Charles,8861,WR,,,11,SEA,FantasyPros updated timestamp: 1788111282; average rank: 902.00; best: 862; worst: 942; stddev: 40.00; experts: 2; Sleeper match: matched_name_position. Same-day GDFM draft-era snapshot; exact pre/post-draft cutoff is unknown.,2972
FantasyPros ECR,2026,2026-08-30,draft,half_ppr,939,WR351,Phillip Dorsett II,2334,WR,,,13,LV,FantasyPros updated timestamp: 1788111282; average rank: 903.00; best: 863; worst: 943; stddev: 40.00; experts: 2; Sleeper match: matched_name_position. Same-day GDFM draft-era snapshot; exact pre/post-draft cutoff is unknown.,2973
FantasyPros ECR,2026,2026-08-30,draft,half_ppr,940,WR352,Ihmir Smith-Marsette,7559,WR,,,14,ARI,FantasyPros updated timestamp: 1788111282; average rank: 904.00; best: 864; worst: 944; stddev: 40.00; experts: 2; Sleeper match: matched_name_position. Same-day GDFM draft-era snapshot; exact pre/post-draft cutoff is unknown.,2974
FantasyPros ECR,2026,2026-08-30,draft,half_ppr,941,WR353,Trenton Irwin,6598,WR,,,8,SF,FantasyPros updated timestamp: 1788111282; average rank: 905.00; best: 865; worst: 945; stddev: 40.00; experts: 2; Sleeper match: matched_name_position. Same-day GDFM draft-era snapshot; exact pre/post-draft cutoff is unknown.,2975
