league_key,season,draft_id,overall_order,nomination_number,player_name,sleeper_player_id,position,winning_roster_id,winning_manager_id,winning_manager_name,winning_price,record_type,modeled_market_value,app_do_not_exceed,notes,source_row,sale_index,expected_draft_sales,auction_stage,team_cash_before,team_open_spots_before,team_legal_max_before,league_cash_before,league_open_spots_before,league_reserve_before,league_discretionary_cash_before,position_sales_before,position_spend_before,position_average_price_before,historical_overall_rank,historical_position_rank,ranking_date,scenario_low,scenario_predicted_price,scenario_high,scenario_error,scenario_absolute_error,scenario_interval_hit,scenario_training_seasons
bishop_sycamore,2024,1121613183959059968,72,72,Mark Andrews,5012,TE,3,Bishop_Fritz,GuessWhosBackInBusiness,47,auction_sale,,,,289,1,145,0.0,269,12,258,2646,145,145,2501,0,0.0,0.0,50,TE4,2024-09-06,1.0,22.38,60.29,-24.62,24.62,True,2023
bishop_sycamore,2024,1121613183959059968,73,73,Marvin Harrison,11628,WR,2,Bishop_Troy,Troy (redneck)(cop),1,auction_sale,,,,290,2,145,0.006896551724137931,72,13,60,2599,144,144,2455,0,0.0,0.0,15,WR9,2024-09-06,1.0,21.47,60.0,20.47,20.47,True,2023
bishop_sycamore,2024,1121613183959059968,74,74,James Cook,8138,RB,3,Bishop_Fritz,GuessWhosBackInBusiness,96,auction_sale,,,,291,3,145,0.013793103448275862,222,11,212,2598,143,143,2455,0,0.0,0.0,43,RB14,2024-09-06,1.0,22.38,62.94,-73.62,73.62,False,2023
bishop_sycamore,2024,1121613183959059968,75,75,A.J. Brown,5859,WR,1,Bishop_Derek,Super Ja‚ÄôMARRio Bros,191,auction_sale,,,,292,4,145,0.020689655172413793,383,12,372,2502,142,142,2360,1,1.0,1.0,9,WR6,2024-09-06,1.0,22.38,68.11,-168.62,168.62,False,2023
bishop_sycamore,2024,1121613183959059968,76,76,Josh Allen,4984,QB,8,Bishop_Ryan,DTP,64,auction_sale,,,,293,5,145,0.027586206896551724,234,12,223,2311,141,141,2170,0,0.0,0.0,22,QB1,2024-09-06,1.0,22.38,65.59,-41.62,41.62,True,2023
bishop_sycamore,2024,1121613183959059968,77,77,Cooper Kupp,4039,WR,10,Bishop_Brandon,"Sir, my teams updated,sir",89,auction_sale,,,,294,6,145,0.034482758620689655,201,12,190,2247,140,140,2107,2,192.0,96.0,27,WR17,2024-09-06,1.0,40.24,73.51,-48.76,48.76,False,2023
bishop_sycamore,2024,1121613183959059968,78,78,Keenan Allen,1479,WR,12,Bishop_Cosey,Jcoz15,52,auction_sale,,,,295,7,145,0.041379310344827586,314,12,303,2158,139,139,2019,3,281.0,93.67,77,WR36,2024-09-06,1.0,40.24,54.81,-11.76,11.76,True,2023
bishop_sycamore,2024,1121613183959059968,79,79,Brandon Aiyuk,6803,WR,3,Bishop_Fritz,GuessWhosBackInBusiness,103,auction_sale,,,,296,8,145,0.04827586206896552,126,10,117,2106,138,138,1968,4,333.0,83.25,26,WR16,2024-09-06,1.0,40.24,73.82,-62.76,62.76,False,2023
bishop_sycamore,2024,1121613183959059968,80,80,DJ Moore,4983,WR,8,Bishop_Ryan,DTP,103,auction_sale,,,,297,9,145,0.05517241379310345,170,11,160,2003,137,137,1866,5,436.0,87.2,37,WR20,2024-09-06,1.0,52.3,74.35,-50.7,50.7,False,2023
bishop_sycamore,2024,1121613183959059968,81,81,Terry McLaurin,5927,WR,1,Bishop_Derek,Super Ja‚ÄôMARRio Bros,49,auction_sale,,,,298,10,145,0.06206896551724138,192,11,182,1900,136,136,1764,6,539.0,89.83,56,WR29,2024-09-06,1.0,52.3,63.91,3.3,3.3,True,2023
bishop_sycamore,2024,1121613183959059968,82,82,George Kittle,4217,TE,2,Bishop_Troy,Troy (redneck)(cop),40,auction_sale,,,,299,11,145,0.06896551724137931,71,12,60,1851,135,135,1716,1,47.0,47.0,78,TE7,2024-09-06,1.0,46.73,50.33,6.73,6.73,True,2023
bishop_sycamore,2024,1121613183959059968,83,83,Austin Ekeler,4663,RB,12,Bishop_Cosey,Jcoz15,47,auction_sale,,,,300,12,145,0.07586206896551724,262,11,252,1811,134,134,1677,1,96.0,96.0,112,RB36,2024-09-06,1.0,18.52,25.13,-28.48,28.48,False,2023
bishop_sycamore,2024,1121613183959059968,84,84,Joe Burrow,6770,QB,1,Bishop_Derek,Super Ja‚ÄôMARRio Bros,35,auction_sale,,,,301,13,145,0.08275862068965517,143,10,134,1764,133,133,1631,1,64.0,64.0,64,QB8,2024-09-06,1.0,52.38,66.59,17.38,17.38,True,2023
bishop_sycamore,2024,1121613183959059968,85,85,Javonte Williams,7588,RB,4,Bishop_Seth,Business Decisions,51,auction_sale,,,,302,14,145,0.0896551724137931,196,12,185,1729,132,132,1597,2,143.0,71.5,76,RB25,2024-09-06,1.0,52.38,63.79,1.38,1.38,True,2023
bishop_sycamore,2024,1121613183959059968,86,86,David Montgomery,5892,RB,10,Bishop_Brandon,"Sir, my teams updated,sir",102,auction_sale,,,,303,15,145,0.09655172413793103,112,11,102,1678,131,131,1547,3,194.0,64.67,61,RB19,2024-09-06,1.0,51.47,70.86,-50.53,50.53,False,2023
bishop_sycamore,2024,1121613183959059968,87,87,Xavier Worthy,11624,WR,3,Bishop_Fritz,GuessWhosBackInBusiness,1,auction_sale,,,,304,16,145,0.10344827586206896,23,9,15,1576,130,130,1446,7,588.0,84.0,93,WR41,2024-09-06,1.0,15.0,15.0,14.0,14.0,True,2023
bishop_sycamore,2024,1121613183959059968,88,88,Malik Nabers,11632,WR,7,Bishop_Ernest,King Henry‚Äôs Crusaders,2,auction_sale,,,,305,17,145,0.1103448275862069,230,12,219,1575,129,129,1446,8,589.0,73.62,40,WR22,2024-09-06,1.0,53.13,79.65,51.13,51.13,True,2023
bishop_sycamore,2024,1121613183959059968,89,89,Raheem Mostert,2749,RB,7,Bishop_Ernest,King Henry‚Äôs Crusaders,42,auction_sale,,,,306,18,145,0.11724137931034483,228,11,218,1573,128,128,1445,4,296.0,74.0,73,RB23,2024-09-06,1.0,53.13,63.91,11.13,11.13,True,2023
bishop_sycamore,2024,1121613183959059968,90,90,Jaylen Warren,8228,RB,12,Bishop_Cosey,Jcoz15,48,auction_sale,,,,307,19,145,0.12413793103448276,215,10,206,1531,127,127,1404,5,338.0,67.6,88,RB30,2024-09-06,1.0,39.47,48.48,-8.53,8.53,True,2023
bishop_sycamore,2024,1121613183959059968,91,91,DK Metcalf,5846,WR,6,Bishop_Jaylen,Bills in the 90‚Äôs,72,auction_sale,,,,308,20,145,0.1310344827586207,189,12,178,1483,126,126,1357,9,591.0,65.67,34,WR19,2024-09-06,1.0,53.13,83.56,-18.87,18.87,True,2023
bishop_sycamore,2024,1121613183959059968,92,92,Diontae Johnson,5937,WR,5,Bishop_Zach,Tally,33,auction_sale,,,,309,21,145,0.13793103448275862,236,12,225,1411,125,125,1286,10,663.0,66.3,71,WR35,2024-09-06,1.0,53.13,63.52,20.13,20.13,True,2023
bishop_sycamore,2024,1121613183959059968,93,93,Christian Watson,8167,WR,1,Bishop_Derek,Super Ja‚ÄôMARRio Bros,30,auction_sale,,,,310,22,145,0.14482758620689656,108,9,100,1378,124,124,1254,11,696.0,63.27,90,WR40,2024-09-06,1.0,39.47,45.3,9.47,9.47,True,2023
bishop_sycamore,2024,1121613183959059968,94,94,Evan Engram,4066,TE,7,Bishop_Ernest,King Henry‚Äôs Crusaders,30,auction_sale,,,,311,23,145,0.15172413793103448,186,10,177,1348,123,123,1225,2,87.0,43.5,83,TE8,2024-09-06,1.0,39.47,45.95,9.47,9.47,True,2023
bishop_sycamore,2024,1121613183959059968,95,95,Christian Kirk,4950,WR,4,Bishop_Seth,Business Decisions,34,auction_sale,,,,312,24,145,0.15862068965517243,145,11,135,1318,122,122,1196,12,726.0,60.5,63,WR32,2024-09-06,1.0,53.13,74.13,19.13,19.13,True,2023
bishop_sycamore,2024,1121613183959059968,96,96,Brian Robinson,8154,RB,5,Bishop_Zach,Tally,56,auction_sale,,,,313,25,145,0.16551724137931034,203,11,193,1284,121,121,1163,6,386.0,64.33,84,RB28,2024-09-06,1.0,39.47,48.33,-16.53,16.53,False,2023
bishop_sycamore,2024,1121613183959059968,98,98,Michael Pittman,6819,WR,5,Bishop_Zach,Tally,74,auction_sale,,,,315,27,145,0.1793103448275862,147,10,138,1210,119,119,1091,14,778.0,55.57,41,WR23,2024-09-06,1.0,53.13,84.9,-20.87,20.87,True,2023
bishop_sycamore,2024,1121613183959059968,99,99,Keon Coleman,11637,WR,3,Bishop_Fritz,GuessWhosBackInBusiness,1,auction_sale,,,,316,28,145,0.18620689655172415,22,8,15,1136,118,118,1018,15,852.0,56.8,114,WR49,2024-09-06,1.0,9.84,15.0,8.84,8.84,True,2023
bishop_sycamore,2024,1121613183959059968,100,100,Rome Odunze,11620,WR,9,Bishop_Pete,LIGMA,1,auction_sale,,,,317,29,145,0.19310344827586207,113,12,102,1135,117,117,1018,16,853.0,53.31,94,WR42,2024-09-06,1.0,30.28,36.8,29.28,29.28,True,2023
bishop_sycamore,2024,1121613183959059968,101,101,Tony Pollard,5967,RB,6,Bishop_Jaylen,Bills in the 90‚Äôs,56,auction_sale,,,,318,30,145,0.2,117,11,107,1134,116,116,1018,7,442.0,63.14,79,RB26,2024-09-06,1.0,52.22,67.98,-3.78,3.78,True,2023
bishop_sycamore,2024,1121613183959059968,102,102,Jerry Jeudy,6783,WR,12,Bishop_Cosey,Jcoz15,10,auction_sale,,,,319,31,145,0.20689655172413793,167,9,159,1078,115,115,963,17,854.0,50.24,138,WR59,2024-09-06,1.0,16.57,20.28,6.57,6.57,True,2023
bishop_sycamore,2024,1121613183959059968,103,103,DeAndre Hopkins,1426,WR,8,Bishop_Ryan,DTP,16,auction_sale,,,,320,32,145,0.21379310344827587,67,10,58,1068,114,114,954,18,864.0,48.0,89,WR39,2024-09-06,1.0,38.56,45.33,22.56,22.56,True,2023
bishop_sycamore,2024,1121613183959059968,104,104,Dak Prescott,3294,QB,6,Bishop_Jaylen,Bills in the 90‚Äôs,20,auction_sale,,,,321,33,145,0.2206896551724138,61,10,52,1052,113,113,939,2,99.0,49.5,68,QB9,2024-09-06,1.0,52.0,52.0,32.0,32.0,True,2023
bishop_sycamore,2024,1121613183959059968,105,105,Jahan Dotson,8119,WR,6,Bishop_Jaylen,Bills in the 90‚Äôs,8,auction_sale,,,,322,34,145,0.22758620689655173,41,9,33,1032,112,112,920,19,880.0,46.32,184,WR74,2024-09-06,1.0,12.39,13.09,4.39,4.39,True,2023
bishop_sycamore,2024,1121613183959059968,106,106,Brock Purdy,8183,QB,12,Bishop_Cosey,Jcoz15,13,auction_sale,,,,323,35,145,0.23448275862068965,157,8,150,1024,111,111,913,3,119.0,39.67,85,QB12,2024-09-06,1.0,39.47,45.13,26.47,26.47,True,2023
bishop_sycamore,2024,1121613183959059968,107,107,David Njoku,4033,TE,5,Bishop_Zach,Tally,21,auction_sale,,,,324,36,145,0.2413793103448276,73,9,65,1011,110,110,901,3,117.0,39.0,95,TE10,2024-09-06,1.0,30.28,36.65,9.28,9.28,True,2023
bishop_sycamore,2024,1121613183959059968,108,108,Tyjae Spears,9508,RB,11,Bishop_Nobs,Saquon deez nutz,69,auction_sale,,,,325,37,145,0.2482758620689655,191,11,181,990,109,109,881,8,498.0,62.25,97,RB31,2024-09-06,1.0,31.19,36.12,-37.81,37.81,False,2023
bishop_sycamore,2024,1121613183959059968,109,109,Tua Tagovailoa,6768,QB,7,Bishop_Ernest,King Henry‚Äôs Crusaders,7,auction_sale,,,,326,38,145,0.25517241379310346,156,9,148,921,108,108,813,4,132.0,33.0,103,QB16,2024-09-06,1.0,21.86,34.81,14.86,14.86,True,2023
bishop_sycamore,2024,1121613183959059968,110,110,Jameson Williams,8148,WR,5,Bishop_Zach,Tally,28,auction_sale,,,,327,39,145,0.2620689655172414,52,8,45,914,107,107,807,20,888.0,44.4,111,WR48,2024-09-06,1.0,18.52,29.67,-9.48,9.48,True,2023
bishop_sycamore,2024,1121613183959059968,111,111,Jerome Ford,8143,RB,7,Bishop_Ernest,King Henry‚Äôs Crusaders,50,auction_sale,,,,328,40,145,0.2689655172413793,149,8,142,886,106,106,780,9,567.0,63.0,104,RB34,2024-09-06,1.0,21.86,36.77,-28.14,28.14,False,2023
bishop_sycamore,2024,1121613183959059968,112,112,Ladd McConkey,11635,WR,9,Bishop_Pete,LIGMA,25,auction_sale,,,,329,41,145,0.27586206896551724,112,11,102,836,105,105,731,21,916.0,43.62,106,WR45,2024-09-06,1.0,21.86,34.71,-3.14,3.14,True,2023
bishop_sycamore,2024,1121613183959059968,113,113,Devin Singletary,6130,RB,7,Bishop_Ernest,King Henry‚Äôs Crusaders,60,auction_sale,,,,330,42,145,0.2827586206896552,99,7,93,811,104,104,707,10,617.0,61.7,87,RB29,2024-09-06,1.0,39.47,48.35,-20.53,20.53,False,2023
bishop_sycamore,2024,1121613183959059968,114,114,Dalton Schultz,5001,TE,9,Bishop_Pete,LIGMA,4,auction_sale,,,,331,43,145,0.2896551724137931,87,10,78,751,103,103,648,4,138.0,34.5,121,TE14,2024-09-06,1.0,17.67,24.58,13.67,13.67,True,2023
bishop_sycamore,2024,1121613183959059968,115,115,Tyler Lockett,2374,WR,8,Bishop_Ryan,DTP,8,auction_sale,,,,332,44,145,0.296551724137931,51,9,43,747,102,102,645,22,941.0,42.77,118,WR51,2024-09-06,1.0,15.26,28.94,7.26,7.26,True,2023
bishop_sycamore,2024,1121613183959059968,116,116,Gus Edwards,5248,RB,12,Bishop_Cosey,Jcoz15,49,auction_sale,,,,333,45,145,0.30344827586206896,144,7,138,739,101,101,638,11,677.0,61.55,110,RB35,2024-09-06,1.0,21.86,34.94,-27.14,27.14,False,2023
bishop_sycamore,2024,1121613183959059968,117,117,Jayden Daniels,11566,QB,1,Bishop_Derek,Super Ja‚ÄôMARRio Bros,16,auction_sale,,,,334,46,145,0.3103448275862069,78,8,71,690,100,100,590,5,139.0,27.8,82,QB11,2024-09-06,1.0,38.45,45.0,22.45,22.45,True,2023
bishop_sycamore,2024,1121613183959059968,118,118,Tyler Allgeier,8132,RB,6,Bishop_Jaylen,Bills in the 90‚Äôs,16,auction_sale,,,,335,47,145,0.31724137931034485,33,8,26,674,99,99,575,12,726.0,60.5,142,RB47,2024-09-06,1.0,11.31,15.98,-4.69,4.69,False,2023
bishop_sycamore,2024,1121613183959059968,119,119,Rashid Shaheed,8676,WR,12,Bishop_Cosey,Jcoz15,10,auction_sale,,,,336,48,145,0.32413793103448274,95,6,90,658,98,98,560,23,949.0,41.26,128,WR55,2024-09-06,1.0,17.23,24.55,7.23,7.23,True,2023
bishop_sycamore,2024,1121613183959059968,120,120,Ezekiel Elliott,3164,RB,4,Bishop_Seth,Business Decisions,26,auction_sale,,,,337,49,145,0.3310344827586207,111,10,102,648,97,97,551,13,742.0,57.08,124,RB39,2024-09-06,1.0,17.23,25.38,-8.77,8.77,False,2023
bishop_sycamore,2024,1121613183959059968,121,121,T.J. Hockenson,5844,TE,3,Bishop_Fritz,GuessWhosBackInBusiness,9,auction_sale,,,,338,50,145,0.33793103448275863,21,7,15,622,96,96,526,5,142.0,28.4,141,TE15,2024-09-06,1.0,7.26,7.9,-1.74,1.74,False,2023
bishop_sycamore,2024,1121613183959059968,122,122,Taysom Hill,4381,TE,9,Bishop_Pete,LIGMA,3,auction_sale,,,,339,51,145,0.3448275862068966,83,9,75,613,95,95,518,6,151.0,25.17,151,TE17,2024-09-06,1.0,15.84,18.46,12.84,12.84,True,2023
bishop_sycamore,2024,1121613183959059968,123,123,Dallas Goedert,5022,TE,11,Bishop_Nobs,Saquon deez nutz,13,auction_sale,,,,340,52,145,0.35172413793103446,122,10,113,610,94,94,516,7,154.0,22.0,109,TE12,2024-09-06,1.0,19.93,33.38,6.93,6.93,True,2023
bishop_sycamore,2024,1121613183959059968,124,124,Cole Kmet,6826,TE,12,Bishop_Cosey,Jcoz15,3,auction_sale,,,,341,53,145,0.3586206896551724,85,5,81,597,93,93,504,8,167.0,20.88,157,TE19,2024-09-06,1.0,15.8,19.91,12.8,12.8,True,2023
bishop_sycamore,2024,1121613183959059968,125,125,Brock Bowers,11604,TE,8,Bishop_Ryan,DTP,1,auction_sale,,,,342,54,145,0.36551724137931035,43,8,36,594,92,92,502,9,170.0,18.89,105,TE11,2024-09-06,1.0,15.88,31.66,14.88,14.88,True,2023
bishop_sycamore,2024,1121613183959059968,126,126,J.K. Dobbins,6806,RB,8,Bishop_Ryan,DTP,34,auction_sale,,,,343,55,145,0.3724137931034483,42,7,36,593,91,91,502,14,768.0,54.86,140,RB46,2024-09-06,1.0,11.43,16.24,-22.57,22.57,False,2023
bishop_sycamore,2024,1121613183959059968,127,127,Romeo Doubs,8121,WR,1,Bishop_Derek,Super Ja‚ÄôMARRio Bros,21,auction_sale,,,,344,56,145,0.3793103448275862,62,7,56,559,90,90,469,24,959.0,39.96,123,WR53,2024-09-06,1.0,16.58,24.01,-4.42,4.42,True,2023
bishop_sycamore,2024,1121613183959059968,128,128,New York Jets,NYJ,DEF,1,Bishop_Derek,Super Ja‚ÄôMARRio Bros,11,auction_sale,,,,345,57,145,0.38620689655172413,41,6,36,538,89,89,449,0,0.0,0.0,185,DST2,2024-09-06,1.0,8.43,12.26,-2.57,2.57,True,2023
bishop_sycamore,2024,1121613183959059968,129,129,Pat Freiermuth,7600,TE,4,Bishop_Seth,Business Decisions,2,auction_sale,,,,346,58,145,0.3931034482758621,85,9,77,527,88,88,439,10,171.0,17.1,117,TE13,2024-09-06,1.0,15.1,29.17,13.1,13.1,True,2023
bishop_sycamore,2024,1121613183959059968,130,130,Jared Goff,3163,QB,4,Bishop_Seth,Business Decisions,13,auction_sale,,,,347,59,145,0.4,83,8,76,525,87,87,438,6,155.0,25.83,98,QB14,2024-09-06,1.0,29.48,35.7,16.48,16.48,True,2023
bishop_sycamore,2024,1121613183959059968,131,131,Ty Chandler,8230,RB,4,Bishop_Seth,Business Decisions,27,auction_sale,,,,348,60,145,0.4068965517241379,70,7,64,512,86,86,426,15,802.0,53.47,143,RB48,2024-09-06,1.0,15.49,19.74,-11.51,11.51,False,2023
bishop_sycamore,2024,1121613183959059968,132,132,Justin Herbert,6797,QB,9,Bishop_Pete,LIGMA,11,auction_sale,,,,349,61,145,0.41379310344827586,80,8,73,485,85,85,400,7,168.0,24.0,119,QB18,2024-09-06,1.0,16.3,23.46,5.3,5.3,True,2023
bishop_sycamore,2024,1121613183959059968,133,133,Tyrone Tracy,11655,RB,1,Bishop_Derek,Super Ja‚ÄôMARRio Bros,8,auction_sale,,,,350,62,145,0.4206896551724138,30,5,26,474,84,84,390,16,829.0,51.81,207,RB64,2024-09-06,1.0,10.15,14.12,2.15,2.15,True,2023
bishop_sycamore,2024,1121613183959059968,134,134,Justin Tucker,1264,K,12,Bishop_Cosey,Jcoz15,10,auction_sale,,,,351,63,145,0.42758620689655175,82,4,79,466,83,83,383,0,0.0,0.0,196,K1,2024-09-06,1.0,12.1,18.55,2.1,2.1,True,2023
bishop_sycamore,2024,1121613183959059968,135,135,Isaiah Likely,8131,TE,11,Bishop_Nobs,Saquon deez nutz,13,auction_sale,,,,352,64,145,0.43448275862068964,109,9,101,456,82,82,374,11,173.0,15.73,176,TE23,2024-09-06,1.0,15.16,18.29,2.16,2.16,True,2023
bishop_sycamore,2024,1121613183959059968,136,136,San Francisco 49ers,SF,DEF,12,Bishop_Cosey,Jcoz15,14,auction_sale,,,,353,65,145,0.4413793103448276,72,3,70,443,81,81,362,1,11.0,11.0,186,DST3,2024-09-06,1.0,14.64,17.24,0.64,0.64,True,2023
bishop_sycamore,2024,1121613183959059968,137,137,Brandin Cooks,2197,WR,11,Bishop_Nobs,Saquon deez nutz,4,auction_sale,,,,354,66,145,0.4482758620689655,96,8,89,429,80,80,349,25,980.0,39.2,132,WR57,2024-09-06,1.0,15.53,19.96,11.53,11.53,True,2023
bishop_sycamore,2024,1121613183959059968,138,138,Chuba Hubbard,7594,RB,4,Bishop_Seth,Business Decisions,21,auction_sale,,,,355,67,145,0.45517241379310347,43,6,38,425,79,79,346,17,837.0,49.24,122,RB38,2024-09-06,1.0,14.17,25.57,-6.83,6.83,True,2023
bishop_sycamore,2024,1121613183959059968,139,139,Josh Downs,9500,WR,7,Bishop_Ernest,King Henry‚Äôs Crusaders,9,auction_sale,,,,356,68,145,0.46206896551724136,39,6,34,404,78,78,326,26,984.0,37.85,149,WR62,2024-09-06,1.0,11.43,13.99,2.43,2.43,True,2023
bishop_sycamore,2024,1121613183959059968,140,140,Baltimore Ravens,BAL,DEF,2,Bishop_Troy,Troy (redneck)(cop),8,auction_sale,,,,357,69,145,0.4689655172413793,31,11,21,395,77,77,318,2,25.0,12.5,183,DST1,2024-09-06,1.0,5.98,7.75,-2.02,2.02,False,2023
bishop_sycamore,2024,1121613183959059968,141,141,Harrison Butker,4227,K,11,Bishop_Nobs,Saquon deez nutz,7,auction_sale,,,,358,70,145,0.47586206896551725,92,7,86,387,76,76,311,1,10.0,10.0,203,K3,2024-09-06,1.0,14.64,16.74,7.64,7.64,True,2023
bishop_sycamore,2024,1121613183959059968,142,142,Jaleel McLaughlin,11439,RB,1,Bishop_Derek,Super Ja‚ÄôMARRio Bros,13,auction_sale,,,,359,71,145,0.4827586206896552,22,4,19,380,75,75,305,18,858.0,47.67,137,RB45,2024-09-06,1.0,6.98,7.23,-6.02,6.02,False,2023
bishop_sycamore,2024,1121613183959059968,143,143,Darnell Mooney,7090,WR,4,Bishop_Seth,Business Decisions,5,auction_sale,,,,360,72,145,0.4896551724137931,22,5,18,367,74,74,293,27,993.0,36.78,156,WR65,2024-09-06,1.0,5.89,6.98,0.89,0.89,True,2023
bishop_sycamore,2024,1121613183959059968,144,144,Brandon Aubrey,11533,K,1,Bishop_Derek,Super Ja‚ÄôMARRio Bros,7,auction_sale,,,,361,73,145,0.496551724137931,9,3,7,362,73,73,289,2,17.0,8.5,198,K2,2024-09-06,1.0,5.66,6.17,-1.34,1.34,False,2023
bishop_sycamore,2024,1121613183959059968,145,145,Luke McCaffrey,11650,WR,9,Bishop_Pete,LIGMA,7,auction_sale,,,,362,74,145,0.503448275862069,69,7,63,355,72,72,283,28,998.0,35.64,256,WR91,2024-09-06,1.0,13.45,16.05,6.45,6.45,True,2023
bishop_sycamore,2024,1121613183959059968,146,146,Evan McPherson,7839,K,3,Bishop_Fritz,GuessWhosBackInBusiness,4,auction_sale,,,,363,75,145,0.5103448275862069,12,6,7,348,71,71,277,3,24.0,8.0,227,K10,2024-09-06,1.0,4.37,5.66,0.37,0.37,True,2023
bishop_sycamore,2024,1121613183959059968,147,147,Baker Mayfield,4892,QB,11,Bishop_Nobs,Saquon deez nutz,1,auction_sale,,,,364,76,145,0.5172413793103449,85,6,80,344,70,70,274,8,179.0,22.38,144,QB22,2024-09-06,1.0,13.65,18.16,12.65,12.65,True,2023
bishop_sycamore,2024,1121613183959059968,148,148,Caleb Williams,11560,QB,12,Bishop_Cosey,Jcoz15,1,auction_sale,,,,365,77,145,0.5241379310344828,58,2,57,343,69,69,274,9,180.0,20.0,92,QB13,2024-09-06,1.0,27.72,35.39,26.72,26.72,True,2023
bishop_sycamore,2024,1121613183959059968,149,149,Trevor Lawrence,7523,QB,9,Bishop_Pete,LIGMA,9,auction_sale,,,,366,78,145,0.5310344827586206,62,6,57,342,68,68,274,10,181.0,18.1,100,QB15,2024-09-06,1.0,26.81,33.32,17.81,17.81,True,2023
bishop_sycamore,2024,1121613183959059968,150,150,Aaron Rodgers,96,QB,2,Bishop_Troy,Troy (redneck)(cop),8,auction_sale,,,,367,79,145,0.5379310344827586,23,10,14,333,67,67,266,11,190.0,17.27,135,QB20,2024-09-06,1.0,4.6,4.91,-3.4,3.4,False,2023
bishop_sycamore,2024,1121613183959059968,151,151,Younghoe Koo,4666,K,4,Bishop_Seth,Business Decisions,2,auction_sale,,,,368,80,145,0.5448275862068965,17,4,14,325,66,66,259,4,28.0,7.0,216,K6,2024-09-06,1.0,4.07,4.23,2.07,2.07,True,2023
bishop_sycamore,2024,1121613183959059968,152,152,Tucker Kraft,9484,TE,3,Bishop_Fritz,GuessWhosBackInBusiness,2,auction_sale,,,,369,81,145,0.5517241379310345,8,5,4,323,65,65,258,12,186.0,15.5,226,TE28,2024-09-06,1.0,2.42,3.93,0.42,0.42,True,2023
bishop_sycamore,2024,1121613183959059968,153,153,Adam Thielen,1689,WR,2,Bishop_Troy,Troy (redneck)(cop),2,auction_sale,,,,370,82,145,0.5586206896551724,15,9,7,321,64,64,257,29,1005.0,34.66,153,WR63,2024-09-06,1.0,2.74,3.97,0.74,0.74,True,2023
bishop_sycamore,2024,1121613183959059968,154,154,Buffalo Bills,BUF,DEF,3,Bishop_Fritz,GuessWhosBackInBusiness,2,auction_sale,,,,371,83,145,0.5655172413793104,6,4,3,319,63,63,256,3,33.0,11.0,201,DST8,2024-09-06,1.0,2.42,3.0,0.42,0.42,True,2023
bishop_sycamore,2024,1121613183959059968,155,155,Ricky Pearsall,11638,WR,4,Bishop_Seth,Business Decisions,12,auction_sale,,,,372,84,145,0.5724137931034483,15,3,13,317,62,62,255,30,1007.0,33.57,238,WR85,2024-09-06,1.0,3.75,4.12,-8.25,8.25,False,2023
bishop_sycamore,2024,1121613183959059968,156,156,Jakobi Meyers,5947,WR,11,Bishop_Nobs,Saquon deez nutz,27,auction_sale,,,,373,85,145,0.5793103448275863,84,5,80,305,61,61,244,31,1019.0,32.87,120,WR52,2024-09-06,1.0,13.48,21.4,-13.52,13.52,False,2023
bishop_sycamore,2024,1121613183959059968,157,157,Jaylen Wright,11643,RB,7,Bishop_Ernest,King Henry‚Äôs Crusaders,13,auction_sale,,,,374,86,145,0.5862068965517241,30,5,26,278,60,60,218,19,871.0,45.84,165,RB53,2024-09-06,1.0,7.56,10.73,-5.44,5.44,False,2023
bishop_sycamore,2024,1121613183959059968,158,158,Ka'imi Fairbairn,3451,K,5,Bishop_Zach,Tally,7,auction_sale,,,,375,87,145,0.593103448275862,24,7,18,265,59,59,206,5,30.0,6.0,219,K7,2024-09-06,1.0,3.42,4.07,-3.58,3.58,False,2023
bishop_sycamore,2024,1121613183959059968,159,159,Antonio Gibson,6945,RB,11,Bishop_Nobs,Saquon deez nutz,5,auction_sale,,,,376,88,145,0.6,57,4,54,258,58,58,200,20,884.0,44.2,150,RB49,2024-09-06,1.0,12.38,20.15,7.38,7.38,True,2023
bishop_sycamore,2024,1121613183959059968,160,160,Blake Corum,11586,RB,12,Bishop_Cosey,Jcoz15,1,auction_sale,,,,377,89,145,0.6068965517241379,57,1,57,253,57,57,196,21,889.0,42.33,126,RB40,2024-09-06,1.0,13.48,23.31,12.48,12.48,True,2023
bishop_sycamore,2024,1121613183959059968,161,161,Dontayvion Wicks,9486,WR,5,Bishop_Zach,Tally,5,auction_sale,,,,378,90,145,0.6137931034482759,17,6,12,252,56,56,196,32,1046.0,32.69,148,WR61,2024-09-06,1.0,3.7,3.97,-1.3,1.3,False,2023
bishop_sycamore,2024,1121613183959059968,162,162,Khalil Shakir,8134,WR,11,Bishop_Nobs,Saquon deez nutz,14,auction_sale,,,,379,91,145,0.6206896551724138,52,3,50,247,55,55,192,33,1051.0,31.85,125,WR54,2024-09-06,1.0,13.48,21.4,-0.52,0.52,True,2023
bishop_sycamore,2024,1121613183959059968,163,163,Luke Musgrave,9481,TE,6,Bishop_Jaylen,Bills in the 90‚Äôs,1,auction_sale,,,,380,92,145,0.6275862068965518,17,7,11,233,54,54,179,13,188.0,14.46,147,TE16,2024-09-06,1.0,3.37,3.87,2.37,2.37,True,2023
bishop_sycamore,2024,1121613183959059968,164,164,Greg Dulcich,8172,TE,1,Bishop_Derek,Super Ja‚ÄôMARRio Bros,1,auction_sale,,,,381,93,145,0.6344827586206897,2,2,1,232,53,53,179,14,189.0,13.5,271,TE35,2024-09-06,1.0,1.0,1.0,0.0,0.0,True,2023
bishop_sycamore,2024,1121613183959059968,165,165,Kirk Cousins,1166,QB,8,Bishop_Ryan,DTP,3,auction_sale,,,,382,94,145,0.6413793103448275,8,6,3,231,52,52,179,12,198.0,16.5,116,QB17,2024-09-06,1.0,3.0,3.0,0.0,0.0,True,2023
bishop_sycamore,2024,1121613183959059968,166,166,Matthew Stafford,421,QB,5,Bishop_Zach,Tally,2,auction_sale,,,,383,95,145,0.6482758620689655,12,5,8,228,51,51,177,13,201.0,15.46,127,QB19,2024-09-06,1.0,2.8,8.0,0.8,0.8,True,2023
bishop_sycamore,2024,1121613183959059968,167,167,Kimani Vidal,11647,RB,2,Bishop_Troy,Troy (redneck)(cop),6,auction_sale,,,,384,96,145,0.6551724137931034,13,8,6,226,50,50,176,22,890.0,40.45,200,RB60,2024-09-06,1.0,2.74,5.08,-3.26,3.26,False,2023
bishop_sycamore,2024,1121613183959059968,169,169,Jake Bates,11539,K,3,Bishop_Fritz,GuessWhosBackInBusiness,1,auction_sale,,,,386,98,145,0.6689655172413793,4,3,2,219,48,48,171,6,37.0,6.17,336,K19,2024-09-06,1.0,2.0,2.0,1.0,1.0,True,2023
bishop_sycamore,2024,1121613183959059968,170,170,Jake Moody,10937,K,10,Bishop_Brandon,"Sir, my teams updated,sir",1,auction_sale,,,,387,99,145,0.6758620689655173,10,10,1,218,47,47,171,7,38.0,5.43,222,K9,2024-09-06,1.0,1.0,1.0,0.0,0.0,True,2023
bishop_sycamore,2024,1121613183959059968,171,171,Keaton Mitchell,9511,RB,11,Bishop_Nobs,Saquon deez nutz,2,auction_sale,,,,388,100,145,0.6827586206896552,38,2,37,217,46,46,171,24,897.0,37.38,255,RB73,2024-09-06,1.0,7.81,15.96,5.81,5.81,True,2023
bishop_sycamore,2024,1121613183959059968,172,172,Cameron Dicker,8259,K,8,Bishop_Ryan,DTP,1,auction_sale,,,,389,101,145,0.6896551724137931,5,5,1,215,45,45,170,8,39.0,4.88,236,K11,2024-09-06,1.0,1.0,1.0,0.0,0.0,True,2023
bishop_sycamore,2024,1121613183959059968,173,173,Mike Williams,4068,WR,9,Bishop_Pete,LIGMA,3,auction_sale,,,,390,102,145,0.696551724137931,53,5,49,214,44,44,170,34,1065.0,31.32,134,WR58,2024-09-06,1.0,12.43,16.45,9.43,9.43,True,2023
bishop_sycamore,2024,1121613183959059968,174,174,Kendre Miller,9757,RB,9,Bishop_Pete,LIGMA,5,auction_sale,,,,391,103,145,0.7034482758620689,50,4,47,211,43,43,168,25,899.0,35.96,233,RB67,2024-09-06,1.0,11.86,18.16,6.86,6.86,True,2023
bishop_sycamore,2024,1121613183959059968,175,175,Deshaun Watson,4017,QB,1,Bishop_Derek,Super Ja‚ÄôMARRio Bros,1,auction_sale,,,,392,104,145,0.7103448275862069,1,1,1,206,42,42,164,14,203.0,14.5,145,QB23,2024-09-06,1.0,1.0,1.0,0.0,0.0,True,2023
bishop_sycamore,2024,1121613183959059968,176,176,Pittsburgh Steelers,PIT,DEF,9,Bishop_Pete,LIGMA,3,auction_sale,,,,393,105,145,0.7172413793103448,45,3,43,205,41,41,164,4,35.0,8.75,191,DST6,2024-09-06,1.0,9.12,16.76,6.12,6.12,True,2023
bishop_sycamore,2024,1121613183959059968,177,177,Khalil Herbert,7608,RB,7,Bishop_Ernest,King Henry‚Äôs Crusaders,3,auction_sale,,,,394,106,145,0.7241379310344828,17,4,14,202,40,40,162,26,904.0,34.77,164,RB52,2024-09-06,1.0,3.57,3.62,0.57,0.57,True,2023
bishop_sycamore,2024,1121613183959059968,178,178,Ray Davis,11575,RB,5,Bishop_Zach,Tally,5,auction_sale,,,,395,107,145,0.7310344827586207,10,4,7,199,39,39,160,27,907.0,33.59,158,RB50,2024-09-06,1.0,2.82,3.57,-2.18,2.18,False,2023
bishop_sycamore,2024,1121613183959059968,179,179,Dameon Pierce,8129,RB,9,Bishop_Pete,LIGMA,2,auction_sale,,,,396,108,145,0.7379310344827587,42,2,41,194,38,38,156,28,912.0,32.57,223,RB65,2024-09-06,1.0,9.4,17.19,7.4,7.4,True,2023
bishop_sycamore,2024,1121613183959059968,180,180,Quentin Johnston,9754,WR,5,Bishop_Zach,Tally,3,auction_sale,,,,397,109,145,0.7448275862068966,5,3,3,192,37,37,155,35,1068.0,30.51,197,WR77,2024-09-06,1.0,2.49,2.69,-0.51,0.51,False,2023
bishop_sycamore,2024,1121613183959059968,181,181,Jordan Mason,8408,RB,6,Bishop_Jaylen,Bills in the 90‚Äôs,3,auction_sale,,,,398,110,145,0.7517241379310344,16,6,11,189,36,36,153,29,914.0,31.52,174,RB56,2024-09-06,1.0,3.44,3.57,0.44,0.44,True,2023
bishop_sycamore,2024,1121613183959059968,182,182,Justice Hill,5995,RB,3,Bishop_Fritz,GuessWhosBackInBusiness,2,auction_sale,,,,399,111,145,0.7586206896551724,3,2,2,186,35,35,151,30,917.0,30.57,204,RB61,2024-09-06,1.0,2.0,2.0,0.0,0.0,True,2023
bishop_sycamore,2024,1121613183959059968,183,183,Trey Sermon,7593,RB,3,Bishop_Fritz,GuessWhosBackInBusiness,1,auction_sale,,,,400,112,145,0.7655172413793103,1,1,1,184,34,34,150,31,919.0,29.65,245,RB71,2024-09-06,1.0,1.0,1.0,0.0,0.0,True,2023
bishop_sycamore,2024,1121613183959059968,184,184,Kansas City Chiefs,KC,DEF,4,Bishop_Seth,Business Decisions,2,auction_sale,,,,401,113,145,0.7724137931034483,3,2,2,183,33,33,150,5,38.0,7.6,193,DST7,2024-09-06,1.0,1.79,2.0,-0.21,0.21,True,2023
bishop_sycamore,2024,1121613183959059968,185,185,Dallas Cowboys,DAL,DEF,11,Bishop_Nobs,Saquon deez nutz,13,auction_sale,,,,402,114,145,0.7793103448275862,36,1,36,181,32,32,149,6,40.0,6.67,188,DST4,2024-09-06,1.0,4.84,12.82,-8.16,8.16,False,2023
bishop_sycamore,2024,1121613183959059968,186,186,Cleveland Browns,CLE,DEF,6,Bishop_Jaylen,Bills in the 90‚Äôs,2,auction_sale,,,,403,115,145,0.7862068965517242,13,5,9,168,31,31,137,7,53.0,7.57,189,DST5,2024-09-06,1.0,2.79,2.81,0.79,0.79,True,2023
bishop_sycamore,2024,1121613183959059968,187,187,Jake Elliott,4195,K,7,Bishop_Ernest,King Henry‚Äôs Crusaders,2,auction_sale,,,,404,116,145,0.7931034482758621,14,3,12,166,30,30,136,9,40.0,4.44,214,K5,2024-09-06,1.0,2.79,3.17,0.79,0.79,True,2023
bishop_sycamore,2024,1121613183959059968,188,188,Javon Baker,11645,WR,6,Bishop_Jaylen,Bills in the 90‚Äôs,1,auction_sale,,,,405,117,145,0.8,11,4,8,164,29,29,135,36,1071.0,29.75,261,WR93,2024-09-06,1.0,2.53,4.54,1.53,1.53,True,2023
bishop_sycamore,2024,1121613183959059968,189,189,Philadelphia Eagles,PHI,DEF,8,Bishop_Ryan,DTP,1,auction_sale,,,,406,118,145,0.8068965517241379,4,4,1,163,28,28,135,8,55.0,6.88,211,DST10,2024-09-06,1.0,1.0,1.0,0.0,0.0,True,2023
bishop_sycamore,2024,1121613183959059968,190,190,Houston Texans,HOU,DEF,7,Bishop_Ernest,King Henry‚Äôs Crusaders,1,auction_sale,,,,407,119,145,0.8137931034482758,12,2,11,162,27,27,135,9,56.0,6.22,210,DST9,2024-09-06,1.0,2.79,3.17,1.79,1.79,True,2023
bishop_sycamore,2024,1121613183959059968,191,191,Michael Wilson,10232,WR,7,Bishop_Ernest,King Henry‚Äôs Crusaders,2,auction_sale,,,,408,120,145,0.8206896551724138,11,1,11,161,26,26,135,37,1072.0,28.97,162,WR68,2024-09-06,1.0,3.33,4.76,1.33,1.33,True,2023
bishop_sycamore,2024,1121613183959059968,193,193,Miami Dolphins,MIA,DEF,10,Bishop_Brandon,"Sir, my teams updated,sir",1,auction_sale,,,,410,122,145,0.8344827586206897,9,9,1,158,24,24,134,10,57.0,5.7,224,DST13,2024-09-06,1.0,1.0,1.0,0.0,0.0,True,2023
bishop_sycamore,2024,1121613183959059968,194,194,Tyler Bass,7042,K,9,Bishop_Pete,LIGMA,1,auction_sale,,,,411,123,145,0.8413793103448276,40,1,40,157,23,23,134,10,42.0,4.2,220,K8,2024-09-06,1.0,6.53,16.33,5.53,5.53,True,2023
bishop_sycamore,2024,1121613183959059968,195,195,Drake Maye,11564,QB,6,Bishop_Jaylen,Bills in the 90‚Äôs,1,auction_sale,,,,412,124,145,0.8482758620689655,10,3,8,156,22,22,134,15,204.0,13.6,232,QB31,2024-09-06,1.0,2.6,2.66,1.6,1.6,True,2023
bishop_sycamore,2024,1121613183959059968,196,196,Chris Rodriguez,10219,RB,5,Bishop_Zach,Tally,1,auction_sale,,,,413,125,145,0.8551724137931035,2,2,1,155,21,21,134,33,921.0,27.91,307,RB89,2024-09-06,1.0,1.0,1.0,0.0,0.0,True,2023
bishop_sycamore,2024,1121613183959059968,197,197,Ben Sinnott,11596,TE,4,Bishop_Seth,Business Decisions,1,auction_sale,,,,414,126,145,0.8620689655172413,1,1,1,154,20,20,134,15,190.0,12.67,218,TE26,2024-09-06,1.0,1.0,1.0,0.0,0.0,True,2023
bishop_sycamore,2024,1121613183959059968,198,198,DJ Chark,4951,WR,2,Bishop_Troy,Troy (redneck)(cop),1,auction_sale,,,,415,127,145,0.8689655172413793,5,5,1,153,19,19,134,38,1074.0,28.26,231,WR84,2024-09-06,1.0,1.0,1.0,0.0,0.0,True,2023
bishop_sycamore,2024,1121613183959059968,199,199,Roman Wilson,11630,WR,10,Bishop_Brandon,"Sir, my teams updated,sir",1,auction_sale,,,,416,128,145,0.8758620689655172,8,8,1,152,18,18,134,39,1075.0,27.56,229,WR83,2024-09-06,1.0,1.0,1.0,0.0,0.0,True,2023
bishop_sycamore,2024,1121613183959059968,200,200,Miles Sanders,6151,RB,8,Bishop_Ryan,DTP,1,auction_sale,,,,417,129,145,0.8827586206896552,3,3,1,151,17,17,134,34,922.0,27.12,242,RB70,2024-09-06,1.0,1.0,1.0,0.0,0.0,True,2023
bishop_sycamore,2024,1121613183959059968,201,201,Jalen Tolbert,8117,WR,6,Bishop_Jaylen,Bills in the 90‚Äôs,1,auction_sale,,,,418,130,145,0.8896551724137931,9,2,8,150,16,16,134,40,1076.0,26.9,259,WR92,2024-09-06,1.0,3.03,4.53,2.03,2.03,True,2023
bishop_sycamore,2024,1121613183959059968,202,202,New Orleans Saints,NO,DEF,5,Bishop_Zach,Tally,1,auction_sale,,,,419,131,145,0.896551724137931,1,1,1,149,15,15,134,11,58.0,5.27,212,DST11,2024-09-06,1.0,1.0,1.0,0.0,0.0,True,2023
bishop_sycamore,2024,1121613183959059968,203,203,Matt Gay,6083,K,2,Bishop_Troy,Troy (redneck)(cop),1,auction_sale,,,,420,132,145,0.903448275862069,4,4,1,148,14,14,134,11,43.0,3.91,239,K12,2024-09-06,1.0,1.0,1.0,0.0,0.0,True,2023
bishop_sycamore,2024,1121613183959059968,204,204,Rashod Bateman,7571,WR,10,Bishop_Brandon,"Sir, my teams updated,sir",1,auction_sale,,,,421,133,145,0.9103448275862069,7,7,1,147,13,13,134,41,1077.0,26.27,168,WR69,2024-09-06,1.0,1.0,1.0,0.0,0.0,True,2023
bishop_sycamore,2024,1121613183959059968,205,205,Samaje Perine,4147,RB,8,Bishop_Ryan,DTP,1,auction_sale,,,,422,134,145,0.9172413793103448,2,2,1,146,12,12,134,35,923.0,26.37,206,RB63,2024-09-06,1.0,1.0,1.0,0.0,0.0,True,2023
bishop_sycamore,2024,1121613183959059968,206,206,Tank Bigsby,9225,RB,6,Bishop_Jaylen,Bills in the 90‚Äôs,1,auction_sale,,,,423,135,145,0.9241379310344827,8,1,8,145,11,11,134,36,924.0,25.67,194,RB58,2024-09-06,1.0,3.03,3.47,2.03,2.03,True,2023
bishop_sycamore,2024,1121613183959059968,207,207,Clyde Edwards-Helaire,6820,RB,2,Bishop_Troy,Troy (redneck)(cop),1,auction_sale,,,,424,136,145,0.9310344827586207,3,3,1,144,10,10,134,37,925.0,25.0,264,RB75,2024-09-06,1.0,1.0,1.0,0.0,0.0,True,2023
bishop_sycamore,2024,1121613183959059968,208,208,Will Shipley,11577,RB,10,Bishop_Brandon,"Sir, my teams updated,sir",1,auction_sale,,,,425,137,145,0.9379310344827586,6,6,1,143,9,9,134,38,926.0,24.37,241,RB69,2024-09-06,1.0,1.0,1.0,0.0,0.0,True,2023
bishop_sycamore,2024,1121613183959059968,209,209,Michael Mayer,9482,TE,10,Bishop_Brandon,"Sir, my teams updated,sir",1,auction_sale,,,,426,138,145,0.9448275862068966,5,5,1,142,8,8,134,16,191.0,11.94,251,TE30,2024-09-06,1.0,1.0,1.0,0.0,0.0,True,2023
bishop_sycamore,2024,1121613183959059968,210,210,Will Levis,9999,QB,10,Bishop_Brandon,"Sir, my teams updated,sir",1,auction_sale,,,,427,139,145,0.9517241379310345,4,4,1,141,7,7,134,16,205.0,12.81,152,QB24,2024-09-06,1.0,1.0,1.0,0.0,0.0,True,2023
bishop_sycamore,2024,1121613183959059968,211,211,Deuce Vaughn,9505,RB,8,Bishop_Ryan,DTP,1,auction_sale,,,,428,140,145,0.9586206896551724,1,1,1,140,6,6,134,39,927.0,23.77,285,RB80,2024-09-06,1.0,1.0,1.0,0.0,0.0,True,2023
bishop_sycamore,2024,1121613183959059968,212,212,Tyler Boyd,3225,WR,2,Bishop_Troy,Troy (redneck)(cop),1,auction_sale,,,,429,141,145,0.9655172413793104,2,2,1,139,5,5,134,42,1078.0,25.67,192,WR76,2024-09-06,1.0,1.0,1.0,0.0,0.0,True,2023
bishop_sycamore,2024,1121613183959059968,213,213,Odell Beckham,2078,WR,2,Bishop_Troy,Troy (redneck)(cop),1,auction_sale,,,,430,142,145,0.9724137931034482,1,1,1,138,4,4,134,43,1079.0,25.09,266,WR95,2024-09-06,1.0,1.0,1.0,0.0,0.0,True,2023
bishop_sycamore,2024,1121613183959059968,214,214,Roschon Johnson,10235,RB,10,Bishop_Brandon,"Sir, my teams updated,sir",1,auction_sale,,,,431,143,145,0.9793103448275862,3,3,1,137,3,3,134,40,928.0,23.2,187,RB57,2024-09-06,1.0,1.0,1.0,0.0,0.0,True,2023
bishop_sycamore,2024,1121613183959059968,215,215,Kenny Gainwell,7567,RB,10,Bishop_Brandon,"Sir, my teams updated,sir",1,auction_sale,,,,432,144,145,0.9862068965517241,2,2,1,136,2,2,134,41,929.0,22.66,230,RB66,2024-09-06,1.0,1.0,1.0,0.0,0.0,True,2023
bishop_sycamore,2024,1121613183959059968,216,216,Jamaal Williams,4149,RB,10,Bishop_Brandon,"Sir, my teams updated,sir",1,auction_sale,,,,433,145,145,0.993103448275862,1,1,1,135,1,1,134,42,930.0,22.14,234,RB68,2024-09-06,1.0,1.0,1.0,0.0,0.0,True,2023
bishop_sycamore,2025,1256493132464260096,71,71,DJ Moore,4983,WR,5,Bishop_Zach,Tally,57,auction_sale,,,,72,1,146,0.0,303,12,292,2285,146,146,2139,0,0.0,0.0,51,WR23,2025-09-05,1.0,50.2,70.2,-6.8,6.8,True,"2023,2024"
bishop_sycamore,2025,1256493132464260096,72,72,David Montgomery,5892,RB,9,Bishop_Pete,LIGMA,63,auction_sale,,,,73,2,146,0.00684931506849315,154,12,143,2228,145,145,2083,0,0.0,0.0,61,RB23,2025-09-05,1.0,49.03,77.56,-13.97,13.97,True,"2023,2024"
bishop_sycamore,2025,1256493132464260096,73,73,Jalen Hurts,6904,QB,9,Bishop_Pete,LIGMA,36,auction_sale,,,,74,3,146,0.0136986301369863,91,11,81,2165,144,144,2021,0,0.0,0.0,35,QB4,2025-09-05,1.0,50.76,75.6,14.76,14.76,True,"2023,2024"
bishop_sycamore,2025,1256493132464260096,74,74,Joe Burrow,6770,QB,10,Bishop_Brandon,Lol Fuck This Sport,69,auction_sale,,,,75,4,146,0.02054794520547945,311,12,300,2129,143,143,1986,1,36.0,36.0,47,QB5,2025-09-05,1.0,57.9,70.07,-11.1,11.1,True,"2023,2024"
bishop_sycamore,2025,1256493132464260096,75,75,Terry McLaurin,5927,WR,1,Bishop_Derek,Super Ja‚ÄôMARRio Bros,105,auction_sale,,,,76,5,146,0.0273972602739726,249,12,238,2060,142,142,1918,1,57.0,57.0,39,WR18,2025-09-05,1.0,63.75,78.27,-41.25,41.25,False,"2023,2024"
bishop_sycamore,2025,1256493132464260096,76,76,Brian Robinson,8154,RB,2,Bishop_Troy,Redneck cop,27,auction_sale,,,,77,6,146,0.03424657534246575,162,14,149,1955,141,141,1814,1,63.0,63.0,130,RB43,2025-09-05,1.0,22.03,28.79,-4.97,4.97,True,"2023,2024"
bishop_sycamore,2025,1256493132464260096,77,77,RJ Harvey,12489,RB,10,Bishop_Brandon,Lol Fuck This Sport,76,auction_sale,,,,78,7,146,0.0410958904109589,242,11,232,1928,140,140,1788,2,90.0,45.0,63,RB25,2025-09-05,1.0,57.26,78.09,-18.74,18.74,True,"2023,2024"
bishop_sycamore,2025,1256493132464260096,78,78,DK Metcalf,5846,WR,5,Bishop_Zach,Tally,75,auction_sale,,,,79,8,146,0.04794520547945205,246,11,236,1852,139,139,1713,2,162.0,81.0,46,WR21,2025-09-05,1.0,63.75,75.78,-11.25,11.25,True,"2023,2024"
bishop_sycamore,2025,1256493132464260096,79,79,Cooper Kupp,4039,WR,9,Bishop_Pete,LIGMA,40,auction_sale,,,,80,9,146,0.0547945205479452,55,10,46,1777,138,138,1639,3,237.0,79.0,112,WR47,2025-09-05,1.0,20.68,36.21,-19.32,19.32,False,"2023,2024"
bishop_sycamore,2025,1256493132464260096,80,80,D'Andre Swift,6790,RB,5,Bishop_Zach,Tally,82,auction_sale,,,,81,10,146,0.06164383561643835,171,10,162,1737,137,137,1600,3,166.0,55.33,58,RB22,2025-09-05,1.0,57.26,79.38,-24.74,24.74,False,"2023,2024"
bishop_sycamore,2025,1256493132464260096,81,81,Travis Kelce,1466,TE,12,Bishop_Cosey,Jcoz15,20,auction_sale,,,,82,11,146,0.0684931506849315,237,12,226,1655,136,136,1519,0,0.0,0.0,78,TE6,2025-09-05,1.0,41.78,54.46,21.78,21.78,True,"2023,2024"
bishop_sycamore,2025,1256493132464260096,82,82,Travis Hunter,12530,WR,9,Bishop_Pete,LIGMA,1,auction_sale,,,,83,12,146,0.07534246575342465,15,9,7,1635,135,135,1500,4,277.0,69.25,68,WR31,2025-09-05,1.0,7.0,7.0,6.0,6.0,True,"2023,2024"
bishop_sycamore,2025,1256493132464260096,83,83,Ashton Jeanty,12527,RB,1,Bishop_Derek,Super Ja‚ÄôMARRio Bros,1,auction_sale,,,,84,13,146,0.0821917808219178,144,11,134,1634,134,134,1500,4,248.0,62.0,14,RB6,2025-09-05,1.0,64.54,101.67,63.54,63.54,True,"2023,2024"
bishop_sycamore,2025,1256493132464260096,84,84,Tyler Warren,12518,TE,2,Bishop_Troy,Redneck cop,1,auction_sale,,,,85,14,146,0.08904109589041095,135,13,123,1633,133,133,1500,1,20.0,20.0,96,TE10,2025-09-05,1.0,21.55,31.14,20.55,20.55,True,"2023,2024"
bishop_sycamore,2025,1256493132464260096,85,85,Kaleb Johnson,12504,RB,2,Bishop_Troy,Redneck cop,1,auction_sale,,,,86,15,146,0.0958904109589041,134,12,123,1632,132,132,1500,5,249.0,49.8,81,RB29,2025-09-05,1.0,41.64,57.64,40.64,40.64,True,"2023,2024"
bishop_sycamore,2025,1256493132464260096,86,86,TreVeyon Henderson,12529,RB,3,Bishop_Fritz,Time to Throw a Dart-y,1,auction_sale,,,,87,16,146,0.10273972602739725,104,12,93,1631,131,131,1500,6,250.0,41.67,45,RB18,2025-09-05,1.0,56.76,77.82,55.76,55.76,True,"2023,2024"
bishop_sycamore,2025,1256493132464260096,87,87,Matthew Golden,12501,WR,3,Bishop_Fritz,Time to Throw a Dart-y,1,auction_sale,,,,88,17,146,0.1095890410958904,103,11,93,1630,130,130,1500,5,278.0,55.6,92,WR41,2025-09-05,1.0,27.85,38.85,26.85,26.85,True,"2023,2024"
bishop_sycamore,2025,1256493132464260096,88,88,Omarion Hampton,12507,RB,4,Bishop_Seth,Protostars,1,auction_sale,,,,89,18,146,0.11643835616438356,174,12,163,1629,129,129,1500,7,251.0,35.86,38,RB14,2025-09-05,1.0,58.68,82.56,57.68,57.68,True,"2023,2024"
bishop_sycamore,2025,1256493132464260096,89,89,Emeka Egbuka,12514,WR,4,Bishop_Seth,Protostars,1,auction_sale,,,,90,19,146,0.1232876712328767,173,11,163,1628,128,128,1500,6,279.0,46.5,70,WR33,2025-09-05,1.0,49.98,55.45,48.98,48.98,True,"2023,2024"
bishop_sycamore,2025,1256493132464260096,90,90,Mark Andrews,5012,TE,12,Bishop_Cosey,Jcoz15,25,auction_sale,,,,91,20,146,0.13013698630136986,217,11,207,1627,127,127,1500,2,21.0,10.5,80,TE7,2025-09-05,1.0,41.78,54.46,16.78,16.78,True,"2023,2024"
bishop_sycamore,2025,1256493132464260096,91,91,Courtland Sutton,5045,WR,3,Bishop_Fritz,Time to Throw a Dart-y,66,auction_sale,,,,92,21,146,0.136986301369863,102,10,93,1602,126,126,1476,7,280.0,40.0,43,WR20,2025-09-05,1.0,55.97,72.42,-10.03,10.03,True,"2023,2024"
bishop_sycamore,2025,1256493132464260096,92,92,Stefon Diggs,2449,WR,10,Bishop_Brandon,Lol Fuck This Sport,51,auction_sale,,,,93,22,146,0.14383561643835616,166,10,157,1536,125,125,1411,8,346.0,43.25,85,WR38,2025-09-05,1.0,39.6,47.3,-11.4,11.4,False,"2023,2024"
bishop_sycamore,2025,1256493132464260096,93,93,Patrick Mahomes,4046,QB,5,Bishop_Zach,Tally,26,auction_sale,,,,94,23,146,0.1506849315068493,89,9,81,1485,124,124,1361,2,105.0,52.5,65,QB6,2025-09-05,1.0,51.68,56.88,25.68,25.68,True,"2023,2024"
bishop_sycamore,2025,1256493132464260096,94,94,Jerry Jeudy,6783,WR,10,Bishop_Brandon,Lol Fuck This Sport,53,auction_sale,,,,95,24,146,0.15753424657534246,115,9,107,1459,123,123,1336,9,397.0,44.11,77,WR36,2025-09-05,1.0,49.54,55.33,-3.46,3.46,True,"2023,2024"
bishop_sycamore,2025,1256493132464260096,95,95,Jordan Mason,8408,RB,6,Bishop_Jaylen,The Fighting Jaylen‚Äôs,41,auction_sale,,,,96,25,146,0.1643835616438356,138,12,127,1406,122,122,1284,8,252.0,31.5,83,RB30,2025-09-05,1.0,35.82,51.98,-5.18,5.18,True,"2023,2024"
bishop_sycamore,2025,1256493132464260096,96,96,Deebo Samuel,5872,WR,12,Bishop_Cosey,Jcoz15,60,auction_sale,,,,97,26,146,0.17123287671232876,192,10,183,1365,121,121,1244,10,450.0,45.0,89,WR40,2025-09-05,1.0,34.19,38.27,-25.81,25.81,False,"2023,2024"
bishop_sycamore,2025,1256493132464260096,97,97,Dak Prescott,3294,QB,1,Bishop_Derek,Super Ja‚ÄôMARRio Bros,20,auction_sale,,,,98,27,146,0.1780821917808219,143,10,134,1305,120,120,1185,3,131.0,43.67,82,QB10,2025-09-05,1.0,40.47,42.97,20.47,20.47,True,"2023,2024"
bishop_sycamore,2025,1256493132464260096,98,98,Keon Coleman,11637,WR,2,Bishop_Troy,Redneck cop,41,auction_sale,,,,99,28,146,0.18493150684931506,133,11,123,1285,119,119,1166,11,510.0,46.36,115,WR49,2025-09-05,1.0,25.47,30.51,-15.53,15.53,False,"2023,2024"
bishop_sycamore,2025,1256493132464260096,99,99,Javonte Williams,7588,RB,2,Bishop_Troy,Redneck cop,40,auction_sale,,,,100,29,146,0.1917808219178082,92,10,83,1244,118,118,1126,9,293.0,32.56,98,RB34,2025-09-05,1.0,19.92,40.47,-20.08,20.08,True,"2023,2024"
bishop_sycamore,2025,1256493132464260096,100,100,Jacory Croskey-Merritt,12533,RB,11,Bishop_Nobs,Likely Baked,56,auction_sale,,,,101,30,146,0.19863013698630136,178,12,167,1204,117,117,1087,10,333.0,33.3,128,RB41,2025-09-05,1.0,16.97,30.3,-39.03,39.03,False,"2023,2024"
bishop_sycamore,2025,1256493132464260096,101,101,David Njoku,4033,TE,1,Bishop_Derek,Super Ja‚ÄôMARRio Bros,17,auction_sale,,,,102,31,146,0.2054794520547945,123,9,115,1148,116,116,1032,3,46.0,15.33,87,TE8,2025-09-05,1.0,31.81,44.5,14.81,14.81,True,"2023,2024"
bishop_sycamore,2025,1256493132464260096,102,102,Tetairoa McMillan,12526,WR,5,Bishop_Zach,Tally,1,auction_sale,,,,103,32,146,0.21232876712328766,63,8,56,1131,115,115,1016,12,551.0,45.92,49,WR22,2025-09-05,1.0,51.97,56.0,50.97,50.97,True,"2023,2024"
bishop_sycamore,2025,1256493132464260096,103,103,Jordan Love,6804,QB,3,Bishop_Fritz,Time to Throw a Dart-y,1,auction_sale,,,,104,33,146,0.2191780821917808,36,9,28,1130,114,114,1016,4,151.0,37.75,110,QB17,2025-09-05,1.0,14.83,26.94,13.83,13.83,True,"2023,2024"
bishop_sycamore,2025,1256493132464260096,104,104,Drake Maye,11564,QB,10,Bishop_Brandon,Lol Fuck This Sport,8,auction_sale,,,,105,34,146,0.22602739726027396,62,8,55,1129,113,113,1016,5,152.0,30.4,101,QB13,2025-09-05,1.0,19.14,28.59,11.14,11.14,True,"2023,2024"
bishop_sycamore,2025,1256493132464260096,105,105,Bo Nix,11563,QB,7,Bishop_Ernest,No knees and a dream,22,auction_sale,,,,106,35,146,0.2328767123287671,154,12,143,1121,112,112,1009,6,160.0,26.67,74,QB8,2025-09-05,1.0,42.55,49.31,20.55,20.55,True,"2023,2024"
bishop_sycamore,2025,1256493132464260096,106,106,J.K. Dobbins,6806,RB,12,Bishop_Cosey,Jcoz15,50,auction_sale,,,,107,36,146,0.23972602739726026,132,9,124,1099,111,111,988,11,389.0,35.36,95,RB33,2025-09-05,1.0,24.71,45.35,-25.29,25.29,False,"2023,2024"
bishop_sycamore,2025,1256493132464260096,107,107,C.J. Stroud,9758,QB,7,Bishop_Ernest,No knees and a dream,16,auction_sale,,,,108,37,146,0.2465753424657534,132,11,122,1049,110,110,939,7,182.0,26.0,118,QB19,2025-09-05,1.0,15.34,27.58,-0.66,0.66,True,"2023,2024"
bishop_sycamore,2025,1256493132464260096,108,108,Tank Bigsby,9225,RB,1,Bishop_Derek,Super Ja‚ÄôMARRio Bros,34,auction_sale,,,,109,38,146,0.2534246575342466,106,8,99,1033,109,109,924,12,439.0,36.58,109,RB36,2025-09-05,1.0,18.51,43.51,-15.49,15.49,True,"2023,2024"
bishop_sycamore,2025,1256493132464260096,109,109,Jerome Ford,8143,RB,7,Bishop_Ernest,No knees and a dream,28,auction_sale,,,,110,39,146,0.2602739726027397,116,10,107,999,108,108,891,13,473.0,36.38,138,RB47,2025-09-05,1.0,16.09,30.3,-11.91,11.91,True,"2023,2024"
bishop_sycamore,2025,1256493132464260096,110,110,Evan Engram,4066,TE,4,Bishop_Seth,Protostars,41,auction_sale,,,,111,40,146,0.2671232876712329,172,10,163,971,107,107,864,4,63.0,15.75,91,TE9,2025-09-05,1.0,25.99,37.28,-15.01,15.01,False,"2023,2024"
bishop_sycamore,2025,1256493132464260096,111,111,Tyrone Tracy,11655,RB,6,Bishop_Jaylen,The Fighting Jaylen‚Äôs,41,auction_sale,,,,112,41,146,0.273972602739726,97,11,87,930,106,106,824,14,501.0,35.79,71,RB27,2025-09-05,1.0,40.16,51.48,-0.84,0.84,True,"2023,2024"
bishop_sycamore,2025,1256493132464260096,112,112,Chris Godwin,4037,WR,7,Bishop_Ernest,No knees and a dream,19,auction_sale,,,,113,42,146,0.2808219178082192,88,9,80,889,105,105,784,13,552.0,42.46,120,WR51,2025-09-05,1.0,12.16,26.65,-6.84,6.84,True,"2023,2024"
bishop_sycamore,2025,1256493132464260096,113,113,Calvin Ridley,4981,WR,4,Bishop_Seth,Protostars,67,auction_sale,,,,114,43,146,0.2876712328767123,131,9,123,870,104,104,766,14,571.0,40.79,55,WR27,2025-09-05,1.0,50.62,68.38,-16.38,16.38,True,"2023,2024"
bishop_sycamore,2025,1256493132464260096,114,114,Kyle Pitts,7553,TE,1,Bishop_Derek,Super Ja‚ÄôMARRio Bros,17,auction_sale,,,,115,44,146,0.2945205479452055,72,7,66,803,103,103,700,5,104.0,20.8,133,TE16,2025-09-05,1.0,9.04,22.36,-7.96,7.96,True,"2023,2024"
bishop_sycamore,2025,1256493132464260096,115,115,Jauan Jennings,7049,WR,1,Bishop_Derek,Super Ja‚ÄôMARRio Bros,17,auction_sale,,,,116,45,146,0.3013698630136986,55,6,50,786,102,102,684,15,638.0,42.53,94,WR42,2025-09-05,1.0,19.14,30.7,2.14,2.14,True,"2023,2024"
bishop_sycamore,2025,1256493132464260096,116,116,Khalil Shakir,8134,WR,8,Bishop_Ryan,mrhyde02,31,auction_sale,,,,117,46,146,0.3082191780821918,121,12,110,769,101,101,668,16,655.0,40.94,102,WR44,2025-09-05,1.0,19.62,36.03,-11.38,11.38,True,"2023,2024"
bishop_sycamore,2025,1256493132464260096,117,117,Kyler Murray,5849,QB,12,Bishop_Cosey,Jcoz15,27,auction_sale,,,,118,47,146,0.3150684931506849,82,8,75,738,100,100,638,8,198.0,24.75,79,QB9,2025-09-05,1.0,37.79,40.36,10.79,10.79,True,"2023,2024"
bishop_sycamore,2025,1256493132464260096,118,118,Brock Purdy,8183,QB,2,Bishop_Troy,Redneck cop,15,auction_sale,,,,119,48,146,0.3219178082191781,52,9,44,711,99,99,612,9,225.0,25.0,93,QB11,2025-09-05,1.0,17.56,28.59,2.56,2.56,True,"2023,2024"
bishop_sycamore,2025,1256493132464260096,119,119,Brandon Aiyuk,6803,WR,6,Bishop_Jaylen,The Fighting Jaylen‚Äôs,19,auction_sale,,,,120,49,146,0.3287671232876712,56,10,47,696,98,98,598,17,686.0,40.35,145,WR57,2025-09-05,1.0,11.24,19.19,-7.76,7.76,True,"2023,2024"
bishop_sycamore,2025,1256493132464260096,120,120,Rhamondre Stevenson,7611,RB,7,Bishop_Ernest,No knees and a dream,15,auction_sale,,,,121,50,146,0.3356164383561644,69,8,62,677,97,97,580,15,542.0,36.13,108,RB35,2025-09-05,1.0,15.65,40.23,0.65,0.65,True,"2023,2024"
bishop_sycamore,2025,1256493132464260096,121,121,Rashid Shaheed,8676,WR,12,Bishop_Cosey,Jcoz15,23,auction_sale,,,,122,51,146,0.3424657534246575,55,7,49,662,96,96,566,18,705.0,39.17,124,WR52,2025-09-05,1.0,12.13,20.42,-10.87,10.87,False,"2023,2024"
bishop_sycamore,2025,1256493132464260096,123,123,Najee Harris,7528,RB,2,Bishop_Troy,Redneck cop,20,auction_sale,,,,124,53,146,0.3561643835616438,37,8,30,617,94,94,523,17,579.0,34.06,127,RB40,2025-09-05,1.0,12.18,20.39,-7.82,7.82,True,"2023,2024"
bishop_sycamore,2025,1256493132464260096,124,124,Jared Goff,3163,QB,6,Bishop_Jaylen,The Fighting Jaylen‚Äôs,16,auction_sale,,,,125,54,146,0.363013698630137,37,9,29,597,93,93,504,10,240.0,24.0,106,QB16,2025-09-05,1.0,13.26,26.45,-2.74,2.74,True,"2023,2024"
bishop_sycamore,2025,1256493132464260096,125,125,Tucker Kraft,9484,TE,4,Bishop_Seth,Protostars,14,auction_sale,,,,126,55,146,0.3698630136986301,42,7,36,581,92,92,489,6,121.0,20.17,97,TE11,2025-09-05,1.0,16.79,30.12,2.79,2.79,True,"2023,2024"
bishop_sycamore,2025,1256493132464260096,126,126,Cam Ward,12522,QB,10,Bishop_Brandon,Lol Fuck This Sport,10,auction_sale,,,,127,56,146,0.3767123287671233,54,7,48,567,91,91,476,11,256.0,23.27,164,QB26,2025-09-05,1.0,9.69,17.37,-0.31,0.31,True,"2023,2024"
bishop_sycamore,2025,1256493132464260096,127,127,Christian Kirk,4950,WR,8,Bishop_Ryan,mrhyde02,6,auction_sale,,,,128,57,146,0.3835616438356164,90,11,80,557,90,90,467,19,728.0,38.32,134,WR53,2025-09-05,1.0,11.39,23.56,5.39,5.39,True,"2023,2024"
bishop_sycamore,2025,1256493132464260096,128,128,Bhayshul Tuten,12490,RB,11,Bishop_Nobs,Likely Baked,30,auction_sale,,,,129,58,146,0.3904109589041096,122,11,112,551,89,89,462,18,599.0,33.28,137,RB46,2025-09-05,1.0,16.09,30.3,-13.91,13.91,True,"2023,2024"
bishop_sycamore,2025,1256493132464260096,129,129,Michael Pittman,6819,WR,8,Bishop_Ryan,mrhyde02,25,auction_sale,,,,130,59,146,0.3972602739726027,84,10,75,521,88,88,433,20,734.0,36.7,107,WR46,2025-09-05,1.0,14.86,33.22,-10.14,10.14,True,"2023,2024"
bishop_sycamore,2025,1256493132464260096,130,130,Isaac Guerendo,11651,RB,9,Bishop_Pete,LIGMA,4,auction_sale,,,,131,60,146,0.4041095890410959,14,8,7,496,87,87,409,19,629.0,33.11,200,RB62,2025-09-05,1.0,7.0,7.0,3.0,3.0,True,"2023,2024"
bishop_sycamore,2025,1256493132464260096,131,131,Xavier Legette,11626,WR,5,Bishop_Zach,Tally,17,auction_sale,,,,132,61,146,0.410958904109589,62,7,56,492,86,86,406,21,759.0,36.14,165,WR64,2025-09-05,1.0,11.27,18.12,-5.73,5.73,True,"2023,2024"
bishop_sycamore,2025,1256493132464260096,132,132,Justin Fields,7591,QB,3,Bishop_Fritz,Time to Throw a Dart-y,5,auction_sale,,,,133,62,146,0.4178082191780822,35,8,28,475,85,85,390,12,266.0,22.17,100,QB12,2025-09-05,1.0,16.79,26.47,11.79,11.79,True,"2023,2024"
bishop_sycamore,2025,1256493132464260096,133,133,Joshua Palmer,7670,WR,12,Bishop_Cosey,Jcoz15,9,auction_sale,,,,134,63,146,0.4246575342465753,32,6,27,470,84,84,386,22,776.0,35.27,166,WR65,2025-09-05,1.0,11.24,14.92,2.24,2.24,True,"2023,2024"
bishop_sycamore,2025,1256493132464260096,134,134,Denver Broncos,DEN,DEF,6,Bishop_Jaylen,The Fighting Jaylen‚Äôs,9,auction_sale,,,,135,64,146,0.4315068493150685,21,8,14,461,83,83,378,0,0.0,0.0,171,DST1,2025-09-05,1.0,4.88,6.5,-4.12,4.12,False,"2023,2024"
bishop_sycamore,2025,1256493132464260096,135,135,Zach Ertz,1339,TE,9,Bishop_Pete,LIGMA,3,auction_sale,,,,136,65,146,0.4383561643835616,10,7,4,452,82,82,370,7,135.0,19.29,149,TE18,2025-09-05,1.0,4.0,4.0,1.0,1.0,True,"2023,2024"
bishop_sycamore,2025,1256493132464260096,136,136,Joe Mixon,4018,RB,5,Bishop_Zach,Tally,31,auction_sale,,,,137,66,146,0.4452054794520548,45,6,40,449,81,81,368,20,633.0,31.65,157,RB54,2025-09-05,1.0,12.06,15.63,-18.94,18.94,False,"2023,2024"
bishop_sycamore,2025,1256493132464260096,137,137,Braelon Allen,11576,RB,11,Bishop_Nobs,Likely Baked,36,auction_sale,,,,138,67,146,0.4520547945205479,92,10,83,418,80,80,338,21,664.0,31.62,114,RB37,2025-09-05,1.0,15.65,33.18,-20.35,20.35,False,"2023,2024"
bishop_sycamore,2025,1256493132464260096,138,138,Marvin Mims,9494,WR,1,Bishop_Derek,Super Ja‚ÄôMARRio Bros,12,auction_sale,,,,139,68,146,0.4589041095890411,38,5,34,382,79,79,303,23,785.0,34.13,135,WR54,2025-09-05,1.0,11.39,14.36,-0.61,0.61,True,"2023,2024"
bishop_sycamore,2025,1256493132464260096,139,139,Brashard Smith,12455,RB,9,Bishop_Pete,LIGMA,1,auction_sale,,,,140,69,146,0.4657534246575342,7,6,2,370,78,78,292,22,700.0,31.82,242,RB72,2025-09-05,1.0,2.0,2.0,1.0,1.0,True,"2023,2024"
bishop_sycamore,2025,1256493132464260096,140,140,Jonnu Smith,4144,TE,9,Bishop_Pete,LIGMA,1,auction_sale,,,,141,70,146,0.4726027397260274,6,5,2,369,77,77,292,8,138.0,17.25,159,TE19,2025-09-05,1.0,2.0,2.0,1.0,1.0,True,"2023,2024"
bishop_sycamore,2025,1256493132464260096,141,141,Woody Marks,12474,RB,7,Bishop_Ernest,No knees and a dream,25,auction_sale,,,,142,71,146,0.4794520547945205,54,7,48,368,76,76,292,23,701.0,30.48,180,RB58,2025-09-05,1.0,12.06,15.35,-12.94,12.94,False,"2023,2024"
bishop_sycamore,2025,1256493132464260096,142,142,Josh Downs,9500,WR,3,Bishop_Fritz,Time to Throw a Dart-y,20,auction_sale,,,,143,72,146,0.4863013698630137,30,7,24,343,75,75,268,24,797.0,33.21,105,WR45,2025-09-05,1.0,14.8,24.0,-5.2,5.2,True,"2023,2024"
bishop_sycamore,2025,1256493132464260096,143,143,Justin Herbert,6797,QB,4,Bishop_Seth,Protostars,7,auction_sale,,,,144,73,146,0.4931506849315068,28,6,23,323,74,74,249,13,271.0,20.85,104,QB15,2025-09-05,1.0,9.64,23.0,2.64,2.64,True,"2023,2024"
bishop_sycamore,2025,1256493132464260096,145,145,Tyler Allgeier,8132,RB,8,Bishop_Ryan,mrhyde02,7,auction_sale,,,,146,75,146,0.5068493150684932,59,9,51,311,72,72,239,24,726.0,30.25,140,RB48,2025-09-05,1.0,10.08,18.2,3.08,3.08,True,"2023,2024"
bishop_sycamore,2025,1256493132464260096,146,146,Brandon Aubrey,11533,K,1,Bishop_Derek,Super Ja‚ÄôMARRio Bros,5,auction_sale,,,,147,76,146,0.5136986301369864,26,4,23,304,71,71,233,0,0.0,0.0,189,K1,2025-09-05,1.0,4.54,8.23,-0.46,0.46,True,"2023,2024"
bishop_sycamore,2025,1256493132464260096,147,147,Philadelphia Eagles,PHI,DEF,1,Bishop_Derek,Super Ja‚ÄôMARRio Bros,5,auction_sale,,,,148,77,146,0.5205479452054794,21,3,19,299,70,70,229,1,9.0,9.0,172,DST2,2025-09-05,1.0,5.73,8.23,0.73,0.73,True,"2023,2024"
bishop_sycamore,2025,1256493132464260096,148,148,Pittsburgh Steelers,PIT,DEF,8,Bishop_Ryan,mrhyde02,3,auction_sale,,,,149,78,146,0.5273972602739726,52,8,45,294,69,69,225,2,14.0,7.0,181,DST4,2025-09-05,1.0,6.87,13.0,3.87,3.87,True,"2023,2024"
bishop_sycamore,2025,1256493132464260096,149,149,Keenan Allen,1479,WR,11,Bishop_Nobs,Likely Baked,20,auction_sale,,,,150,79,146,0.5342465753424658,56,9,48,291,68,68,223,26,822.0,31.62,146,WR58,2025-09-05,1.0,9.22,13.59,-10.78,10.78,False,"2023,2024"
bishop_sycamore,2025,1256493132464260096,150,150,Adam Thielen,1689,WR,8,Bishop_Ryan,mrhyde02,8,auction_sale,,,,151,80,146,0.541095890410959,49,7,43,271,67,67,204,27,842.0,31.19,168,WR67,2025-09-05,1.0,9.22,13.0,1.22,1.22,True,"2023,2024"
bishop_sycamore,2025,1256493132464260096,151,151,Rachaad White,8136,RB,8,Bishop_Ryan,mrhyde02,7,auction_sale,,,,152,81,146,0.547945205479452,41,6,36,263,66,66,197,25,733.0,29.32,131,RB44,2025-09-05,1.0,8.54,18.2,1.54,1.54,True,"2023,2024"
bishop_sycamore,2025,1256493132464260096,152,152,Colston Loveland,12517,TE,5,Bishop_Zach,Tally,1,auction_sale,,,,153,82,146,0.5547945205479452,14,5,10,256,65,65,191,9,139.0,15.44,123,TE14,2025-09-05,1.0,4.08,7.01,3.08,3.08,True,"2023,2024"
bishop_sycamore,2025,1256493132464260096,153,153,Brenton Strange,9480,TE,3,Bishop_Fritz,Time to Throw a Dart-y,4,auction_sale,,,,154,83,146,0.5616438356164384,10,6,5,255,64,64,191,10,140.0,14.0,163,TE20,2025-09-05,1.0,2.96,4.45,-1.04,1.04,True,"2023,2024"
bishop_sycamore,2025,1256493132464260096,154,154,Tyjae Spears,9508,RB,11,Bishop_Nobs,Likely Baked,15,auction_sale,,,,155,84,146,0.5684931506849316,36,8,29,251,63,63,188,26,740.0,28.46,153,RB52,2025-09-05,1.0,8.13,12.14,-6.87,6.87,False,"2023,2024"
bishop_sycamore,2025,1256493132464260096,155,155,Elic Ayomanor,12499,WR,11,Bishop_Nobs,Likely Baked,1,auction_sale,,,,156,85,146,0.5753424657534246,21,7,15,236,62,62,174,28,850.0,30.36,196,WR73,2025-09-05,1.0,4.34,6.35,3.34,3.34,True,"2023,2024"
bishop_sycamore,2025,1256493132464260096,156,156,Darnell Mooney,7090,WR,8,Bishop_Ryan,mrhyde02,9,auction_sale,,,,157,86,146,0.5821917808219178,34,5,30,235,61,61,174,29,851.0,29.34,119,WR50,2025-09-05,1.0,8.23,19.6,-0.77,0.77,True,"2023,2024"
bishop_sycamore,2025,1256493132464260096,157,157,Dalton Kincaid,10236,TE,7,Bishop_Ernest,No knees and a dream,10,auction_sale,,,,158,87,146,0.589041095890411,29,6,24,226,60,60,166,11,144.0,13.09,122,TE13,2025-09-05,1.0,7.4,12.74,-2.6,2.6,True,"2023,2024"
bishop_sycamore,2025,1256493132464260096,158,158,Michael Penix,11559,QB,2,Bishop_Troy,Redneck cop,6,auction_sale,,,,159,88,146,0.5958904109589042,17,7,11,216,59,59,157,14,278.0,19.86,148,QB23,2025-09-05,1.0,3.19,4.53,-2.81,2.81,False,"2023,2024"
bishop_sycamore,2025,1256493132464260096,159,159,J.J. McCarthy,11565,QB,11,Bishop_Nobs,Likely Baked,4,auction_sale,,,,160,89,146,0.6027397260273972,20,6,15,210,58,58,152,15,284.0,18.93,121,QB20,2025-09-05,1.0,5.11,8.5,1.11,1.11,True,"2023,2024"
bishop_sycamore,2025,1256493132464260096,160,160,Jake Ferguson,8110,TE,12,Bishop_Cosey,Jcoz15,7,auction_sale,,,,161,90,146,0.6095890410958904,18,4,15,206,57,57,149,12,154.0,12.83,116,TE12,2025-09-05,1.0,6.04,15.0,-0.96,0.96,True,"2023,2024"
bishop_sycamore,2025,1256493132464260096,161,161,Dallas Goedert,5022,TE,6,Bishop_Jaylen,The Fighting Jaylen‚Äôs,4,auction_sale,,,,162,91,146,0.6164383561643836,12,7,6,199,56,56,143,13,161.0,12.38,125,TE15,2025-09-05,1.0,3.85,6.0,-0.15,0.15,True,"2023,2024"
bishop_sycamore,2025,1256493132464260096,162,162,Green Bay Packers,GB,DEF,2,Bishop_Troy,Redneck cop,4,auction_sale,,,,163,92,146,0.6232876712328768,11,6,6,195,55,55,140,3,17.0,5.67,204,DST9,2025-09-05,1.0,2.72,4.1,-1.28,1.28,True,"2023,2024"
bishop_sycamore,2025,1256493132464260096,163,163,Cedric Tillman,10444,WR,8,Bishop_Ryan,mrhyde02,10,auction_sale,,,,164,93,146,0.6301369863013698,25,4,22,191,54,54,137,30,860.0,28.67,144,WR56,2025-09-05,1.0,5.17,8.19,-4.83,4.83,False,"2023,2024"
bishop_sycamore,2025,1256493132464260096,164,164,Washington Commanders,WAS,DEF,3,Bishop_Fritz,Time to Throw a Dart-y,2,auction_sale,,,,165,94,146,0.636986301369863,6,5,2,181,53,53,128,4,21.0,5.25,348,DST24,2025-09-05,1.0,1.25,1.98,-0.75,0.75,False,"2023,2024"
bishop_sycamore,2025,1256493132464260096,165,165,Cam Little,11786,K,11,Bishop_Nobs,Likely Baked,2,auction_sale,,,,166,95,146,0.6438356164383562,16,5,12,179,52,52,127,1,5.0,5.0,320,K19,2025-09-05,1.0,2.55,5.47,0.55,0.55,True,"2023,2024"
bishop_sycamore,2025,1256493132464260096,166,166,Isaac TeSlaa,12535,WR,10,Bishop_Brandon,Lol Fuck This Sport,21,auction_sale,,,,167,96,146,0.6506849315068494,44,6,39,177,51,51,126,31,870.0,28.06,238,WR82,2025-09-05,1.0,4.17,12.13,-16.83,16.83,False,"2023,2024"
bishop_sycamore,2025,1256493132464260096,167,167,Kareem Hunt,4098,RB,12,Bishop_Cosey,Jcoz15,6,auction_sale,,,,168,97,146,0.6575342465753424,11,3,9,156,50,50,106,27,755.0,27.96,212,RB66,2025-09-05,1.0,3.56,5.88,-2.44,2.44,False,"2023,2024"
bishop_sycamore,2025,1256493132464260096,169,169,Matthew Stafford,421,QB,8,Bishop_Ryan,mrhyde02,1,auction_sale,,,,170,99,146,0.6712328767123288,15,3,13,147,48,48,99,16,288.0,18.0,162,QB25,2025-09-05,1.0,3.16,6.3,2.16,2.16,True,"2023,2024"
bishop_sycamore,2025,1256493132464260096,170,170,Jalen McMillan,11618,WR,6,Bishop_Jaylen,The Fighting Jaylen‚Äôs,3,auction_sale,,,,171,100,146,0.678082191780822,8,6,3,146,47,47,99,33,894.0,27.09,265,WR93,2025-09-05,1.0,1.63,3.0,-1.37,1.37,True,"2023,2024"
bishop_sycamore,2025,1256493132464260096,171,171,Blake Corum,11586,RB,1,Bishop_Derek,Super Ja‚ÄôMARRio Bros,8,auction_sale,,,,172,101,146,0.684931506849315,16,2,15,143,46,46,97,28,761.0,27.18,174,RB56,2025-09-05,1.0,3.94,6.65,-4.06,4.06,False,"2023,2024"
bishop_sycamore,2025,1256493132464260096,172,172,Wan'Dale Robinson,8126,WR,1,Bishop_Derek,Super Ja‚ÄôMARRio Bros,1,auction_sale,,,,173,102,146,0.6917808219178082,8,1,8,135,45,45,90,34,897.0,26.38,167,WR66,2025-09-05,1.0,3.0,6.24,2.0,2.0,True,"2023,2024"
bishop_sycamore,2025,1256493132464260096,173,173,Keaton Mitchell,9511,RB,8,Bishop_Ryan,mrhyde02,7,auction_sale,,,,174,103,146,0.6986301369863014,14,2,13,134,44,44,90,29,769.0,26.52,217,RB68,2025-09-05,1.0,3.71,6.65,-3.29,3.29,False,"2023,2024"
bishop_sycamore,2025,1256493132464260096,174,174,Will Shipley,11577,RB,10,Bishop_Brandon,Lol Fuck This Sport,8,auction_sale,,,,175,104,146,0.7054794520547946,23,5,19,127,43,43,84,30,776.0,25.87,178,RB57,2025-09-05,1.0,5.96,7.3,-2.04,2.04,False,"2023,2024"
bishop_sycamore,2025,1256493132464260096,175,175,Evan McPherson,7839,K,5,Bishop_Zach,Tally,3,auction_sale,,,,176,105,146,0.7123287671232876,13,4,10,119,42,42,77,2,7.0,3.5,228,K9,2025-09-05,1.0,2.8,5.69,-0.2,0.2,True,"2023,2024"
bishop_sycamore,2025,1256493132464260096,176,176,DeMario Douglas,9501,WR,4,Bishop_Seth,Protostars,1,auction_sale,,,,177,106,146,0.7191780821917808,21,5,17,116,41,41,75,35,898.0,25.66,160,WR62,2025-09-05,1.0,3.16,5.46,2.16,2.16,True,"2023,2024"
bishop_sycamore,2025,1256493132464260096,177,177,Trevor Lawrence,7523,QB,3,Bishop_Fritz,Time to Throw a Dart-y,1,auction_sale,,,,178,107,146,0.726027397260274,4,4,1,115,40,40,75,17,289.0,17.0,111,QB18,2025-09-05,1.0,1.0,1.0,0.0,0.0,True,"2023,2024"
bishop_sycamore,2025,1256493132464260096,178,178,Kyle Williams,12547,WR,7,Bishop_Ernest,No knees and a dream,10,auction_sale,,,,179,108,146,0.7328767123287672,19,5,15,114,39,39,75,36,899.0,24.97,170,WR68,2025-09-05,1.0,3.16,5.27,-6.84,6.84,False,"2023,2024"
bishop_sycamore,2025,1256493132464260096,179,179,Dont'e Thornton,12541,WR,4,Bishop_Seth,Protostars,7,auction_sale,,,,180,109,146,0.7397260273972602,20,4,17,104,38,38,66,37,909.0,24.57,244,WR87,2025-09-05,1.0,2.92,5.02,-4.08,4.08,False,"2023,2024"
bishop_sycamore,2025,1256493132464260096,180,180,Jaylen Wright,11643,RB,8,Bishop_Ryan,mrhyde02,1,auction_sale,,,,181,110,146,0.7465753424657534,7,1,7,97,37,37,60,31,784.0,25.29,213,RB67,2025-09-05,1.0,3.56,5.31,2.56,2.56,True,"2023,2024"
bishop_sycamore,2025,1256493132464260096,181,181,Jarquez Hunter,11569,RB,5,Bishop_Zach,Tally,1,auction_sale,,,,182,111,146,0.7534246575342466,10,3,8,96,36,36,60,32,785.0,24.53,250,RB75,2025-09-05,1.0,3.49,4.31,2.49,2.49,True,"2023,2024"
bishop_sycamore,2025,1256493132464260096,182,182,Isaiah Likely,8131,TE,11,Bishop_Nobs,Likely Baked,3,auction_sale,,,,183,112,146,0.7602739726027398,14,4,11,95,35,35,60,14,165.0,11.79,176,TE22,2025-09-05,1.0,2.88,4.7,-0.12,0.12,True,"2023,2024"
bishop_sycamore,2025,1256493132464260096,183,183,Harrison Butker,4227,K,12,Bishop_Cosey,Jcoz15,1,auction_sale,,,,184,113,146,0.7671232876712328,5,2,4,92,34,34,58,3,10.0,3.33,220,K7,2025-09-05,1.0,1.96,2.8,0.96,0.96,True,"2023,2024"
bishop_sycamore,2025,1256493132464260096,184,184,Baltimore Ravens,BAL,DEF,9,Bishop_Pete,LIGMA,1,auction_sale,,,,185,114,146,0.773972602739726,5,4,2,91,33,33,58,5,23.0,4.6,179,DST3,2025-09-05,1.0,1.32,1.74,0.32,0.32,True,"2023,2024"
bishop_sycamore,2025,1256493132464260096,185,185,Younghoe Koo,4666,K,2,Bishop_Troy,Redneck cop,1,auction_sale,,,,186,115,146,0.7808219178082192,4,4,1,90,32,32,58,4,11.0,2.75,252,K13,2025-09-05,1.0,1.0,1.0,0.0,0.0,True,"2023,2024"
bishop_sycamore,2025,1256493132464260096,186,186,Cameron Dicker,8259,K,4,Bishop_Seth,Protostars,1,auction_sale,,,,187,116,146,0.7876712328767124,13,3,11,89,31,31,58,5,12.0,2.4,198,K2,2025-09-05,1.0,2.78,4.7,1.78,1.78,True,"2023,2024"
bishop_sycamore,2025,1256493132464260096,187,187,Roschon Johnson,10235,RB,3,Bishop_Fritz,Time to Throw a Dart-y,1,auction_sale,,,,188,117,146,0.7945205479452054,3,3,1,88,30,30,58,33,786.0,23.82,182,RB59,2025-09-05,1.0,1.0,1.0,0.0,0.0,True,"2023,2024"
bishop_sycamore,2025,1256493132464260096,188,188,Chris Boswell,1945,K,7,Bishop_Ernest,No knees and a dream,1,auction_sale,,,,189,118,146,0.8013698630136986,9,4,6,87,29,29,58,6,13.0,2.17,224,K8,2025-09-05,1.0,2.07,3.07,1.07,1.07,True,"2023,2024"
bishop_sycamore,2025,1256493132464260096,189,189,Romeo Doubs,8121,WR,9,Bishop_Pete,LIGMA,2,auction_sale,,,,190,119,146,0.8082191780821918,4,3,2,86,28,28,58,38,916.0,24.11,154,WR61,2025-09-05,1.0,1.64,2.0,-0.36,0.36,False,"2023,2024"
bishop_sycamore,2025,1256493132464260096,190,190,Jalen Coker,11646,WR,4,Bishop_Seth,Protostars,5,auction_sale,,,,191,120,146,0.815068493150685,12,2,11,84,27,27,57,39,918.0,23.54,190,WR71,2025-09-05,1.0,2.78,5.25,-2.22,2.22,True,"2023,2024"
bishop_sycamore,2025,1256493132464260096,191,191,Pat Bryant,12492,WR,5,Bishop_Zach,Tally,1,auction_sale,,,,192,121,146,0.821917808219178,9,2,8,79,26,26,53,40,923.0,23.07,214,WR77,2025-09-05,1.0,2.55,4.47,1.55,1.55,True,"2023,2024"
bishop_sycamore,2025,1256493132464260096,192,192,Kyle Monangai,12534,RB,11,Bishop_Nobs,Likely Baked,3,auction_sale,,,,193,122,146,0.8287671232876712,11,3,9,78,25,25,53,34,787.0,23.15,184,RB60,2025-09-05,1.0,3.57,4.54,0.57,0.57,True,"2023,2024"
bishop_sycamore,2025,1256493132464260096,193,193,Tyler Bass,7042,K,12,Bishop_Cosey,Jcoz15,1,auction_sale,,,,194,123,146,0.8356164383561644,4,1,4,75,24,24,51,7,14.0,2.0,233,K11,2025-09-05,1.0,2.11,4.0,1.11,1.11,True,"2023,2024"
bishop_sycamore,2025,1256493132464260096,194,194,DJ Giddens,12471,RB,10,Bishop_Brandon,Lol Fuck This Sport,5,auction_sale,,,,195,124,146,0.8424657534246576,15,4,12,74,23,23,51,35,790.0,22.57,209,RB65,2025-09-05,1.0,3.3,4.54,-1.7,1.7,False,"2023,2024"
bishop_sycamore,2025,1256493132464260096,195,195,Quentin Johnston,9754,WR,10,Bishop_Brandon,Lol Fuck This Sport,8,auction_sale,,,,196,125,146,0.8493150684931506,10,3,8,69,22,22,47,41,924.0,22.54,175,WR69,2025-09-05,1.0,2.78,4.47,-5.22,5.22,False,"2023,2024"
bishop_sycamore,2025,1256493132464260096,196,196,Minnesota Vikings,MIN,DEF,4,Bishop_Seth,Protostars,1,auction_sale,,,,197,126,146,0.8561643835616438,7,1,7,61,21,21,40,6,24.0,4.0,185,DST5,2025-09-05,1.0,2.78,5.48,1.78,1.78,True,"2023,2024"
bishop_sycamore,2025,1256493132464260096,197,197,Kendre Miller,9757,RB,11,Bishop_Nobs,Likely Baked,7,auction_sale,,,,198,127,146,0.863013698630137,8,2,7,60,20,20,40,36,795.0,22.08,208,RB64,2025-09-05,1.0,3.34,4.54,-3.66,3.66,False,"2023,2024"
bishop_sycamore,2025,1256493132464260096,198,198,Tory Horton,12497,WR,7,Bishop_Ernest,No knees and a dream,3,auction_sale,,,,199,128,146,0.8698630136986302,8,3,6,53,19,19,34,42,932.0,22.19,240,WR84,2025-09-05,1.0,2.3,2.62,-0.7,0.7,False,"2023,2024"
bishop_sycamore,2025,1256493132464260096,199,199,Jalen Milroe,12510,QB,10,Bishop_Brandon,Lol Fuck This Sport,1,auction_sale,,,,200,129,146,0.8767123287671232,2,2,1,50,18,18,32,18,290.0,16.11,346,QB37,2025-09-05,1.0,1.0,1.0,0.0,0.0,True,"2023,2024"
bishop_sycamore,2025,1256493132464260096,200,200,Pat Freiermuth,7600,TE,6,Bishop_Jaylen,The Fighting Jaylen‚Äôs,1,auction_sale,,,,201,130,146,0.8835616438356164,5,5,1,49,17,17,32,15,168.0,11.2,201,TE26,2025-09-05,1.0,1.0,1.0,0.0,0.0,True,"2023,2024"
bishop_sycamore,2025,1256493132464260096,201,201,Savion Williams,12482,WR,5,Bishop_Zach,Tally,1,auction_sale,,,,202,131,146,0.8904109589041096,8,1,8,48,16,16,32,43,935.0,21.74,371,WR131,2025-09-05,1.0,2.34,5.02,1.34,1.34,True,"2023,2024"
bishop_sycamore,2025,1256493132464260096,202,202,Las Vegas Raiders,LV,DEF,11,Bishop_Nobs,Likely Baked,1,auction_sale,,,,203,132,146,0.8972602739726028,1,1,1,47,15,15,32,7,25.0,3.57,419,DST30,2025-09-05,1.0,1.0,1.0,0.0,0.0,True,"2023,2024"
bishop_sycamore,2025,1256493132464260096,203,203,Jake Bates,11539,K,9,Bishop_Pete,LIGMA,1,auction_sale,,,,204,133,146,0.9041095890410958,2,2,1,46,14,14,32,8,15.0,1.88,203,K3,2025-09-05,1.0,1.0,1.0,0.0,0.0,True,"2023,2024"
bishop_sycamore,2025,1256493132464260096,204,204,DeAndre Hopkins,1426,WR,2,Bishop_Troy,Redneck cop,1,auction_sale,,,,205,134,146,0.910958904109589,3,3,1,45,13,13,32,44,936.0,21.27,191,WR72,2025-09-05,1.0,1.0,1.0,0.0,0.0,True,"2023,2024"
bishop_sycamore,2025,1256493132464260096,205,205,Justice Hill,5995,RB,3,Bishop_Fritz,Time to Throw a Dart-y,1,auction_sale,,,,206,135,146,0.9178082191780822,2,2,1,44,12,12,32,37,802.0,21.68,195,RB61,2025-09-05,1.0,1.0,1.0,0.0,0.0,True,"2023,2024"
bishop_sycamore,2025,1256493132464260096,206,206,Houston Texans,HOU,DEF,7,Bishop_Ernest,No knees and a dream,1,auction_sale,,,,207,136,146,0.9246575342465754,5,2,4,43,11,11,32,8,26.0,3.25,186,DST6,2025-09-05,1.0,2.13,2.8,1.13,1.13,True,"2023,2024"
bishop_sycamore,2025,1256493132464260096,207,207,Tyler Loop,12711,K,10,Bishop_Brandon,Lol Fuck This Sport,1,auction_sale,,,,208,137,146,0.9315068493150684,1,1,1,42,10,10,32,9,16.0,1.78,284,K15,2025-09-05,1.0,1.0,1.0,0.0,0.0,True,"2023,2024"
bishop_sycamore,2025,1256493132464260096,208,208,Chase McLaughlin,6650,K,3,Bishop_Fritz,Time to Throw a Dart-y,1,auction_sale,,,,209,138,146,0.9383561643835616,1,1,1,41,9,9,32,10,17.0,1.7,215,K5,2025-09-05,1.0,1.0,1.0,0.0,0.0,True,"2023,2024"
bishop_sycamore,2025,1256493132464260096,209,209,AJ Dillon,6828,RB,9,Bishop_Pete,LIGMA,1,auction_sale,,,,210,139,146,0.9452054794520548,1,1,1,40,8,8,32,38,803.0,21.13,321,RB96,2025-09-05,1.0,1.0,1.0,0.0,0.0,True,"2023,2024"
bishop_sycamore,2025,1256493132464260096,210,210,Tyler Lockett,2374,WR,2,Bishop_Troy,Redneck cop,1,auction_sale,,,,211,140,146,0.952054794520548,2,2,1,39,7,7,32,45,937.0,20.82,239,WR83,2025-09-05,1.0,1.0,1.0,0.0,0.0,True,"2023,2024"
bishop_sycamore,2025,1256493132464260096,211,211,Elijah Arroyo,12521,TE,7,Bishop_Ernest,No knees and a dream,1,auction_sale,,,,212,141,146,0.958904109589041,4,1,4,38,6,6,32,16,169.0,10.56,234,TE30,2025-09-05,1.0,2.14,4.0,1.14,1.14,True,"2023,2024"
bishop_sycamore,2025,1256493132464260096,212,212,Ka'imi Fairbairn,3451,K,6,Bishop_Jaylen,The Fighting Jaylen‚Äôs,1,auction_sale,,,,213,142,146,0.9657534246575342,4,4,1,37,5,5,32,11,18.0,1.64,216,K6,2025-09-05,1.0,1.0,1.0,0.0,0.0,True,"2023,2024"
bishop_sycamore,2025,1256493132464260096,213,213,Alec Pierce,8142,WR,2,Bishop_Troy,Redneck cop,1,auction_sale,,,,214,143,146,0.9726027397260274,1,1,1,36,4,4,32,46,938.0,20.39,199,WR75,2025-09-05,1.0,1.0,1.0,0.0,0.0,True,"2023,2024"
bishop_sycamore,2025,1256493132464260096,214,214,Mason Taylor,12498,TE,6,Bishop_Jaylen,The Fighting Jaylen‚Äôs,1,auction_sale,,,,215,144,146,0.9794520547945206,3,3,1,35,3,3,32,17,170.0,10.0,187,TE24,2025-09-05,1.0,1.0,1.0,0.0,0.0,True,"2023,2024"
bishop_sycamore,2025,1256493132464260096,215,215,Troy Franklin,11627,WR,6,Bishop_Jaylen,The Fighting Jaylen‚Äôs,1,auction_sale,,,,216,145,146,0.9863013698630136,2,2,1,34,2,2,32,47,939.0,19.98,296,WR103,2025-09-05,1.0,1.0,1.0,0.0,0.0,True,"2023,2024"
bishop_sycamore,2025,1256493132464260096,216,216,Jaylin Noel,12536,WR,6,Bishop_Jaylen,The Fighting Jaylen‚Äôs,1,auction_sale,,,,217,146,146,0.9931506849315068,1,1,1,33,1,1,32,48,940.0,19.58,227,WR79,2025-09-05,1.0,1.0,1.0,0.0,0.0,True,"2023,2024"
gdfm,2026,manual::manual_gdpfm_2026::2026,1,1,Kyle Pitts,7553,TE,10,team_10,Mike C.,32,auction_sale,45.15609703313461,14.0,App modeled market value: 45.15609703313461; app do-not-exceed: 14; recorded at: 2026-08-30 00:34:12; source: manual. Entered in GDFM app live draft; nominating manager was not recorded,650,1,144,0.0,240,12,229,2578,144,144,2434,0,0.0,0.0,84,TE8,2026-08-30,1.0,33.27,53.38,1.27,1.27,True,"2023,2024,2025"
gdfm,2026,manual::manual_gdpfm_2026::2026,2,2,Jaylen Warren,8228,RB,3,team_3,Troy L.,34,auction_sale,48.17491958706976,45.0,App modeled market value: 48.17491958706976; app do-not-exceed: 45; recorded at: 2026-08-30 00:35:56; source: manual. Entered in GDFM app live draft; nominating manager was not recorded,651,2,144,0.006944444444444444,215,12,204,2546,143,143,2403,0,0.0,0.0,72,RB28,2026-08-30,1.0,42.03,60.09,8.03,8.03,True,"2023,2024,2025"
gdfm,2026,manual::manual_gdpfm_2026::2026,3,3,Mike Evans,2216,WR,5,team_5,Stephen M.,33,auction_sale,45.33892557743834,31.0,App modeled market value: 45.33892557743834; app do-not-exceed: 31; recorded at: 2026-08-30 00:37:44; source: manual. Entered in GDFM app live draft; nominating manager was not recorded,652,3,144,0.013888888888888888,185,12,174,2512,142,142,2370,0,0.0,0.0,60,WR29,2026-08-30,1.0,50.11,71.93,17.11,17.11,True,"2023,2024,2025"
gdfm,2026,manual::manual_gdpfm_2026::2026,4,4,Garrett Wilson,8146,WR,11,team_11,Tara C.,74,auction_sale,128.1596885656872,105.0,App modeled market value: 128.1596885656872; app do-not-exceed: 105; recorded at: 2026-08-30 00:40:33; source: manual. Entered in GDFM app live draft; nominating manager was not recorded,653,4,144,0.020833333333333332,268,12,257,2479,141,141,2338,1,33.0,33.0,37,WR19,2026-08-30,1.0,57.73,84.45,-16.27,16.27,True,"2023,2024,2025"
gdfm,2026,manual::manual_gdpfm_2026::2026,5,5,DK Metcalf,5846,WR,12,team_12,Ernest C.,16,auction_sale,39.99693848490924,43.0,App modeled market value: 39.99693848490924; app do-not-exceed: 43; recorded at: 2026-08-30 00:42:20; source: manual. Entered in GDFM app live draft; nominating manager was not recorded,654,5,144,0.027777777777777776,279,12,268,2405,140,140,2265,2,107.0,53.5,78,WR34,2026-08-30,1.0,47.77,54.76,31.77,31.77,True,"2023,2024,2025"
gdfm,2026,manual::manual_gdpfm_2026::2026,6,6,Davante Adams,2133,WR,7,team_7,Mike S.,90,auction_sale,74.0726133672109,61.0,App modeled market value: 74.0726133672109; app do-not-exceed: 61; recorded at: 2026-08-30 00:44:37; source: manual. Entered in GDFM app live draft; nominating manager was not recorded,655,6,144,0.034722222222222224,292,12,281,2389,139,139,2250,3,123.0,41.0,48,WR23,2026-08-30,1.0,57.73,72.59,-32.27,32.27,False,"2023,2024,2025"
gdfm,2026,manual::manual_gdpfm_2026::2026,7,7,Stefon Diggs,2449,WR,5,team_5,Stephen M.,31,auction_sale,1.0,1.0,App modeled market value: 1.0; app do-not-exceed: 1; recorded at: 2026-08-30 00:47:48; source: manual. Entered in GDFM app live draft; nominating manager was not recorded,656,7,144,0.041666666666666664,152,11,142,2299,138,138,2161,4,213.0,53.25,101,WR43,2026-08-30,1.0,30.61,41.96,-0.39,0.39,True,"2023,2024,2025"
gdfm,2026,manual::manual_gdpfm_2026::2026,8,8,Dalton Kincaid,10236,TE,7,team_7,Mike S.,23,auction_sale,12.762803810107341,12.0,App modeled market value: 12.762803810107341; app do-not-exceed: 12; recorded at: 2026-08-30 00:49:16; source: manual. Entered in GDFM app live draft; nominating manager was not recorded,657,8,144,0.04861111111111111,202,11,192,2268,137,137,2131,1,32.0,32.0,112,TE11,2026-08-30,1.0,28.35,40.85,5.35,5.35,True,"2023,2024,2025"
gdfm,2026,manual::manual_gdpfm_2026::2026,9,9,Josh Allen,4984,QB,9,team_9,Allen S.,123,auction_sale,180.04686227204718,177.0,App modeled market value: 180.04686227204718; app do-not-exceed: 177; recorded at: 2026-08-30 00:52:23; source: manual. Entered in GDFM app live draft; nominating manager was not recorded,658,9,144,0.05555555555555555,339,12,328,2245,136,136,2109,0,0.0,0.0,27,QB1,2026-08-30,1.0,52.19,77.65,-70.81,70.81,False,"2023,2024,2025"
gdfm,2026,manual::manual_gdpfm_2026::2026,10,10,Houston Texans,HOU,DEF,12,team_12,Ernest C.,9,auction_sale,1.1161784543781954,1.0,App modeled market value: 1.1161784543781954; app do-not-exceed: 1; recorded at: 2026-08-30 00:55:18; source: manual. Entered in GDFM app live draft; nominating manager was not recorded,659,10,144,0.0625,263,11,253,2122,135,135,1987,0,0.0,0.0,185,DST1,2026-08-30,1.0,23.93,31.38,14.93,14.93,True,"2023,2024,2025"
gdfm,2026,manual::manual_gdpfm_2026::2026,11,11,Joe Burrow,6770,QB,1,team_1,Brandon C.,75,auction_sale,57.9683673170443,57.0,App modeled market value: 57.9683673170443; app do-not-exceed: 57; recorded at: 2026-08-30 00:57:09; source: manual. Entered in GDFM app live draft; nominating manager was not recorded,660,11,144,0.06944444444444445,131,12,120,2113,134,134,1979,1,123.0,123.0,50,QB4,2026-08-30,1.0,55.06,71.53,-19.94,19.94,False,"2023,2024,2025"
gdfm,2026,manual::manual_gdpfm_2026::2026,12,12,Jalen Hurts,6904,QB,8,team_8,Steve S.,50,auction_sale,76.44862948485398,81.0,App modeled market value: 76.44862948485398; app do-not-exceed: 81; recorded at: 2026-08-30 00:59:01; source: manual. Entered in GDFM app live draft; nominating manager was not recorded,661,12,144,0.0763888888888889,180,12,169,2038,133,133,1905,2,198.0,99.0,62,QB6,2026-08-30,1.0,50.72,71.53,0.72,0.72,True,"2023,2024,2025"
gdfm,2026,manual::manual_gdpfm_2026::2026,13,13,Courtland Sutton,5045,WR,12,team_12,Ernest C.,35,auction_sale,37.67903537395909,42.0,App modeled market value: 37.67903537395909; app do-not-exceed: 42; recorded at: 2026-08-30 01:03:32; source: manual. Entered in GDFM app live draft; nominating manager was not recorded,662,13,144,0.08333333333333333,254,10,245,1988,132,132,1856,5,244.0,48.8,85,WR36,2026-08-30,1.0,41.93,54.42,6.93,6.93,True,"2023,2024,2025"
gdfm,2026,manual::manual_gdpfm_2026::2026,14,14,D'Andre Swift,6790,RB,12,team_12,Ernest C.,55,auction_sale,109.59265807150504,96.0,App modeled market value: 109.59265807150504; app do-not-exceed: 96; recorded at: 2026-08-30 01:06:01; source: manual. Entered in GDFM app live draft; nominating manager was not recorded,663,14,144,0.09027777777777778,219,9,211,1953,131,131,1822,1,34.0,34.0,46,RB19,2026-08-30,1.0,56.07,76.08,1.07,1.07,True,"2023,2024,2025"
gdfm,2026,manual::manual_gdpfm_2026::2026,15,15,Marvin Harrison,11628,WR,5,team_5,Stephen M.,60,auction_sale,60.01803925344384,49.0,App modeled market value: 60.01803925344384; app do-not-exceed: 49; recorded at: 2026-08-30 01:08:17; source: manual. Entered in GDFM app live draft; nominating manager was not recorded,664,15,144,0.09722222222222222,121,10,112,1898,130,130,1768,6,279.0,46.5,70,WR31,2026-08-30,1.0,46.8,58.1,-13.2,13.2,False,"2023,2024,2025"
gdfm,2026,manual::manual_gdpfm_2026::2026,16,16,Drake Maye,11564,QB,11,team_11,Tara C.,46,auction_sale,106.60297604482614,100.0,App modeled market value: 106.60297604482614; app do-not-exceed: 100; recorded at: 2026-08-30 01:09:33; source: manual. Entered in GDFM app live draft; nominating manager was not recorded,665,16,144,0.10416666666666667,194,11,184,1838,129,129,1709,3,248.0,82.67,45,QB3,2026-08-30,1.0,55.06,72.4,9.06,9.06,True,"2023,2024,2025"
gdfm,2026,manual::manual_gdpfm_2026::2026,17,17,Lamar Jackson,4881,QB,12,team_12,Ernest C.,60,auction_sale,110.34582353459075,114.0,App modeled market value: 110.34582353459075; app do-not-exceed: 114; recorded at: 2026-08-30 01:11:20; source: manual. Entered in GDFM app live draft; nominating manager was not recorded,666,17,144,0.1111111111111111,164,8,157,1792,128,128,1664,4,294.0,73.5,39,QB2,2026-08-30,1.0,53.14,83.8,-6.86,6.86,True,"2023,2024,2025"
gdfm,2026,manual::manual_gdpfm_2026::2026,18,18,George Kittle,4217,TE,8,team_8,Steve S.,50,auction_sale,38.361283830536124,28.0,App modeled market value: 38.361283830536124; app do-not-exceed: 28; recorded at: 2026-08-30 01:14:01; source: manual. Entered in GDFM app live draft; nominating manager was not recorded,667,18,144,0.11805555555555555,130,11,120,1732,127,127,1605,2,55.0,27.5,92,TE9,2026-08-30,1.0,26.56,41.23,-23.44,23.44,False,"2023,2024,2025"
gdfm,2026,manual::manual_gdpfm_2026::2026,19,19,Sam LaPorta,10859,TE,1,team_1,Brandon C.,15,auction_sale,59.73222872122012,53.0,App modeled market value: 59.73222872122012; app do-not-exceed: 53; recorded at: 2026-08-30 01:16:27; source: manual. Entered in GDFM app live draft; nominating manager was not recorded,668,19,144,0.125,56,11,46,1682,126,126,1556,3,105.0,35.0,83,TE7,2026-08-30,1.0,28.75,40.75,13.75,13.75,True,"2023,2024,2025"
gdfm,2026,manual::manual_gdpfm_2026::2026,20,20,Khalil Shakir,8134,WR,11,team_11,Tara C.,19,auction_sale,1.435190503956966,1.0,App modeled market value: 1.435190503956966; app do-not-exceed: 1; recorded at: 2026-08-30 01:17:31; source: manual. Entered in GDFM app live draft; nominating manager was not recorded,669,20,144,0.13194444444444445,148,10,139,1667,125,125,1542,7,339.0,48.43,132,WR53,2026-08-30,1.0,28.79,33.15,9.79,9.79,True,"2023,2024,2025"
gdfm,2026,manual::manual_gdpfm_2026::2026,21,21,Alvin Kamara,4035,RB,1,team_1,Brandon C.,32,auction_sale,1.0934118044126646,1.0,App modeled market value: 1.0934118044126646; app do-not-exceed: 1; recorded at: 2026-08-30 01:19:16; source: manual. Entered in GDFM app live draft; nominating manager was not recorded,670,21,144,0.1388888888888889,41,10,32,1648,124,124,1524,2,89.0,44.5,150,RB53,2026-08-30,1.0,14.45,24.85,-17.55,17.55,False,"2023,2024,2025"
gdfm,2026,manual::manual_gdpfm_2026::2026,22,22,Terry McLaurin,5927,WR,9,team_9,Allen S.,69,auction_sale,79.30568288949418,79.0,App modeled market value: 79.30568288949418; app do-not-exceed: 79; recorded at: 2026-08-30 01:21:03; source: manual. Entered in GDFM app live draft; nominating manager was not recorded,671,22,144,0.14583333333333334,216,11,206,1616,123,123,1493,8,358.0,44.75,47,WR22,2026-08-30,1.0,55.14,71.1,-13.86,13.86,True,"2023,2024,2025"
gdfm,2026,manual::manual_gdpfm_2026::2026,23,23,Jayden Daniels,11566,QB,10,team_10,Mike C.,40,auction_sale,95.56294481130146,115.0,App modeled market value: 95.56294481130146; app do-not-exceed: 115; recorded at: 2026-08-30 01:22:36; source: manual. Entered in GDFM app live draft; nominating manager was not recorded,672,23,144,0.1527777777777778,208,11,198,1547,122,122,1425,5,354.0,70.8,61,QB5,2026-08-30,1.0,55.06,67.82,15.06,15.06,True,"2023,2024,2025"
gdfm,2026,manual::manual_gdpfm_2026::2026,24,24,Patrick Mahomes,4046,QB,5,team_5,Stephen M.,31,auction_sale,45.23618572434268,48.0,App modeled market value: 45.23618572434268; app do-not-exceed: 48; recorded at: 2026-08-30 01:24:53; source: manual. Entered in GDFM app live draft; nominating manager was not recorded,673,24,144,0.1597222222222222,61,9,53,1507,121,121,1386,6,394.0,65.67,103,QB14,2026-08-30,1.0,19.52,33.11,-11.48,11.48,True,"2023,2024,2025"
gdfm,2026,manual::manual_gdpfm_2026::2026,25,25,Kenny Gainwell,7567,RB,2,team_2,Jaylen H.,14,auction_sale,7.596491044534182,7.0,App modeled market value: 7.596491044534182; app do-not-exceed: 7; recorded at: 2026-08-30 01:27:43; source: manual. Entered in GDFM app live draft; nominating manager was not recorded,674,25,144,0.16666666666666666,204,12,193,1476,120,120,1356,3,121.0,40.33,104,RB38,2026-08-30,1.0,29.82,43.19,15.82,15.82,True,"2023,2024,2025"
gdfm,2026,manual::manual_gdpfm_2026::2026,26,26,J.K. Dobbins,6806,RB,11,team_11,Tara C.,37,auction_sale,39.38861632461007,36.0,App modeled market value: 39.38861632461007; app do-not-exceed: 36; recorded at: 2026-08-30 01:29:43; source: manual. Entered in GDFM app live draft; nominating manager was not recorded,675,26,144,0.1736111111111111,129,9,121,1462,119,119,1343,4,135.0,33.75,87,RB32,2026-08-30,1.0,35.59,51.11,-1.41,1.41,True,"2023,2024,2025"
gdfm,2026,manual::manual_gdpfm_2026::2026,27,27,Rico Dowdle,7021,RB,12,team_12,Ernest C.,30,auction_sale,37.68991188074614,37.0,App modeled market value: 37.68991188074614; app do-not-exceed: 37; recorded at: 2026-08-30 01:33:35; source: manual. Entered in GDFM app live draft; nominating manager was not recorded,676,27,144,0.18055555555555555,104,7,98,1425,118,118,1307,5,172.0,34.4,81,RB31,2026-08-30,1.0,30.04,51.11,0.04,0.04,True,"2023,2024,2025"
gdfm,2026,manual::manual_gdpfm_2026::2026,28,28,Jameson Williams,8148,WR,3,team_3,Troy L.,80,auction_sale,119.44557081657294,121.0,App modeled market value: 119.44557081657294; app do-not-exceed: 121; recorded at: 2026-08-30 01:35:24; source: manual. Entered in GDFM app live draft; nominating manager was not recorded,677,28,144,0.1875,181,11,171,1395,117,117,1278,9,427.0,47.44,51,WR25,2026-08-30,1.0,55.14,67.41,-24.86,24.86,False,"2023,2024,2025"
gdfm,2026,manual::manual_gdpfm_2026::2026,29,29,Dallas Goedert,5022,TE,11,team_11,Tara C.,12,auction_sale,21.744685156855084,21.0,App modeled market value: 21.744685156855084; app do-not-exceed: 21; recorded at: 2026-08-30 01:36:49; source: manual. Entered in GDFM app live draft; nominating manager was not recorded,678,29,144,0.19444444444444445,92,8,85,1315,116,116,1199,4,120.0,30.0,116,TE12,2026-08-30,1.0,17.46,33.63,5.46,5.46,True,"2023,2024,2025"
gdfm,2026,manual::manual_gdpfm_2026::2026,30,30,Brandon Aubrey,11533,K,5,team_5,Stephen M.,7,auction_sale,1.1657580158922363,1.0,App modeled market value: 1.1657580158922363; app do-not-exceed: 1; recorded at: 2026-08-30 01:39:27; source: manual. Entered in GDFM app live draft; nominating manager was not recorded,679,30,144,0.2013888888888889,30,8,23,1303,115,115,1188,0,0.0,0.0,202,K1,2026-08-30,1.0,8.07,11.28,1.07,1.07,True,"2023,2024,2025"
gdfm,2026,manual::manual_gdpfm_2026::2026,31,31,Derrick Henry,3198,RB,10,team_10,Mike C.,151,auction_sale,247.05106175810107,95.0,App modeled market value: 247.05106175810107; app do-not-exceed: 95; recorded at: 2026-08-30 01:42:24; source: manual. Entered in GDFM app live draft; nominating manager was not recorded,680,31,144,0.20833333333333334,168,10,159,1296,114,114,1182,6,202.0,33.67,21,RB11,2026-08-30,1.0,54.36,81.92,-96.64,96.64,False,"2023,2024,2025"
gdfm,2026,manual::manual_gdpfm_2026::2026,32,32,Mark Andrews,5012,TE,2,team_2,Jaylen H.,20,auction_sale,5.522374336118709,5.0,App modeled market value: 5.522374336118709; app do-not-exceed: 5; recorded at: 2026-08-30 01:44:21; source: manual. Entered in GDFM app live draft; nominating manager was not recorded,681,32,144,0.2152777777777778,190,11,180,1145,113,113,1032,5,132.0,26.4,127,TE15,2026-08-30,1.0,24.36,32.41,4.36,4.36,True,"2023,2024,2025"
gdfm,2026,manual::manual_gdpfm_2026::2026,33,33,Aaron Jones,4199,RB,10,team_10,Mike C.,9,auction_sale,1.0841273733691452,1.0,App modeled market value: 1.0841273733691452; app do-not-exceed: 1; recorded at: 2026-08-30 01:46:41; source: manual. Entered in GDFM app live draft; nominating manager was not recorded,682,33,144,0.2222222222222222,17,9,9,1125,112,112,1013,7,353.0,50.43,115,RB41,2026-08-30,1.0,7.68,9.0,-1.32,1.32,True,"2023,2024,2025"
gdfm,2026,manual::manual_gdpfm_2026::2026,34,34,David Montgomery,5892,RB,2,team_2,Jaylen H.,75,auction_sale,91.34198766118,83.0,App modeled market value: 91.34198766118; app do-not-exceed: 83; recorded at: 2026-08-30 01:48:04; source: manual. Entered in GDFM app live draft; nominating manager was not recorded,683,34,144,0.22916666666666666,170,10,161,1116,111,111,1005,8,362.0,45.25,58,RB23,2026-08-30,1.0,55.41,70.43,-19.59,19.59,False,"2023,2024,2025"
gdfm,2026,manual::manual_gdpfm_2026::2026,35,35,Dak Prescott,3294,QB,4,team_4,Ryan M.,16,auction_sale,27.82726075678079,16.0,App modeled market value: 27.82726075678079; app do-not-exceed: 16; recorded at: 2026-08-30 01:49:23; source: manual. Entered in GDFM app live draft; nominating manager was not recorded,684,35,144,0.2361111111111111,105,12,94,1041,110,110,931,7,425.0,60.71,77,QB10,2026-08-30,1.0,39.54,50.2,23.54,23.54,True,"2023,2024,2025"
gdfm,2026,manual::manual_gdpfm_2026::2026,36,36,Rashid Shaheed,8676,WR,11,team_11,Tara C.,12,auction_sale,1.1266391568422356,1.0,App modeled market value: 1.1266391568422356; app do-not-exceed: 1; recorded at: 2026-08-30 01:50:48; source: manual. Entered in GDFM app live draft; nominating manager was not recorded,685,36,144,0.24305555555555555,80,7,74,1025,109,109,916,10,507.0,50.7,138,WR55,2026-08-30,1.0,19.69,24.43,7.69,7.69,True,"2023,2024,2025"
gdfm,2026,manual::manual_gdpfm_2026::2026,37,37,Tre Tucker,10213,WR,12,team_12,Ernest C.,18,auction_sale,1.128950971160771,1.0,App modeled market value: 1.128950971160771; app do-not-exceed: 1; recorded at: 2026-08-30 01:53:33; source: manual. Entered in GDFM app live draft; nominating manager was not recorded,686,37,144,0.25,74,6,69,1013,108,108,905,11,519.0,47.18,157,WR58,2026-08-30,1.0,16.91,24.09,-1.09,1.09,True,"2023,2024,2025"
gdfm,2026,manual::manual_gdpfm_2026::2026,38,38,Jerry Jeudy,6783,WR,3,team_3,Troy L.,6,auction_sale,1.136085513751885,1.0,App modeled market value: 1.136085513751885; app do-not-exceed: 1; recorded at: 2026-08-30 01:54:32; source: manual. Entered in GDFM app live draft; nominating manager was not recorded,687,38,144,0.2569444444444444,101,10,92,995,107,107,888,12,537.0,44.75,165,WR63,2026-08-30,1.0,18.83,32.21,12.83,12.83,True,"2023,2024,2025"
gdfm,2026,manual::manual_gdpfm_2026::2026,39,39,Jake Ferguson,8110,TE,4,team_4,Ryan M.,8,auction_sale,1.1176035528871335,1.0,App modeled market value: 1.1176035528871335; app do-not-exceed: 1; recorded at: 2026-08-30 01:56:11; source: manual. Entered in GDFM app live draft; nominating manager was not recorded,688,39,144,0.2638888888888889,89,11,79,989,106,106,883,6,152.0,25.33,121,TE14,2026-08-30,1.0,16.58,24.35,8.58,8.58,True,"2023,2024,2025"
gdfm,2026,manual::manual_gdpfm_2026::2026,40,40,Jacory Croskey-Merritt,12533,RB,2,team_2,Jaylen H.,22,auction_sale,1.0744717666471912,1.0,App modeled market value: 1.0744717666471912; app do-not-exceed: 1; recorded at: 2026-08-30 01:57:47; source: manual. Entered in GDFM app live draft; nominating manager was not recorded,689,40,144,0.2708333333333333,95,9,87,981,105,105,876,9,437.0,48.56,100,RB36,2026-08-30,1.0,21.77,40.55,-0.23,0.23,True,"2023,2024,2025"
gdfm,2026,manual::manual_gdpfm_2026::2026,41,41,Tyler Loop,12711,K,11,team_11,Tara C.,1,auction_sale,1.2886852713678814,1.0,App modeled market value: 1.2886852713678814; app do-not-exceed: 1; recorded at: 2026-08-30 02:01:28; source: manual. Entered in GDFM app live draft; nominating manager was not recorded,690,41,144,0.2777777777777778,68,6,63,959,104,104,855,1,7.0,7.0,223,K6,2026-08-30,1.0,10.02,21.05,9.02,9.02,True,"2023,2024,2025"
gdfm,2026,manual::manual_gdpfm_2026::2026,42,42,Brenton Strange,9480,TE,8,team_8,Steve S.,10,auction_sale,1.1229700280359347,1.0,App modeled market value: 1.1229700280359347; app do-not-exceed: 1; recorded at: 2026-08-30 02:03:04; source: manual. Entered in GDFM app live draft; nominating manager was not recorded,691,42,144,0.2847222222222222,80,10,71,958,103,103,855,7,160.0,22.86,156,TE20,2026-08-30,1.0,13.79,23.33,3.79,3.79,True,"2023,2024,2025"
gdfm,2026,manual::manual_gdpfm_2026::2026,43,43,Caleb Williams,11560,QB,3,team_3,Troy L.,28,auction_sale,52.515750309103474,58.0,App modeled market value: 52.515750309103474; app do-not-exceed: 58; recorded at: 2026-08-30 02:05:08; source: manual. Entered in GDFM app live draft; nominating manager was not recorded,692,43,144,0.2916666666666667,95,9,87,948,102,102,846,8,441.0,55.12,67,QB7,2026-08-30,1.0,41.61,57.89,13.61,13.61,True,"2023,2024,2025"
gdfm,2026,manual::manual_gdpfm_2026::2026,44,44,Jordan Mason,8408,RB,8,team_8,Steve S.,36,auction_sale,1.0785981104771554,1.0,App modeled market value: 1.0785981104771554; app do-not-exceed: 1; recorded at: 2026-08-30 02:06:51; source: manual. Entered in GDFM app live draft; nominating manager was not recorded,693,44,144,0.2986111111111111,70,9,62,920,101,101,819,10,459.0,45.9,102,RB37,2026-08-30,1.0,21.77,32.25,-14.23,14.23,False,"2023,2024,2025"
gdfm,2026,manual::manual_gdpfm_2026::2026,45,45,Travis Kelce,1466,TE,11,team_11,Tara C.,17,auction_sale,22.533513589290347,21.0,App modeled market value: 22.533513589290347; app do-not-exceed: 21; recorded at: 2026-08-30 02:08:47; source: manual. Entered in GDFM app live draft; nominating manager was not recorded,694,45,144,0.3055555555555556,67,5,63,884,100,100,784,8,170.0,21.25,105,TE10,2026-08-30,1.0,16.48,26.56,-0.52,0.52,True,"2023,2024,2025"
gdfm,2026,manual::manual_gdpfm_2026::2026,46,46,Rachaad White,8136,RB,4,team_4,Ryan M.,2,auction_sale,1.0922464234154863,1.0,App modeled market value: 1.0922464234154863; app do-not-exceed: 1; recorded at: 2026-08-30 02:10:02; source: manual. Entered in GDFM app live draft; nominating manager was not recorded,695,46,144,0.3125,81,10,72,867,99,99,768,11,495.0,45.0,114,RB40,2026-08-30,1.0,23.69,34.52,21.69,21.69,True,"2023,2024,2025"
gdfm,2026,manual::manual_gdpfm_2026::2026,47,47,Denver Broncos,DEN,DEF,3,team_3,Troy L.,2,auction_sale,1.276422312357983,1.0,App modeled market value: 1.276422312357983; app do-not-exceed: 1; recorded at: 2026-08-30 02:11:53; source: manual. Entered in GDFM app live draft; nominating manager was not recorded,696,47,144,0.3194444444444444,67,8,60,865,98,98,767,1,9.0,9.0,190,DST2,2026-08-30,1.0,10.09,19.24,8.09,8.09,True,"2023,2024,2025"
gdfm,2026,manual::manual_gdpfm_2026::2026,48,48,Jakobi Meyers,5947,WR,9,team_9,Allen S.,15,auction_sale,1.1232501134686947,1.0,App modeled market value: 1.1232501134686947; app do-not-exceed: 1; recorded at: 2026-08-30 02:12:49; source: manual. Entered in GDFM app live draft; nominating manager was not recorded,697,48,144,0.3263888888888889,147,10,138,863,97,97,766,13,543.0,41.77,113,WR47,2026-08-30,1.0,30.15,37.8,15.15,15.15,True,"2023,2024,2025"
gdfm,2026,manual::manual_gdpfm_2026::2026,49,49,Jalen Coker,11646,WR,6,team_6,Justin S.,26,auction_sale,1.1290838382722306,1.0,App modeled market value: 1.1290838382722306; app do-not-exceed: 1; recorded at: 2026-08-30 02:18:54; source: manual. Entered in GDFM app live draft; nominating manager was not recorded,698,49,144,0.3333333333333333,140,12,129,848,96,96,752,14,558.0,39.86,128,WR52,2026-08-30,1.0,27.74,31.02,1.74,1.74,True,"2023,2024,2025"
gdfm,2026,manual::manual_gdpfm_2026::2026,50,50,Justin Herbert,6797,QB,2,team_2,Jaylen H.,21,auction_sale,42.55988011815305,41.0,App modeled market value: 42.55988011815305; app do-not-exceed: 41; recorded at: 2026-08-30 02:20:11; source: manual. Entered in GDFM app live draft; nominating manager was not recorded,699,50,144,0.3402777777777778,73,8,66,822,95,95,727,9,469.0,52.11,71,QB8,2026-08-30,1.0,31.34,36.14,10.34,10.34,True,"2023,2024,2025"
gdfm,2026,manual::manual_gdpfm_2026::2026,51,51,Baker Mayfield,4892,QB,6,team_6,Justin S.,10,auction_sale,1.0454533938978983,1.0,App modeled market value: 1.0454533938978983; app do-not-exceed: 1; recorded at: 2026-08-30 02:21:37; source: manual. Entered in GDFM app live draft; nominating manager was not recorded,700,51,144,0.3472222222222222,114,11,104,801,94,94,707,10,490.0,49.0,118,QB17,2026-08-30,1.0,23.27,28.85,13.27,13.27,True,"2023,2024,2025"
gdfm,2026,manual::manual_gdpfm_2026::2026,52,52,Jonathon Brooks,11583,RB,7,team_7,Mike S.,50,auction_sale,16.020757589151238,14.0,App modeled market value: 16.020757589151238; app do-not-exceed: 14; recorded at: 2026-08-30 02:23:16; source: manual. Entered in GDFM app live draft; nominating manager was not recorded,701,52,144,0.3541666666666667,179,10,170,791,93,93,698,12,497.0,41.42,80,RB30,2026-08-30,1.0,38.55,49.15,-11.45,11.45,False,"2023,2024,2025"
gdfm,2026,manual::manual_gdpfm_2026::2026,53,53,Josh Downs,9500,WR,7,team_7,Mike S.,21,auction_sale,1.1194280284867448,1.0,App modeled market value: 1.1194280284867448; app do-not-exceed: 1; recorded at: 2026-08-30 02:25:09; source: manual. Entered in GDFM app live draft; nominating manager was not recorded,702,53,144,0.3611111111111111,129,9,121,741,92,92,649,15,584.0,38.93,95,WR41,2026-08-30,1.0,27.64,37.8,6.64,6.64,True,"2023,2024,2025"
gdfm,2026,manual::manual_gdpfm_2026::2026,54,54,Trevor Lawrence,7523,QB,7,team_7,Mike S.,6,auction_sale,36.101439146986394,34.0,App modeled market value: 36.101439146986394; app do-not-exceed: 34; recorded at: 2026-08-30 02:26:40; source: manual. Entered in GDFM app live draft; nominating manager was not recorded,703,54,144,0.3680555555555556,108,8,101,720,91,91,629,11,500.0,45.45,76,QB9,2026-08-30,1.0,37.78,45.74,31.78,31.78,True,"2023,2024,2025"
gdfm,2026,manual::manual_gdpfm_2026::2026,55,55,Michael Pittman,6819,WR,6,team_6,Justin S.,20,auction_sale,11.671844264031177,11.0,App modeled market value: 11.671844264031177; app do-not-exceed: 11; recorded at: 2026-08-30 02:28:13; source: manual. Entered in GDFM app live draft; nominating manager was not recorded,704,55,144,0.375,104,10,95,714,90,90,624,16,605.0,37.81,88,WR38,2026-08-30,1.0,30.96,44.81,10.96,10.96,True,"2023,2024,2025"
gdfm,2026,manual::manual_gdpfm_2026::2026,56,56,Blake Corum,11586,RB,7,team_7,Mike S.,52,auction_sale,1.0729608664231896,1.0,App modeled market value: 1.0729608664231896; app do-not-exceed: 1; recorded at: 2026-08-30 02:30:06; source: manual. Entered in GDFM app live draft; nominating manager was not recorded,705,56,144,0.3819444444444444,102,7,96,694,89,89,605,13,547.0,42.08,90,RB33,2026-08-30,1.0,29.64,48.23,-22.36,22.36,False,"2023,2024,2025"
gdfm,2026,manual::manual_gdpfm_2026::2026,57,57,Brian Robinson,8154,RB,3,team_3,Troy L.,22,auction_sale,1.0897851925569082,1.0,App modeled market value: 1.0897851925569082; app do-not-exceed: 1; recorded at: 2026-08-30 02:31:43; source: manual. Entered in GDFM app live draft; nominating manager was not recorded,706,57,144,0.3888888888888889,65,7,59,642,88,88,554,14,599.0,42.79,151,RB54,2026-08-30,1.0,16.71,23.54,-5.29,5.29,True,"2023,2024,2025"
gdfm,2026,manual::manual_gdpfm_2026::2026,58,58,Wan'Dale Robinson,8126,WR,11,team_11,Tara C.,17,auction_sale,1.0999562003608052,1.0,App modeled market value: 1.0999562003608052; app do-not-exceed: 1; recorded at: 2026-08-30 02:33:32; source: manual. Entered in GDFM app live draft; nominating manager was not recorded,707,58,144,0.3958333333333333,50,4,47,620,87,87,533,17,625.0,36.76,99,WR42,2026-08-30,1.0,17.98,26.66,0.98,0.98,True,"2023,2024,2025"
gdfm,2026,manual::manual_gdpfm_2026::2026,59,59,Brock Purdy,8183,QB,11,team_11,Tara C.,7,auction_sale,23.66470074816599,23.0,App modeled market value: 23.66470074816599; app do-not-exceed: 23; recorded at: 2026-08-30 02:34:31; source: manual. Entered in GDFM app live draft; nominating manager was not recorded,708,59,144,0.4027777777777778,33,3,31,603,86,86,517,12,506.0,42.17,93,QB11,2026-08-30,1.0,13.69,22.66,6.69,6.69,True,"2023,2024,2025"
gdfm,2026,manual::manual_gdpfm_2026::2026,60,60,Jayden Reed,10222,WR,4,team_4,Ryan M.,12,auction_sale,1.1038259639778156,1.0,App modeled market value: 1.1038259639778156; app do-not-exceed: 1; recorded at: 2026-08-30 02:36:02; source: manual. Entered in GDFM app live draft; nominating manager was not recorded,709,60,144,0.4097222222222222,79,9,71,596,85,85,511,18,642.0,35.67,107,WR45,2026-08-30,1.0,20.46,27.29,8.46,8.46,True,"2023,2024,2025"
gdfm,2026,manual::manual_gdpfm_2026::2026,61,61,Deebo Samuel,5872,WR,11,team_11,Tara C.,25,auction_sale,1.1082497718192188,1.0,App modeled market value: 1.1082497718192188; app do-not-exceed: 1; recorded at: 2026-08-30 02:39:46; source: manual. Entered in GDFM app live draft; nominating manager was not recorded,710,61,144,0.4166666666666667,26,2,25,584,84,84,500,19,654.0,34.42,139,WR56,2026-08-30,1.0,10.88,12.88,-14.12,14.12,False,"2023,2024,2025"
gdfm,2026,manual::manual_gdpfm_2026::2026,62,62,Tyler Shough,12545,QB,2,team_2,Jaylen H.,3,auction_sale,1.0,1.0,App modeled market value: 1.0; app do-not-exceed: 1; recorded at: 2026-08-30 02:42:32; source: manual. Entered in GDFM app live draft; nominating manager was not recorded,711,62,144,0.4236111111111111,52,7,46,559,83,83,476,13,513.0,39.46,130,QB20,2026-08-30,1.0,15.77,20.3,12.77,12.77,True,"2023,2024,2025"
gdfm,2026,manual::manual_gdpfm_2026::2026,63,63,Hunter Henry,3214,TE,6,team_6,Justin S.,1,auction_sale,1.027017922524803,1.0,App modeled market value: 1.027017922524803; app do-not-exceed: 1; recorded at: 2026-08-30 02:44:52; source: manual. Entered in GDFM app live draft; nominating manager was not recorded,712,63,144,0.4305555555555556,84,9,76,556,82,82,474,9,187.0,20.78,145,TE17,2026-08-30,1.0,14.66,19.87,13.66,13.66,True,"2023,2024,2025"
gdfm,2026,manual::manual_gdpfm_2026::2026,64,64,Minnesota Vikings,MIN,DEF,11,team_11,Tara C.,1,auction_sale,1.1720581474623588,1.0,App modeled market value: 1.1720581474623588; app do-not-exceed: 1; recorded at: 2026-08-30 02:49:17; source: manual. Entered in GDFM app live draft; nominating manager was not recorded,713,64,144,0.4375,1,1,1,555,81,81,474,2,11.0,5.5,207,DST10,2026-08-30,1.0,1.0,1.0,0.0,0.0,True,"2023,2024,2025"
gdfm,2026,manual::manual_gdpfm_2026::2026,65,65,Woody Marks,12474,RB,9,team_9,Allen S.,33,auction_sale,1.0758280756248442,1.0,App modeled market value: 1.0758280756248442; app do-not-exceed: 1; recorded at: 2026-08-30 02:50:35; source: manual. Entered in GDFM app live draft; nominating manager was not recorded,714,65,144,0.4444444444444444,132,9,124,554,80,80,474,15,621.0,41.4,129,RB43,2026-08-30,1.0,26.09,33.05,-6.91,6.91,True,"2023,2024,2025"
gdfm,2026,manual::manual_gdpfm_2026::2026,66,66,Isaiah Likely,8131,TE,12,team_12,Ernest C.,12,auction_sale,1.0137805428315942,1.0,App modeled market value: 1.0137805428315942; app do-not-exceed: 1; recorded at: 2026-08-30 02:52:06; source: manual. Entered in GDFM app live draft; nominating manager was not recorded,715,66,144,0.4513888888888889,56,5,52,521,79,79,442,10,188.0,18.8,117,TE13,2026-08-30,1.0,14.56,21.82,2.56,2.56,True,"2023,2024,2025"
gdfm,2026,manual::manual_gdpfm_2026::2026,67,67,Sean Tucker,9506,RB,7,team_7,Mike S.,1,auction_sale,1.0852702118573065,1.0,App modeled market value: 1.0852702118573065; app do-not-exceed: 1; recorded at: 2026-08-30 02:53:49; source: manual. Entered in GDFM app live draft; nominating manager was not recorded,716,67,144,0.4583333333333333,50,6,45,509,78,78,431,16,654.0,40.88,188,RB62,2026-08-30,1.0,13.5,23.54,12.5,12.5,True,"2023,2024,2025"
gdfm,2026,manual::manual_gdpfm_2026::2026,68,68,Keenan Allen,1479,WR,5,team_5,Stephen M.,2,auction_sale,1.103852457186248,1.0,App modeled market value: 1.103852457186248; app do-not-exceed: 1; recorded at: 2026-08-30 02:54:41; source: manual. Entered in GDFM app live draft; nominating manager was not recorded,717,68,144,0.4652777777777778,23,7,17,508,77,77,431,20,679.0,33.95,183,WR73,2026-08-30,1.0,7.19,9.29,5.19,5.19,True,"2023,2024,2025"
gdfm,2026,manual::manual_gdpfm_2026::2026,70,70,Los Angeles Rams,LAR,DEF,5,team_5,Stephen M.,8,auction_sale,1.1560450360594092,1.0,App modeled market value: 1.1560450360594092; app do-not-exceed: 1; recorded at: 2026-08-30 02:57:34; source: manual. Entered in GDFM app live draft; nominating manager was not recorded,719,70,144,0.4791666666666667,21,6,16,502,75,75,427,3,12.0,4.0,192,DST3,2026-08-30,1.0,6.56,8.26,-1.44,1.44,True,"2023,2024,2025"
gdfm,2026,manual::manual_gdpfm_2026::2026,71,71,Ray Davis,11575,RB,8,team_8,Steve S.,16,auction_sale,1.084333591656601,1.0,App modeled market value: 1.084333591656601; app do-not-exceed: 1; recorded at: 2026-08-30 02:59:03; source: manual. Entered in GDFM app live draft; nominating manager was not recorded,720,71,144,0.4861111111111111,34,8,27,494,74,74,420,17,655.0,38.53,167,RB58,2026-08-30,1.0,10.86,15.73,-5.14,5.14,False,"2023,2024,2025"
gdfm,2026,manual::manual_gdpfm_2026::2026,72,72,Kayshon Boutte,9504,WR,2,team_2,Jaylen H.,10,auction_sale,1.1000091830401362,1.0,App modeled market value: 1.1000091830401362; app do-not-exceed: 1; recorded at: 2026-08-30 03:01:54; source: manual. Entered in GDFM app live draft; nominating manager was not recorded,721,72,144,0.4930555555555556,49,6,44,478,73,73,405,22,685.0,31.14,163,WR62,2026-08-30,1.0,10.86,21.15,0.86,0.86,True,"2023,2024,2025"
gdfm,2026,manual::manual_gdpfm_2026::2026,73,73,Jalen McMillan,11618,WR,4,team_4,Ryan M.,6,auction_sale,1.1038504656923276,1.0,App modeled market value: 1.1038504656923276; app do-not-exceed: 1; recorded at: 2026-08-30 03:03:48; source: manual. Entered in GDFM app live draft; nominating manager was not recorded,722,73,144,0.5,67,8,60,468,72,72,396,23,695.0,30.22,162,WR61,2026-08-30,1.0,10.96,20.23,4.96,4.96,True,"2023,2024,2025"
gdfm,2026,manual::manual_gdpfm_2026::2026,74,74,Cameron Dicker,8259,K,6,team_6,Justin S.,1,auction_sale,1.1440672677665202,1.0,App modeled market value: 1.1440672677665202; app do-not-exceed: 1; recorded at: 2026-08-30 03:06:56; source: manual. Entered in GDFM app live draft; nominating manager was not recorded,723,74,144,0.5069444444444444,83,8,76,462,71,71,391,2,8.0,4.0,206,K2,2026-08-30,1.0,5.58,19.94,4.58,4.58,True,"2023,2024,2025"
gdfm,2026,manual::manual_gdpfm_2026::2026,75,75,Isiah Pacheco,8205,RB,8,team_8,Steve S.,10,auction_sale,1.0845522583059226,1.0,App modeled market value: 1.0845522583059226; app do-not-exceed: 1; recorded at: 2026-08-30 03:08:03; source: manual. Entered in GDFM app live draft; nominating manager was not recorded,724,75,144,0.5138888888888888,18,7,12,461,70,70,391,18,671.0,37.28,148,RB52,2026-08-30,1.0,4.96,8.36,-5.04,5.04,False,"2023,2024,2025"
gdfm,2026,manual::manual_gdpfm_2026::2026,76,76,Oronde Gadsden,12493,TE,8,team_8,Steve S.,3,auction_sale,1.0167405304448964,1.0,App modeled market value: 1.0167405304448964; app do-not-exceed: 1; recorded at: 2026-08-30 03:09:49; source: manual. Entered in GDFM app live draft; nominating manager was not recorded,725,76,144,0.5208333333333334,8,6,3,451,69,69,382,11,200.0,18.18,184,TE25,2026-08-30,1.0,2.01,2.77,-0.99,0.99,False,"2023,2024,2025"
gdfm,2026,manual::manual_gdpfm_2026::2026,77,77,Elic Ayomanor,12499,WR,8,team_8,Steve S.,1,auction_sale,1.0,1.0,App modeled market value: 1.0; app do-not-exceed: 1; recorded at: 2026-08-30 03:12:31; source: manual. Entered in GDFM app live draft; nominating manager was not recorded,726,77,144,0.5277777777777778,5,5,1,448,68,68,380,24,701.0,29.21,270,WR94,2026-08-30,1.0,1.0,1.0,0.0,0.0,True,"2023,2024,2025"
gdfm,2026,manual::manual_gdpfm_2026::2026,78,78,Jaydon Blue,12457,RB,2,team_2,Jaylen H.,4,auction_sale,1.0878503869556757,1.0,App modeled market value: 1.0878503869556757; app do-not-exceed: 1; recorded at: 2026-08-30 03:13:31; source: manual. Entered in GDFM app live draft; nominating manager was not recorded,727,78,144,0.5347222222222222,39,5,35,447,67,67,380,19,681.0,35.84,195,RB63,2026-08-30,1.0,6.35,20.14,2.35,2.35,True,"2023,2024,2025"
gdfm,2026,manual::manual_gdpfm_2026::2026,79,79,Calvin Ridley,4981,WR,4,team_4,Ryan M.,2,auction_sale,1.101838831321751,1.0,App modeled market value: 1.101838831321751; app do-not-exceed: 1; recorded at: 2026-08-30 03:14:42; source: manual. Entered in GDFM app live draft; nominating manager was not recorded,728,79,144,0.5416666666666666,61,7,55,443,66,66,377,25,702.0,28.08,179,WR71,2026-08-30,1.0,7.68,20.23,5.68,5.68,True,"2023,2024,2025"
gdfm,2026,manual::manual_gdpfm_2026::2026,80,80,De'Zhaun Stribling,13417,WR,6,team_6,Justin S.,53,auction_sale,1.1026533206222175,1.0,App modeled market value: 1.1026533206222175; app do-not-exceed: 1; recorded at: 2026-08-30 03:17:20; source: manual. Entered in GDFM app live draft; nominating manager was not recorded,729,80,144,0.5486111111111112,82,7,76,441,65,65,376,26,704.0,27.08,144,WR57,2026-08-30,1.0,9.92,19.94,-43.08,43.08,False,"2023,2024,2025"
gdfm,2026,manual::manual_gdpfm_2026::2026,81,81,Cooper Kupp,4039,WR,12,team_12,Ernest C.,1,auction_sale,1.1174291116049626,1.0,App modeled market value: 1.1174291116049626; app do-not-exceed: 1; recorded at: 2026-08-30 03:18:35; source: manual. Entered in GDFM app live draft; nominating manager was not recorded,730,81,144,0.5555555555555556,40,3,38,388,64,64,324,27,757.0,28.04,201,WR76,2026-08-30,1.0,5.29,19.91,4.29,4.29,True,"2023,2024,2025"
gdfm,2026,manual::manual_gdpfm_2026::2026,82,82,Adonai Mitchell,11625,WR,3,team_3,Troy L.,1,auction_sale,1.1177995722556795,1.0,App modeled market value: 1.1177995722556795; app do-not-exceed: 1; recorded at: 2026-08-30 03:19:49; source: manual. Entered in GDFM app live draft; nominating manager was not recorded,731,82,144,0.5625,43,6,38,387,63,63,324,28,758.0,27.07,158,WR59,2026-08-30,1.0,8.28,18.99,7.28,7.28,True,"2023,2024,2025"
gdfm,2026,manual::manual_gdpfm_2026::2026,83,83,Terrance Ferguson,12487,TE,9,team_9,Allen S.,2,auction_sale,1.000068431060124,1.0,App modeled market value: 1.000068431060124; app do-not-exceed: 1; recorded at: 2026-08-30 03:20:52; source: manual. Entered in GDFM app live draft; nominating manager was not recorded,732,83,144,0.5694444444444444,99,8,92,386,62,62,324,12,203.0,16.92,170,TE21,2026-08-30,1.0,6.8,27.48,4.8,4.8,True,"2023,2024,2025"
gdfm,2026,manual::manual_gdpfm_2026::2026,84,84,Jordan Love,6804,QB,6,team_6,Justin S.,7,auction_sale,1.0,1.0,App modeled market value: 1.0; app do-not-exceed: 1; recorded at: 2026-08-30 03:22:48; source: manual. Entered in GDFM app live draft; nominating manager was not recorded,733,84,144,0.5763888888888888,29,6,24,384,61,61,323,14,516.0,36.86,119,QB18,2026-08-30,1.0,7.86,10.26,0.86,0.86,True,"2023,2024,2025"
gdfm,2026,manual::manual_gdpfm_2026::2026,85,85,Kyler Murray,5849,QB,4,team_4,Ryan M.,12,auction_sale,1.0,1.0,App modeled market value: 1.0; app do-not-exceed: 1; recorded at: 2026-08-30 03:23:43; source: manual. Entered in GDFM app live draft; nominating manager was not recorded,734,85,144,0.5833333333333334,59,6,54,377,60,60,317,15,523.0,34.87,120,QB19,2026-08-30,1.0,10.05,21.03,-1.95,1.95,True,"2023,2024,2025"
gdfm,2026,manual::manual_gdpfm_2026::2026,86,86,Chimere Dike,12540,WR,2,team_2,Jaylen H.,2,auction_sale,1.0,1.0,App modeled market value: 1.0; app do-not-exceed: 1; recorded at: 2026-08-30 03:25:54; source: manual. Entered in GDFM app live draft; nominating manager was not recorded,735,86,144,0.5902777777777778,35,4,32,365,59,59,306,29,759.0,26.17,274,WR96,2026-08-30,1.0,4.22,16.35,2.22,2.22,True,"2023,2024,2025"
gdfm,2026,manual::manual_gdpfm_2026::2026,87,87,Bo Nix,11563,QB,8,team_8,Steve S.,1,auction_sale,1.0,1.0,App modeled market value: 1.0; app do-not-exceed: 1; recorded at: 2026-08-30 03:28:48; source: manual. Entered in GDFM app live draft; nominating manager was not recorded,736,87,144,0.5972222222222222,4,4,1,363,58,58,305,16,535.0,33.44,97,QB13,2026-08-30,1.0,1.0,1.0,0.0,0.0,True,"2023,2024,2025"
gdfm,2026,manual::manual_gdpfm_2026::2026,88,88,Jason Myers,2747,K,9,team_9,Allen S.,2,auction_sale,1.1175260730519352,1.0,App modeled market value: 1.1175260730519352; app do-not-exceed: 1; recorded at: 2026-08-30 03:29:50; source: manual. Entered in GDFM app live draft; nominating manager was not recorded,737,88,144,0.6041666666666666,97,7,91,362,57,57,305,3,9.0,3.0,221,K5,2026-08-30,1.0,5.54,27.04,3.54,3.54,True,"2023,2024,2025"
gdfm,2026,manual::manual_gdpfm_2026::2026,89,89,Tyjae Spears,9508,RB,4,team_4,Ryan M.,3,auction_sale,1.0689676704471154,1.0,App modeled market value: 1.0689676704471154; app do-not-exceed: 1; recorded at: 2026-08-30 03:32:00; source: manual. Entered in GDFM app live draft; nominating manager was not recorded,738,89,144,0.6111111111111112,47,5,43,360,56,56,304,20,685.0,34.25,134,RB45,2026-08-30,1.0,10.33,23.1,7.33,7.33,True,"2023,2024,2025"
gdfm,2026,manual::manual_gdpfm_2026::2026,90,90,Caleb Douglas,13296,WR,12,team_12,Ernest C.,5,auction_sale,1.0,1.0,App modeled market value: 1.0; app do-not-exceed: 1; recorded at: 2026-08-30 03:35:30; source: manual. Entered in GDFM app live draft; nominating manager was not recorded,739,90,144,0.6180555555555556,39,2,38,357,55,55,302,30,761.0,25.37,272,WR95,2026-08-30,1.0,4.28,19.14,-0.72,0.72,True,"2023,2024,2025"
gdfm,2026,manual::manual_gdpfm_2026::2026,91,91,Jalen Nailor,8180,WR,3,team_3,Troy L.,3,auction_sale,1.117338442541717,1.0,App modeled market value: 1.117338442541717; app do-not-exceed: 1; recorded at: 2026-08-30 03:36:42; source: manual. Entered in GDFM app live draft; nominating manager was not recorded,740,91,144,0.625,42,5,38,352,54,54,298,31,766.0,24.71,177,WR69,2026-08-30,1.0,6.71,19.14,3.71,3.71,True,"2023,2024,2025"
gdfm,2026,manual::manual_gdpfm_2026::2026,92,92,Xavier Worthy,11624,WR,9,team_9,Allen S.,22,auction_sale,1.1177140688388985,1.0,App modeled market value: 1.1177140688388985; app do-not-exceed: 1; recorded at: 2026-08-30 03:39:09; source: manual. Entered in GDFM app live draft; nominating manager was not recorded,741,92,144,0.6319444444444444,95,6,90,349,53,53,296,32,769.0,24.03,124,WR49,2026-08-30,1.0,8.88,27.19,-13.12,13.12,True,"2023,2024,2025"
gdfm,2026,manual::manual_gdpfm_2026::2026,93,93,T.J. Hockenson,5844,TE,6,team_6,Justin S.,2,auction_sale,1.00104707896276,1.0,App modeled market value: 1.00104707896276; app do-not-exceed: 1; recorded at: 2026-08-30 03:40:02; source: manual. Entered in GDFM app live draft; nominating manager was not recorded,742,93,144,0.6388888888888888,22,5,18,327,52,52,275,13,205.0,15.77,175,TE23,2026-08-30,1.0,3.96,7.21,1.96,1.96,True,"2023,2024,2025"
gdfm,2026,manual::manual_gdpfm_2026::2026,94,94,Ryan Flournoy,11783,WR,2,team_2,Jaylen H.,1,auction_sale,1.117553368299279,1.0,App modeled market value: 1.117553368299279; app do-not-exceed: 1; recorded at: 2026-08-30 03:40:53; source: manual. Entered in GDFM app live draft; nominating manager was not recorded,743,94,144,0.6458333333333334,33,3,31,325,51,51,274,33,791.0,23.97,171,WR67,2026-08-30,1.0,5.43,15.64,4.43,4.43,True,"2023,2024,2025"
gdfm,2026,manual::manual_gdpfm_2026::2026,95,95,David Njoku,4033,TE,4,team_4,Ryan M.,2,auction_sale,1.0,1.0,App modeled market value: 1.0; app do-not-exceed: 1; recorded at: 2026-08-30 03:41:39; source: manual. Entered in GDFM app live draft; nominating manager was not recorded,744,95,144,0.6527777777777778,44,4,41,324,50,50,274,14,207.0,14.79,233,TE29,2026-08-30,1.0,4.22,19.31,2.22,2.22,True,"2023,2024,2025"
gdfm,2026,manual::manual_gdpfm_2026::2026,96,96,Tank Bigsby,9225,RB,3,team_3,Troy L.,15,auction_sale,1.0712488322314304,1.0,App modeled market value: 1.0712488322314304; app do-not-exceed: 1; recorded at: 2026-08-30 03:43:02; source: manual. Entered in GDFM app live draft; nominating manager was not recorded,745,96,144,0.6597222222222222,39,4,36,322,49,49,273,21,688.0,32.76,142,RB49,2026-08-30,1.0,8.45,22.15,-6.55,6.55,True,"2023,2024,2025"
gdfm,2026,manual::manual_gdpfm_2026::2026,97,97,James Conner,4137,RB,5,team_5,Stephen M.,1,auction_sale,1.0759708352340474,1.0,App modeled market value: 1.0759708352340474; app do-not-exceed: 1; recorded at: 2026-08-30 03:43:48; source: manual. Entered in GDFM app live draft; nominating manager was not recorded,746,97,144,0.6666666666666666,13,5,9,307,48,48,259,22,703.0,31.95,217,RB66,2026-08-30,1.0,3.84,7.59,2.84,2.84,True,"2023,2024,2025"
gdfm,2026,manual::manual_gdpfm_2026::2026,98,98,Malachi Fields,13285,WR,7,team_7,Mike S.,45,auction_sale,1.0,1.0,App modeled market value: 1.0; app do-not-exceed: 1; recorded at: 2026-08-30 03:44:47; source: manual. Entered in GDFM app live draft; nominating manager was not recorded,747,98,144,0.6736111111111112,49,5,45,306,47,47,259,34,792.0,23.29,245,WR87,2026-08-30,1.0,5.39,19.46,-39.61,39.61,False,"2023,2024,2025"
gdfm,2026,manual::manual_gdpfm_2026::2026,99,99,Tank Dell,9502,WR,6,team_6,Justin S.,3,auction_sale,1.1110972560429113,1.0,App modeled market value: 1.1110972560429113; app do-not-exceed: 1; recorded at: 2026-08-30 03:45:35; source: manual. Entered in GDFM app live draft; nominating manager was not recorded,748,99,144,0.6805555555555556,20,4,17,261,46,46,215,35,837.0,23.91,219,WR80,2026-08-30,1.0,3.81,7.35,0.81,0.81,True,"2023,2024,2025"
gdfm,2026,manual::manual_gdpfm_2026::2026,100,100,Justice Hill,5995,RB,10,team_10,Mike C.,1,auction_sale,1.0,1.0,App modeled market value: 1.0; app do-not-exceed: 1; recorded at: 2026-08-30 03:47:04; source: manual. Entered in GDFM app live draft; nominating manager was not recorded,749,100,144,0.6875,8,8,1,258,45,45,213,23,704.0,30.61,229,RB70,2026-08-30,1.0,1.0,1.0,0.0,0.0,True,"2023,2024,2025"
gdfm,2026,manual::manual_gdpfm_2026::2026,101,101,Keaton Mitchell,9511,RB,9,team_9,Allen S.,23,auction_sale,1.0767341621592643,1.0,App modeled market value: 1.0767341621592643; app do-not-exceed: 1; recorded at: 2026-08-30 03:48:28; source: manual. Entered in GDFM app live draft; nominating manager was not recorded,750,101,144,0.6944444444444444,73,5,69,257,44,44,213,24,705.0,29.38,137,RB47,2026-08-30,1.0,10.12,22.74,-12.88,12.88,False,"2023,2024,2025"
gdfm,2026,manual::manual_gdpfm_2026::2026,102,102,Troy Franklin,11627,WR,3,team_3,Troy L.,1,auction_sale,1.0,1.0,App modeled market value: 1.0; app do-not-exceed: 1; recorded at: 2026-08-30 03:50:30; source: manual. Entered in GDFM app live draft; nominating manager was not recorded,751,102,144,0.7013888888888888,24,3,22,234,43,43,191,36,840.0,23.33,232,WR82,2026-08-30,1.0,4.12,8.15,3.12,3.12,True,"2023,2024,2025"
gdfm,2026,manual::manual_gdpfm_2026::2026,103,103,Keon Coleman,11637,WR,2,team_2,Jaylen H.,1,auction_sale,1.0,1.0,App modeled market value: 1.0; app do-not-exceed: 1; recorded at: 2026-08-30 03:52:10; source: manual. Entered in GDFM app live draft; nominating manager was not recorded,752,103,144,0.7083333333333334,32,2,31,233,42,42,191,37,841.0,22.73,241,WR86,2026-08-30,1.0,4.17,15.96,3.17,3.17,True,"2023,2024,2025"
gdfm,2026,manual::manual_gdpfm_2026::2026,104,104,Darren Waller,2505,TE,6,team_6,Justin S.,1,auction_sale,1.0,1.0,App modeled market value: 1.0; app do-not-exceed: 1; recorded at: 2026-08-30 03:53:02; source: manual. Entered in GDFM app live draft; nominating manager was not recorded,753,104,144,0.7152777777777778,17,3,15,232,41,41,191,15,209.0,13.93,316,TE38,2026-08-30,1.0,3.81,7.21,2.81,2.81,True,"2023,2024,2025"
gdfm,2026,manual::manual_gdpfm_2026::2026,105,105,Ronnie Rivers,8195,RB,5,team_5,Stephen M.,1,auction_sale,1.0,1.0,App modeled market value: 1.0; app do-not-exceed: 1; recorded at: 2026-08-30 03:55:06; source: manual. Entered in GDFM app live draft; nominating manager was not recorded,754,105,144,0.7222222222222222,12,4,9,231,40,40,191,25,728.0,29.12,447,RB120,2026-08-30,1.0,3.6,7.32,2.6,2.6,True,"2023,2024,2025"
gdfm,2026,manual::manual_gdpfm_2026::2026,106,106,Tyquan Thornton,8188,WR,1,team_1,Brandon C.,1,auction_sale,1.0,1.0,App modeled market value: 1.0; app do-not-exceed: 1; recorded at: 2026-08-30 03:56:19; source: manual. Entered in GDFM app live draft; nominating manager was not recorded,755,106,144,0.7291666666666666,9,9,1,230,39,39,191,38,842.0,22.16,262,WR92,2026-08-30,1.0,1.0,1.0,0.0,0.0,True,"2023,2024,2025"
gdfm,2026,manual::manual_gdpfm_2026::2026,107,107,Ja'Kobi Lane,13293,WR,9,team_9,Allen S.,1,auction_sale,1.0,1.0,App modeled market value: 1.0; app do-not-exceed: 1; recorded at: 2026-08-30 03:58:48; source: manual. Entered in GDFM app live draft; nominating manager was not recorded,756,107,144,0.7361111111111112,50,4,47,229,38,38,191,39,843.0,21.62,259,WR90,2026-08-30,1.0,4.22,18.69,3.22,3.22,True,"2023,2024,2025"
gdfm,2026,manual::manual_gdpfm_2026::2026,108,108,Tyreek Hill,3321,WR,4,team_4,Ryan M.,1,auction_sale,1.0,1.0,App modeled market value: 1.0; app do-not-exceed: 1; recorded at: 2026-08-30 04:00:47; source: manual. Entered in GDFM app live draft; nominating manager was not recorded,757,108,144,0.7430555555555556,42,3,40,228,37,37,191,40,844.0,21.1,322,WR111,2026-08-30,1.0,4.22,18.57,3.22,3.22,True,"2023,2024,2025"
gdfm,2026,manual::manual_gdpfm_2026::2026,109,109,Tyler Allgeier,8132,RB,9,team_9,Allen S.,25,auction_sale,1.0868164163499447,1.0,App modeled market value: 1.0868164163499447; app do-not-exceed: 1; recorded at: 2026-08-30 04:01:42; source: manual. Entered in GDFM app live draft; nominating manager was not recorded,758,109,144,0.75,49,3,47,227,36,36,191,26,729.0,28.04,131,RB44,2026-08-30,1.0,8.6,21.29,-16.4,16.4,False,"2023,2024,2025"
gdfm,2026,manual::manual_gdpfm_2026::2026,110,110,Dontayvion Wicks,9486,WR,9,team_9,Allen S.,1,auction_sale,1.0937785505717028,1.0,App modeled market value: 1.0937785505717028; app do-not-exceed: 1; recorded at: 2026-08-30 04:02:32; source: manual. Entered in GDFM app live draft; nominating manager was not recorded,759,110,144,0.7569444444444444,24,2,23,202,35,35,167,41,845.0,20.61,168,WR65,2026-08-30,1.0,4.92,7.13,3.92,3.92,True,"2023,2024,2025"
gdfm,2026,manual::manual_gdpfm_2026::2026,111,111,Malik Washington,11610,WR,3,team_3,Troy L.,13,auction_sale,1.0942840696552791,1.0,App modeled market value: 1.0942840696552791; app do-not-exceed: 1; recorded at: 2026-08-30 04:06:35; source: manual. Entered in GDFM app live draft; nominating manager was not recorded,760,111,144,0.7638888888888888,23,2,22,201,34,34,167,42,846.0,20.14,181,WR72,2026-08-30,1.0,4.92,7.06,-8.08,8.08,False,"2023,2024,2025"
gdfm,2026,manual::manual_gdpfm_2026::2026,112,112,Jaylen Wright,11643,RB,6,team_6,Justin S.,4,auction_sale,1.0,1.0,App modeled market value: 1.0; app do-not-exceed: 1; recorded at: 2026-08-30 04:07:58; source: manual. Entered in GDFM app live draft; nominating manager was not recorded,761,112,144,0.7708333333333334,16,2,15,188,33,33,155,27,754.0,27.93,222,RB68,2026-08-30,1.0,3.85,6.89,-0.15,0.15,True,"2023,2024,2025"
gdfm,2026,manual::manual_gdpfm_2026::2026,113,113,Dean Connors,13315,RB,5,team_5,Stephen M.,1,auction_sale,1.0,1.0,App modeled market value: 1.0; app do-not-exceed: 1; recorded at: 2026-08-30 04:08:52; source: manual. Entered in GDFM app live draft; nominating manager was not recorded,762,113,144,0.7777777777777778,11,3,9,184,32,32,152,28,758.0,27.07,687,RB170,2026-08-30,1.0,2.99,5.65,1.99,1.99,True,"2023,2024,2025"
gdfm,2026,manual::manual_gdpfm_2026::2026,114,114,Audric Estime,11579,RB,1,team_1,Brandon C.,1,auction_sale,1.0,1.0,App modeled market value: 1.0; app do-not-exceed: 1; recorded at: 2026-08-30 04:10:00; source: manual. Entered in GDFM app live draft; nominating manager was not recorded,763,114,144,0.7847222222222222,8,8,1,183,31,31,152,29,759.0,26.17,310,RB96,2026-08-30,1.0,1.0,1.0,0.0,0.0,True,"2023,2024,2025"
gdfm,2026,manual::manual_gdpfm_2026::2026,115,115,Jack Bech,12483,WR,8,team_8,Steve S.,1,auction_sale,1.0,1.0,App modeled market value: 1.0; app do-not-exceed: 1; recorded at: 2026-08-30 04:11:19; source: manual. Entered in GDFM app live draft; nominating manager was not recorded,764,115,144,0.7916666666666666,3,3,1,182,30,30,152,43,859.0,19.98,248,WR88,2026-08-30,1.0,1.0,1.0,0.0,0.0,True,"2023,2024,2025"
gdfm,2026,manual::manual_gdpfm_2026::2026,116,116,Antonio Williams,13301,WR,12,team_12,Ernest C.,19,auction_sale,1.0,1.0,App modeled market value: 1.0; app do-not-exceed: 1; recorded at: 2026-08-30 04:14:54; source: manual. Entered in GDFM app live draft; nominating manager was not recorded,765,116,144,0.7986111111111112,34,1,34,181,29,29,152,44,860.0,19.55,250,WR89,2026-08-30,1.0,7.67,15.85,-11.33,11.33,False,"2023,2024,2025"
gdfm,2026,manual::manual_gdpfm_2026::2026,117,117,Kaelon Black,13414,RB,3,team_3,Troy L.,1,auction_sale,1.0,1.0,App modeled market value: 1.0; app do-not-exceed: 1; recorded at: 2026-08-30 04:15:46; source: manual. Entered in GDFM app live draft; nominating manager was not recorded,766,117,144,0.8055555555555556,10,1,10,162,28,28,134,30,760.0,25.33,228,RB69,2026-08-30,1.0,2.77,5.65,1.77,1.77,True,"2023,2024,2025"
gdfm,2026,manual::manual_gdpfm_2026::2026,118,118,Chris Rodriguez,10219,RB,10,team_10,Mike C.,1,auction_sale,1.0907552906442008,0.0,App modeled market value: 1.0907552906442008; app do-not-exceed: 0; recorded at: 2026-08-30 04:17:07; source: manual. Entered in GDFM app live draft; nominating manager was not recorded,767,118,144,0.8125,7,7,1,161,27,27,134,31,761.0,24.55,122,RB42,2026-08-30,1.0,1.0,1.0,0.0,0.0,True,"2023,2024,2025"
gdfm,2026,manual::manual_gdpfm_2026::2026,119,119,Kimani Vidal,11647,RB,1,team_1,Brandon C.,1,auction_sale,1.0913666937398165,0.0,App modeled market value: 1.0913666937398165; app do-not-exceed: 0; recorded at: 2026-08-30 04:19:48; source: manual. Entered in GDFM app live draft; nominating manager was not recorded,768,119,144,0.8194444444444444,7,7,1,160,26,26,134,32,762.0,23.81,176,RB59,2026-08-30,1.0,1.0,1.0,0.0,0.0,True,"2023,2024,2025"
gdfm,2026,manual::manual_gdpfm_2026::2026,120,120,Ka'imi Fairbairn,3451,K,7,team_7,Mike S.,1,auction_sale,,,Manually completed after draft; confirmed $1 sale. Original entry: Kiami Fairbairn. App recommendation snapshot unavailable.,769,120,144,0.8263888888888888,4,4,1,159,25,25,134,4,11.0,2.75,209,K3,2026-08-30,1.0,1.0,1.0,0.0,0.0,True,"2023,2024,2025"
gdfm,2026,manual::manual_gdpfm_2026::2026,121,121,Ty Johnson,6039,RB,10,team_10,Mike C.,1,auction_sale,,,Manually completed after draft; confirmed $1 sale. Original entry: Ty Johnson. App recommendation snapshot unavailable.,770,121,144,0.8333333333333334,6,6,1,158,24,24,134,33,763.0,23.12,263,RB79,2026-08-30,1.0,1.0,1.0,0.0,0.0,True,"2023,2024,2025"
gdfm,2026,manual::manual_gdpfm_2026::2026,122,122,Isaac TeSlaa,12535,WR,1,team_1,Brandon C.,1,auction_sale,,,Manually completed after draft; confirmed $1 sale. Original entry: Isaac Teslaa. App recommendation snapshot unavailable.,771,122,144,0.8402777777777778,6,6,1,157,23,23,134,45,879.0,19.53,218,WR79,2026-08-30,1.0,1.0,1.0,0.0,0.0,True,"2023,2024,2025"
gdfm,2026,manual::manual_gdpfm_2026::2026,123,123,Harrison Mevis,12015,K,10,team_10,Mike C.,1,auction_sale,,,Manually completed after draft; confirmed $1 sale. Original entry: Harrison Mevis. App recommendation snapshot unavailable.,772,123,144,0.8472222222222222,5,5,1,156,22,22,134,5,12.0,2.4,227,K9,2026-08-30,1.0,1.0,1.0,0.0,0.0,True,"2023,2024,2025"
gdfm,2026,manual::manual_gdpfm_2026::2026,124,124,Skyler Bell,13402,WR,1,team_1,Brandon C.,1,auction_sale,,,Manually completed after draft; confirmed $1 sale. Original entry: Skyler Bell. App recommendation snapshot unavailable.,773,124,144,0.8541666666666666,5,5,1,155,21,21,134,46,880.0,19.13,311,WR107,2026-08-30,1.0,1.0,1.0,0.0,0.0,True,"2023,2024,2025"
gdfm,2026,manual::manual_gdpfm_2026::2026,125,125,Pittsburgh Steelers,PIT,DEF,10,team_10,Mike C.,1,auction_sale,,,Manually completed after draft; confirmed $1 sale. Original entry: Pittsburgh. App recommendation snapshot unavailable.,774,125,144,0.8611111111111112,4,4,1,154,20,20,134,4,20.0,5.0,199,DST8,2026-08-30,1.0,1.0,1.0,0.0,0.0,True,"2023,2024,2025"
gdfm,2026,manual::manual_gdpfm_2026::2026,126,126,Ollie Gordon,12495,RB,1,team_1,Brandon C.,1,auction_sale,,,Manually completed after draft; confirmed $1 sale. Original entry: Ollie Gordon. App recommendation snapshot unavailable.,775,126,144,0.8680555555555556,4,4,1,153,19,19,134,34,764.0,22.47,258,RB78,2026-08-30,1.0,1.0,1.0,0.0,0.0,True,"2023,2024,2025"
gdfm,2026,manual::manual_gdpfm_2026::2026,127,127,Gunnar Helm,12502,TE,10,team_10,Mike C.,1,auction_sale,,,Manually completed after draft; confirmed $1 sale. Original entry: Gunnar Helm. App recommendation snapshot unavailable.,776,127,144,0.875,3,3,1,152,18,18,134,16,210.0,13.12,194,TE26,2026-08-30,1.0,1.0,1.0,0.0,0.0,True,"2023,2024,2025"
gdfm,2026,manual::manual_gdpfm_2026::2026,128,128,DJ Giddens,12471,RB,1,team_1,Brandon C.,1,auction_sale,,,Manually completed after draft; confirmed $1 sale. Original entry: DJ Giddens. App recommendation snapshot unavailable.,777,128,144,0.8819444444444444,3,3,1,151,17,17,134,35,765.0,21.86,271,RB81,2026-08-30,1.0,1.0,1.0,0.0,0.0,True,"2023,2024,2025"
gdfm,2026,manual::manual_gdpfm_2026::2026,129,129,Dalton Schultz,5001,TE,10,team_10,Mike C.,1,auction_sale,,,Manually completed after draft; confirmed $1 sale. Original entry: Dalton Schultz. App recommendation snapshot unavailable.,778,129,144,0.8888888888888888,2,2,1,150,16,16,134,17,211.0,12.41,149,TE18,2026-08-30,1.0,1.0,1.0,0.0,0.0,True,"2023,2024,2025"
gdfm,2026,manual::manual_gdpfm_2026::2026,130,130,Tory Horton,12497,WR,1,team_1,Brandon C.,1,auction_sale,,,Manually completed after draft; confirmed $1 sale. Original entry: Tory Holton. App recommendation snapshot unavailable.,779,130,144,0.8958333333333334,2,2,1,149,15,15,134,47,881.0,18.74,269,WR93,2026-08-30,1.0,1.0,1.0,0.0,0.0,True,"2023,2024,2025"
gdfm,2026,manual::manual_gdpfm_2026::2026,131,131,Jaydn Ott,13419,RB,10,team_10,Mike C.,1,auction_sale,,,Manually completed after draft; confirmed $1 sale. Original entry: Jadyn Ott. App recommendation snapshot unavailable.,780,131,144,0.9027777777777778,1,1,1,148,14,14,134,36,766.0,21.28,559,RB147,2026-08-30,1.0,1.0,1.0,0.0,0.0,True,"2023,2024,2025"
gdfm,2026,manual::manual_gdpfm_2026::2026,132,132,Trevor Etienne,12531,RB,1,team_1,Brandon C.,1,auction_sale,,,Manually completed after draft; confirmed $1 sale. Original entry: Trevor Etienne. App recommendation snapshot unavailable.,781,132,144,0.9097222222222222,1,1,1,147,13,13,134,37,767.0,20.73,297,RB89,2026-08-30,1.0,1.0,1.0,0.0,0.0,True,"2023,2024,2025"
gdfm,2026,manual::manual_gdpfm_2026::2026,133,133,Chris Brooks,11370,RB,8,team_8,Steve S.,1,auction_sale,,,Manually completed after draft; confirmed $1 sale. Original entry: Chris Brooks. App recommendation snapshot unavailable.,782,133,144,0.9166666666666666,2,2,1,146,12,12,134,38,768.0,20.21,253,RB75,2026-08-30,1.0,1.0,1.0,0.0,0.0,True,"2023,2024,2025"
gdfm,2026,manual::manual_gdpfm_2026::2026,134,134,Zachariah Branch,13320,WR,2,team_2,Jaylen H.,1,auction_sale,,,Manually completed after draft; confirmed $1 sale. Original entry: Zachariah Branch. App recommendation snapshot unavailable.,783,134,144,0.9236111111111112,31,1,31,145,11,11,134,48,882.0,18.38,235,WR83,2026-08-30,1.0,7.67,14.99,6.67,6.67,True,"2023,2024,2025"
gdfm,2026,manual::manual_gdpfm_2026::2026,135,135,Dylan Sampson,12469,RB,7,team_7,Mike S.,1,auction_sale,,,Manually completed after draft; confirmed $1 sale. Original entry: Dylan Sampson. App recommendation snapshot unavailable.,784,135,144,0.9305555555555556,3,3,1,144,10,10,134,39,769.0,19.72,146,RB50,2026-08-30,1.0,1.0,1.0,0.0,0.0,True,"2023,2024,2025"
gdfm,2026,manual::manual_gdpfm_2026::2026,136,136,Jacksonville Jaguars,JAX,DEF,7,team_7,Mike S.,1,auction_sale,,,Manually completed after draft; confirmed $1 sale. Original entry: Jacksonville. App recommendation snapshot unavailable.,785,136,144,0.9375,2,2,1,143,9,9,134,5,21.0,4.2,196,DST5,2026-08-30,1.0,1.0,1.0,0.0,0.0,True,"2023,2024,2025"
